id,family,round,rep,seed,variant,exact_training,sampled_regret,expected_regret,expected_best_regret,success_probability,optimal,effective_support,selection_noise_penalty,objective_evaluations,objective_shots,final_shots,total_shots,true_gain,gain_regret,expected_best_gain,problem
fresh_amplitude_damping_00,amplitude_damping,1,0,8401,baseline,False,0.0682009828345215,0.11013922418635677,0.0655691491459653,0.0,False,19.315907622582497,0.00039367644827992265,25,3200,256,3456,10.562982419092032,0.6139400819240954,10.586522041887557,data/problems/fresh_amplitude_damping_00_rep0_r1.npz
fresh_amplitude_damping_00,amplitude_damping,1,0,8401,dicke,False,0.00266007448076516,0.1710245384957024,0.0037316416539367515,0.5388307926285776,False,344.93486257435893,0.02814832840358461,20,2560,256,2816,11.153097901830657,0.02382459918547042,11.143415754685668,data/problems/fresh_amplitude_damping_00_rep0_r1.npz
fresh_amplitude_damping_00,amplitude_damping,1,0,8419,baseline,False,0.012873508165128176,0.1534445002225959,0.013752768559855934,8.282227378364482e-07,False,55.89964347339407,0.01926859247957413,25,3200,256,3456,11.060542144485389,0.11638035653073864,11.053198062162377,data/problems/fresh_amplitude_damping_00_rep0_r1.npz
fresh_amplitude_damping_00,amplitude_damping,1,0,8419,dicke,False,0.011550287591751312,0.1759129099798314,0.006080565362762759,0.41148122059364367,False,248.8142195684742,0.0591773744539843,19,2432,256,2688,11.071625644936352,0.10529685607977513,11.122384263014144,data/problems/fresh_amplitude_damping_00_rep0_r1.npz
fresh_amplitude_damping_00,amplitude_damping,1,0,8433,baseline,False,0.011109105129625436,0.1040551262127421,0.012060233744214556,0.0,False,8.908295910536642,0.010646398384183353,21,2688,256,2944,11.077921383118998,0.09900111789712973,11.068553276999598,data/problems/fresh_amplitude_damping_00_rep0_r1.npz
fresh_amplitude_damping_00,amplitude_damping,1,0,8433,dicke,False,0.0,0.10812529032259185,0.0005270438533637793,0.8966393508835172,True,272.0103619262163,0.017009489356905938,25,3200,256,3456,11.176922501016127,0.0,11.172201432523703,data/problems/fresh_amplitude_damping_00_rep0_r1.npz
fresh_amplitude_damping_00,amplitude_damping,2,0,8401,baseline,False,0.02169789940214776,0.3005077408063161,0.026261718463271737,0.0,False,26.172866344900655,0.07291506310487827,24,3072,256,3328,9.082134058409936,0.17470145261218661,9.062164991002923,data/problems/fresh_amplitude_damping_00_rep0_r2.npz
fresh_amplitude_damping_00,amplitude_damping,2,0,8401,dicke,False,0.006911796501404405,0.31031607059345984,0.003694491288486003,0.5207074886826815,False,301.1497729476557,0.03305842708651374,21,2688,256,2944,9.082964188739709,0.1738713222824142,9.074730958208407,data/problems/fresh_amplitude_damping_00_rep0_r2.npz
fresh_amplitude_damping_00,amplitude_damping,2,0,8419,baseline,False,0.009565234675177274,0.1950540511799078,0.052023325816672766,0.006962696309182115,False,18.460114317583507,0.002508607145451869,22,2816,256,3072,8.940358919506238,0.3164765915158849,8.856763040161614,data/problems/fresh_amplitude_damping_00_rep0_r2.npz
fresh_amplitude_damping_00,amplitude_damping,2,0,8419,dicke,False,0.0,0.30320891341784173,0.004451054277104821,0.5050875546095352,True,363.99990644358655,0.02740652568630697,24,3072,256,3328,9.069510801779586,0.18732470924253697,9.060271806447135,data/problems/fresh_amplitude_damping_00_rep0_r2.npz
fresh_amplitude_damping_00,amplitude_damping,2,0,8433,baseline,False,0.0,0.16914001263975648,9.053080974349567e-06,0.9990495284858851,True,10.171578616565318,0.003176755180327895,26,3328,256,3584,9.069510801779586,0.18732470924253697,9.069390110461411,data/problems/fresh_amplitude_damping_00_rep0_r2.npz
fresh_amplitude_damping_00,amplitude_damping,2,0,8433,dicke,False,0.0,0.24077100485747294,0.0021992775773582132,0.7189039846695519,True,321.89367443813745,0.007920986778781725,17,2176,256,2432,9.069510801779586,0.18732470924253697,9.065809812045668,data/problems/fresh_amplitude_damping_00_rep0_r2.npz
fresh_amplitude_damping_00,amplitude_damping,1,1,8401,baseline,False,0.020051094970884187,0.1495223774719303,0.03356032088458584,0.00047736332283776495,False,43.15806715709638,0.03415328676857077,23,2944,256,3200,12.145689016150781,0.19897714929715526,12.011794684423231,data/problems/fresh_amplitude_damping_00_rep1_r1.npz
fresh_amplitude_damping_00,amplitude_damping,1,1,8401,dicke,False,0.0,0.22494678694080944,0.0007916698219780526,0.46530132932742907,True,342.02117329824125,0.0024213748337631458,18,2304,256,2560,12.344666165447936,0.0,12.33680351144209,data/problems/fresh_amplitude_damping_00_rep1_r1.npz
fresh_amplitude_damping_00,amplitude_damping,1,1,8419,baseline,False,0.03547518013734465,0.19147254853952583,0.035500075029062106,0.0,False,28.0622988986196,0.04068812511822939,20,2560,256,2816,11.992825574082453,0.35184059136548385,11.992578498084931,data/problems/fresh_amplitude_damping_00_rep1_r1.npz
fresh_amplitude_damping_00,amplitude_damping,1,1,8419,dicke,False,0.0,0.23530218857137467,0.0010228016016517738,0.213638053005612,True,261.4294694658073,0.03380697894227991,20,2560,256,2816,12.344666165447936,0.0,12.334510299482888,data/problems/fresh_amplitude_damping_00_rep1_r1.npz
fresh_amplitude_damping_00,amplitude_damping,1,1,8433,baseline,False,0.12481097515298341,0.2674929439617045,0.11262279300021145,0.0,False,6.8041370747021315,0.019966088958301764,21,2688,256,2944,11.106543471873076,1.2381226935748604,11.227815596683755,data/problems/fresh_amplitude_damping_00_rep1_r1.npz
fresh_amplitude_damping_00,amplitude_damping,1,1,8433,dicke,False,0.0005245462580250281,0.22023484186119238,0.001209246646875936,0.5729789394748791,False,270.06608045948065,0.03508813331891236,21,2688,256,2944,12.339464699943246,0.005201465504690361,12.33264566710032,data/problems/fresh_amplitude_damping_00_rep1_r1.npz
fresh_amplitude_damping_00,amplitude_damping,2,1,8401,baseline,False,0.005766279498912388,0.19294355203035568,0.022872539065263646,0.0,False,77.66429504773716,0.03481798509774514,23,2944,256,3200,10.816975262777628,0.050457508390501005,10.667343042396475,data/problems/fresh_amplitude_damping_00_rep1_r2.npz
fresh_amplitude_damping_00,amplitude_damping,2,1,8401,dicke,False,0.00024867162628858773,0.1970000113176884,0.00023639238928474895,0.8558912589384433,False,250.41975043280823,0.14661852330531938,17,2176,256,2432,10.865266729906155,0.002166041261974172,10.865365668036054,data/problems/fresh_amplitude_damping_00_rep1_r2.npz
fresh_amplitude_damping_00,amplitude_damping,2,1,8419,baseline,False,0.00024867162628858773,0.16294513108918718,0.004675231913026605,0.05961656753147171,False,12.441196287185322,0.04004608174311078,19,2432,256,2688,10.865266729906155,0.002166041261974172,10.826524416296687,data/problems/fresh_amplitude_damping_00_rep1_r2.npz
fresh_amplitude_damping_00,amplitude_damping,2,1,8419,dicke,False,0.0,0.17142560568491289,0.00018896967551289306,0.7736816198757364,True,256.6395419772808,0.000542203280440634,28,3584,256,3840,10.86743277116813,0.0,10.865781320900194,data/problems/fresh_amplitude_damping_00_rep1_r2.npz
fresh_amplitude_damping_00,amplitude_damping,2,1,8433,baseline,False,0.02885355899107512,0.23717487164843398,0.0069665450145703954,0.003763460954965936,False,19.421136104849136,0.1898200087485853,20,2560,256,2816,10.614997538066383,0.2524352331017461,10.80648167817477,data/problems/fresh_amplitude_damping_00_rep1_r2.npz
fresh_amplitude_damping_00,amplitude_damping,2,1,8433,dicke,False,0.0,0.3050383914454336,0.005999096753308951,0.2546033941857051,True,250.78267314576908,0.23111450853310012,22,2816,256,3072,10.86743277116813,0.0,10.814949905907772,data/problems/fresh_amplitude_damping_00_rep1_r2.npz
fresh_amplitude_damping_01,amplitude_damping,1,0,8401,baseline,False,0.027050096869793958,0.11815713284862805,0.027042068244121104,0.0,False,11.209694369025305,0.006669265443258077,23,2944,256,3200,11.762129708177502,0.2679872059889892,11.762208527572469,data/problems/fresh_amplitude_damping_01_rep0_r1.npz
fresh_amplitude_damping_01,amplitude_damping,1,0,8401,dicke,False,0.0,0.13678113032431777,0.0006614852970868356,0.7537902643501659,True,249.57822429185302,0.021890174154396425,22,2816,256,3072,12.030116914166491,0.0,12.023550701582638,data/problems/fresh_amplitude_damping_01_rep0_r1.npz
fresh_amplitude_damping_01,amplitude_damping,1,0,8419,baseline,False,0.033292668257494246,0.19606588533361108,0.035134007461629244,0.0,False,19.704716772714903,0.020797333122258177,19,2432,256,2688,11.699898007042213,0.33021890712427826,11.681706747691921,data/problems/fresh_amplitude_damping_01_rep0_r1.npz
fresh_amplitude_damping_01,amplitude_damping,1,0,8419,dicke,False,0.010724835346193565,0.13904585270175882,0.0009073030419507935,0.6999140536317966,False,257.42537984879914,0.021316319784344007,19,2432,256,2688,11.92381427904713,0.106302635119361,12.021112040391555,data/problems/fresh_amplitude_damping_01_rep0_r1.npz
fresh_amplitude_damping_01,amplitude_damping,1,0,8433,baseline,False,0.03216935580023001,0.14911569880474257,0.03682083009127367,0.0,False,24.965915121534735,0.023061168445760893,19,2432,256,2688,11.711210808486149,0.31890610568034283,11.665107529284604,data/problems/fresh_amplitude_damping_01_rep0_r1.npz
fresh_amplitude_damping_01,amplitude_damping,1,0,8433,dicke,False,0.0,0.23549451606627117,0.0027003216292764923,0.6480633025888299,True,304.2223837539286,0.00674979560495137,21,2688,256,2944,12.030116914166491,0.0,12.003342349342901,data/problems/fresh_amplitude_damping_01_rep0_r1.npz
fresh_amplitude_damping_01,amplitude_damping,2,0,8401,baseline,False,0.01823075177306527,0.18463384576344372,0.017993401451858224,0.007833092163010535,False,27.381824968589285,0.03329467352489024,23,2944,256,3200,9.67093122100915,0.13996535769975615,9.672766170758912,data/problems/fresh_amplitude_damping_01_rep0_r2.npz
fresh_amplitude_damping_01,amplitude_damping,2,0,8401,dicke,False,0.0008917539493591014,0.1875794376331162,0.003077946685483078,0.542953479486338,False,309.25054614778367,0.037206307651536985,23,2944,256,3200,9.804322735011993,0.006573843696912718,9.787281011736845,data/problems/fresh_amplitude_damping_01_rep0_r2.npz
fresh_amplitude_damping_01,amplitude_damping,2,0,8419,baseline,False,0.014936206874876309,0.19671689422587813,0.006937602767392463,0.025265547723853143,False,49.08712544821179,0.020514994038714374,19,2432,256,2688,9.69597435152327,0.1149222271856356,9.757676362746862,data/problems/fresh_amplitude_damping_01_rep0_r2.npz
fresh_amplitude_damping_01,amplitude_damping,2,0,8419,dicke,False,0.014936206874876309,0.2628501264728329,0.006030529685377274,0.40333023847820626,False,292.04389993725783,0.14643799504442123,19,2432,256,2688,9.69597435152327,0.1149222271856356,9.764561771876807,data/problems/fresh_amplitude_damping_01_rep0_r2.npz
fresh_amplitude_damping_01,amplitude_damping,2,0,8433,baseline,False,0.0008917539493591014,0.1888772398310545,0.013428160752501831,0.009900582891302911,False,25.595838227603284,0.010387448842470226,20,2560,256,2816,9.804322735011993,0.006573843696912718,9.707706681439772,data/problems/fresh_amplitude_damping_01_rep0_r2.npz
fresh_amplitude_damping_01,amplitude_damping,2,0,8433,dicke,False,0.014001427057839045,0.25903862563503904,0.003961413978283567,0.3812562081848506,False,267.91777305933255,0.02237320811650978,22,2816,256,3072,9.703086786675739,0.10780979203316754,9.780525703162322,data/problems/fresh_amplitude_damping_01_rep0_r2.npz
fresh_amplitude_damping_01,amplitude_damping,1,1,8401,baseline,False,0.023689090044271006,0.21233462355139968,0.02866616474353391,0.0,False,40.408407458785874,0.008877401800679419,19,2432,256,2688,10.537419951366932,0.20480579256210163,10.494321374268008,data/problems/fresh_amplitude_damping_01_rep1_r1.npz
fresh_amplitude_damping_01,amplitude_damping,1,1,8401,dicke,False,0.0,0.2771898984855787,0.006095331778938305,0.6268762296422206,True,235.98900220551855,0.20549278954697137,19,2432,256,2688,10.742225743929033,0.0,10.68950247989449,data/problems/fresh_amplitude_damping_01_rep1_r1.npz
fresh_amplitude_damping_01,amplitude_damping,1,1,8419,baseline,False,0.04405598404982764,0.23733256625537952,0.03990473913359695,0.0013188239878710872,False,31.304364407975466,0.020776053363694924,23,2944,256,3200,10.361169533289214,0.3810562106398194,10.39705974185284,data/problems/fresh_amplitude_damping_01_rep1_r1.npz
fresh_amplitude_damping_01,amplitude_damping,1,1,8419,dicke,False,0.0,0.17471833133357864,0.002682377971302851,0.7493366373174963,True,266.462712527744,0.07856008176915319,25,3200,256,3456,10.742225743929033,0.0,10.719030925906837,data/problems/fresh_amplitude_damping_01_rep1_r1.npz
fresh_amplitude_damping_01,amplitude_damping,1,1,8433,baseline,False,0.016934596412403757,0.16911301124323536,0.017441686408241567,0.0,False,21.80325907667687,0.00844386364794314,21,2688,256,2944,10.595748316761355,0.1464774271676781,10.591350548233741,data/problems/fresh_amplitude_damping_01_rep1_r1.npz
fresh_amplitude_damping_01,amplitude_damping,1,1,8433,dicke,False,0.00812193728280204,0.25753507556980854,0.007706975238661287,0.4219807009212102,False,288.0855072014453,0.03684568992374704,20,2560,256,2816,10.672012524666012,0.07021321926302093,10.675570510462478,data/problems/fresh_amplitude_damping_01_rep1_r1.npz
fresh_amplitude_damping_01,amplitude_damping,2,1,8401,baseline,False,0.02664541935970006,0.24417124926196795,0.02683969877150981,0.0,False,63.845542793163446,0.03774070997148771,19,2432,256,2688,7.707112004637481,0.1480990212080462,7.703676357757318,data/problems/fresh_amplitude_damping_01_rep1_r2.npz
fresh_amplitude_damping_01,amplitude_damping,2,1,8401,dicke,False,1.0260869810874805e-05,0.24229211949074297,0.004170302537481412,0.4427240093175019,False,358.6115979965164,0.0016161707326062258,22,2816,256,3072,7.855211025845527,0.0,7.829165753867716,data/problems/fresh_amplitude_damping_01_rep1_r2.npz
fresh_amplitude_damping_01,amplitude_damping,2,1,8419,baseline,False,0.0,0.17531630758573674,9.236464788049095e-07,0.9985839907329228,True,44.11990033354621,0.0175782303855887,24,3072,256,3328,7.851937764833863,0.0032732610116639194,7.851936976159685,data/problems/fresh_amplitude_damping_01_rep1_r2.npz
fresh_amplitude_damping_01,amplitude_damping,2,1,8419,dicke,False,0.0,0.15508229880581942,0.00030450714249422576,0.8371941055084682,True,292.1743217110367,0.008676898932948651,22,2816,256,3072,7.851937764833863,0.0032732610116639194,7.850659826745122,data/problems/fresh_amplitude_damping_01_rep1_r2.npz
fresh_amplitude_damping_01,amplitude_damping,2,1,8433,baseline,False,0.029096443561129885,0.17003220198470506,0.02898551399252782,0.0,False,28.329682278461746,0.03338108720907029,21,2688,256,2944,7.663572087563437,0.19163893828209044,7.679596568859276,data/problems/fresh_amplitude_damping_01_rep1_r2.npz
fresh_amplitude_damping_01,amplitude_damping,2,1,8433,dicke,False,0.016022849477178018,0.24891598982354352,0.0053877608194719,0.6917012274713525,False,249.15892376956768,0.0909522807057479,21,2688,256,2944,7.758073731840761,0.09713729400476634,7.821033050731154,data/problems/fresh_amplitude_damping_01_rep1_r2.npz
fresh_amplitude_damping_02,amplitude_damping,1,0,8401,baseline,False,0.001597188998230272,0.16268911769946912,0.015191070081121213,0.05765670409447177,False,38.628853685579635,0.013003113144438583,22,2816,256,3072,9.562161562291122,0.009772940752606374,9.479095392079175,data/problems/fresh_amplitude_damping_02_rep0_r1.npz
fresh_amplitude_damping_02,amplitude_damping,1,0,8401,dicke,False,0.003946895318513097,0.2223305437671348,0.0017110677243949426,0.49719312255139414,False,357.4169031394804,0.004239730003343656,22,2816,256,3072,9.54725629424885,0.02467820879487803,9.561417303016793,data/problems/fresh_amplitude_damping_02_rep0_r1.npz
fresh_amplitude_damping_02,amplitude_damping,1,0,8419,baseline,False,0.021142601976449005,0.11672627122324465,0.018264692889926076,0.0,False,23.53064856849482,0.004400549844691959,19,2432,256,2688,9.442852485388144,0.12908201765558402,9.460409409513906,data/problems/fresh_amplitude_damping_02_rep0_r1.npz
fresh_amplitude_damping_02,amplitude_damping,1,0,8419,dicke,False,0.001597188998230272,0.219439186562694,0.0019851290343908326,0.41680665506985026,False,290.4233347308876,0.005302019269316727,18,2304,256,2560,9.562161562291122,0.009772940752606374,9.559775305961601,data/problems/fresh_amplitude_damping_02_rep0_r1.npz
fresh_amplitude_damping_02,amplitude_damping,1,0,8433,baseline,False,0.001597188998230272,0.11577470596220019,0.0047137260261741485,0.0,False,29.070980836539356,0.010146592020531475,21,2688,256,2944,9.562161562291122,0.009772940752606374,9.543115191814579,data/problems/fresh_amplitude_damping_02_rep0_r1.npz
fresh_amplitude_damping_02,amplitude_damping,1,0,8433,dicke,False,0.0052641101976123586,0.13337832702827396,0.0010276542682024735,0.5705128582699637,False,284.6187521658043,0.029245805256836732,22,2816,256,3072,9.539751673597262,0.03218282944646589,9.56561269522947,data/problems/fresh_amplitude_damping_02_rep0_r1.npz
fresh_amplitude_damping_02,amplitude_damping,2,0,8401,baseline,False,0.022024017725122115,0.23784301385458662,0.021709483417547182,0.0,False,24.25736503613882,0.012364715344539423,21,2688,256,2944,9.140789003107987,0.15938372417785018,9.143051032785532,data/problems/fresh_amplitude_damping_02_rep0_r2.npz
fresh_amplitude_damping_02,amplitude_damping,2,0,8401,dicke,False,0.0,0.19570376761533476,0.0005190261980196703,0.8884200686944764,True,267.48041003770925,0.0012437043622962607,19,2432,256,2688,9.300172727285837,0.0,9.296416893952031,data/problems/fresh_amplitude_damping_02_rep0_r2.npz
fresh_amplitude_damping_02,amplitude_damping,2,0,8419,baseline,False,0.08212731290400803,0.29572486335662557,0.07389012416910273,0.0,False,12.156784131947626,0.008154989539050972,19,2432,256,2688,8.705850072741152,0.5943226545446851,8.765396496659914,data/problems/fresh_amplitude_damping_02_rep0_r2.npz
fresh_amplitude_damping_02,amplitude_damping,2,0,8419,dicke,False,0.0,0.3131354577099963,0.004081878396756937,0.48542859270076655,True,361.47439303301854,0.005489083390343513,18,2304,256,2560,9.300172727285837,0.0,9.270635953799921,data/problems/fresh_amplitude_damping_02_rep0_r2.npz
fresh_amplitude_damping_02,amplitude_damping,2,0,8433,baseline,False,0.07094896595026229,0.2540677998979167,0.06349912499616313,2.8406077490217285e-09,False,42.48608191655914,0.0008287414555911976,30,3840,256,4096,8.786776456449616,0.5133962708362212,8.84067237421564,data/problems/fresh_amplitude_damping_02_rep0_r2.npz
fresh_amplitude_damping_02,amplitude_damping,2,0,8433,dicke,False,0.0040063543445345694,0.3163579023799419,0.0037332532996516973,0.5736918072093926,False,349.09561386893614,0.03576678523067692,19,2432,256,2688,9.271179415374597,0.028993311911239772,9.273160167910063,data/problems/fresh_amplitude_damping_02_rep0_r2.npz
fresh_amplitude_damping_02,amplitude_damping,1,1,8401,baseline,False,0.0304606720404098,0.14168394569924203,0.030417256740699762,0.0,False,40.04830914280946,0.04258900983098446,23,2944,256,3200,9.916135678683625,0.23231424388331767,9.916433350551392,data/problems/fresh_amplitude_damping_02_rep1_r1.npz
fresh_amplitude_damping_02,amplitude_damping,1,1,8401,dicke,False,0.0,0.12947884952482372,0.0009194866486354303,0.8527452638000993,True,275.0915046949225,0.003279370962683714,24,3072,256,3328,10.148449922566943,0.0,10.141432576930868,data/problems/fresh_amplitude_damping_02_rep1_r1.npz
fresh_amplitude_damping_02,amplitude_damping,1,1,8419,baseline,False,0.01918525980941851,0.1683556892472199,0.007514763326012074,0.25980718453339136,False,132.99180162250286,0.023458244438726794,22,2816,256,3072,10.002137178233902,0.14631274433304142,10.091141969976603,data/problems/fresh_amplitude_damping_02_rep1_r1.npz
fresh_amplitude_damping_02,amplitude_damping,1,1,8419,dicke,False,0.00558504758366436,0.13451924995750092,0.001212038716394272,0.8057952985064015,False,271.4360201779629,0.0182697362665607,25,3200,256,3456,10.105806859719388,0.0426430628475547,10.139199799523377,data/problems/fresh_amplitude_damping_02_rep1_r1.npz
fresh_amplitude_damping_02,amplitude_damping,1,1,8433,baseline,False,0.0617755039102027,0.2110684959394324,0.05949184608153511,0.0,False,20.33747503307335,0.04699503450542597,25,3200,256,3456,9.67728260529218,0.47116731727476235,9.694699878405434,data/problems/fresh_amplitude_damping_02_rep1_r1.npz
fresh_amplitude_damping_02,amplitude_damping,1,1,8433,dicke,False,0.0,0.21480388471058387,0.0038127180650650077,0.5026854522254363,True,312.3760766212447,0.006535675714601119,24,3072,256,3328,10.148449922566943,0.0,10.119355739713175,data/problems/fresh_amplitude_damping_02_rep1_r1.npz
fresh_amplitude_damping_02,amplitude_damping,2,1,8401,baseline,False,0.0630862502315237,0.31349193696370564,0.056557250809119886,0.0,False,70.8757102800525,0.07250860046839525,21,2688,256,2944,8.24057719144102,0.4197100311341657,8.284058061960888,data/problems/fresh_amplitude_damping_02_rep1_r2.npz
fresh_amplitude_damping_02,amplitude_damping,2,1,8401,dicke,False,0.0037188397505186544,0.2787095282159867,0.0030473883052511645,0.4213024783818764,False,273.0683472894411,0.04993932744696128,19,2432,256,2688,8.635543159039313,0.024744063535871774,8.640019967494329,data/problems/fresh_amplitude_damping_02_rep1_r2.npz
fresh_amplitude_damping_02,amplitude_damping,2,1,8419,baseline,False,0.006149825975956326,0.23874285521324484,0.006260160978597868,0.0630350972262097,False,76.2254147333375,0.14995913542269146,22,2816,256,3072,8.619388754283653,0.0408984682915321,8.61865207505088,data/problems/fresh_amplitude_damping_02_rep1_r2.npz
fresh_amplitude_damping_02,amplitude_damping,2,1,8419,dicke,False,0.0024299842053354024,0.27592890897797956,0.0021102735308112753,0.49964239240627917,False,344.2991978338469,0.12227075450683111,18,2304,256,2560,8.644146594183665,0.016140628391520195,8.646259187959501,data/problems/fresh_amplitude_damping_02_rep1_r2.npz
fresh_amplitude_damping_02,amplitude_damping,2,1,8433,baseline,False,0.04170252842790643,0.26376451847937255,0.03111238780786803,0.0,False,82.53030025496163,0.22159477421885865,19,2432,256,2688,8.382890167687194,0.2773970548879916,8.453351011677213,data/problems/fresh_amplitude_damping_02_rep1_r2.npz
fresh_amplitude_damping_02,amplitude_damping,2,1,8433,dicke,False,0.0024299842053354024,0.28459195934639275,0.004703666452333289,0.3436004493663466,False,292.1582349274904,0.005245849567856897,18,2304,256,2560,8.644146594183665,0.016140628391520195,8.629019031469742,data/problems/fresh_amplitude_damping_02_rep1_r2.npz
fresh_amplitude_damping_03,amplitude_damping,1,0,8401,baseline,False,0.0982929325319527,0.32156310603185284,0.10170316678297812,0.0,False,12.93624406379239,0.012921321648305617,21,2688,256,2944,9.378425143516742,0.7810159222834194,9.352874006408474,data/problems/fresh_amplitude_damping_03_rep0_r1.npz
fresh_amplitude_damping_03,amplitude_damping,1,0,8401,dicke,False,0.01325940831517466,0.27179872492308305,0.002156211015017222,0.7367770586036918,False,249.71768171865617,0.03786867365154445,22,2816,256,3072,10.054113257802209,0.10532780799795205,10.14234789342042,data/problems/fresh_amplitude_damping_03_rep0_r1.npz
fresh_amplitude_damping_03,amplitude_damping,1,0,8419,baseline,False,0.050546573823901285,0.26121554581840195,0.05346356867039391,0.0,False,68.20151242421323,0.2589892185979142,19,2432,256,2688,9.757135971955767,0.4023050938443937,9.73484610917624,data/problems/fresh_amplitude_damping_03_rep0_r1.npz
fresh_amplitude_damping_03,amplitude_damping,1,0,8419,dicke,False,0.002604567063880183,0.20856846364791784,0.0017615860154246742,0.5789480692016722,False,321.61802860924877,0.03642948244387301,23,2944,256,3200,10.138750856591258,0.020690209208902743,10.145451286163887,data/problems/fresh_amplitude_damping_03_rep0_r1.npz
fresh_amplitude_damping_03,amplitude_damping,1,0,8433,baseline,False,0.10845463966514199,0.333385235934929,0.09651202606731804,0.0,False,20.444162264195825,0.037301901695586226,20,2560,256,2816,9.298016749076956,0.8614243167232054,9.392933355056046,data/problems/fresh_amplitude_damping_03_rep0_r1.npz
fresh_amplitude_damping_03,amplitude_damping,1,0,8433,dicke,False,0.002604567063880183,0.17766387823215551,0.0011484153889117785,0.6782233443186829,False,279.4543806696646,0.029179856615236546,21,2688,256,2944,10.138750856591258,0.020690209208902743,10.150319735621153,data/problems/fresh_amplitude_damping_03_rep0_r1.npz
fresh_amplitude_damping_03,amplitude_damping,2,0,8401,baseline,False,0.0,0.13730585040015775,0.002992578666959225,0.03731490804841253,True,56.42449252017549,0.008011798217443467,22,2816,256,3072,7.357147716400529,0.0,7.341254195044082,data/problems/fresh_amplitude_damping_03_rep0_r2.npz
fresh_amplitude_damping_03,amplitude_damping,2,0,8401,dicke,False,0.0008983384250302734,0.22451641325382715,0.001581288873061209,0.43530048411104216,False,339.5350304054277,0.11027773987861655,21,2688,256,2944,7.352470951191725,0.004676765208803779,7.34876972137409,data/problems/fresh_amplitude_damping_03_rep0_r2.npz
fresh_amplitude_damping_03,amplitude_damping,2,0,8419,baseline,False,0.007594943659346134,0.1531314032732552,0.008650699046947517,0.0,False,24.05965266118953,0.09216851136767712,24,3072,256,3328,7.316868040422875,0.04027967597765336,7.3113453383474765,data/problems/fresh_amplitude_damping_03_rep0_r2.npz
fresh_amplitude_damping_03,amplitude_damping,2,0,8419,dicke,False,0.0,0.11971950841328818,0.00047878278150852274,0.7173552503866334,True,244.6851811069296,0.008455257322458998,23,2944,256,3200,7.357147716400529,0.0,7.354622410647313,data/problems/fresh_amplitude_damping_03_rep0_r2.npz
fresh_amplitude_damping_03,amplitude_damping,2,0,8433,baseline,False,0.007594943659346134,0.22124467933453376,0.011313123135466101,0.0,False,74.40942001071856,0.028648666581577942,20,2560,256,2816,7.316868040422875,0.04027967597765336,7.2970488262528415,data/problems/fresh_amplitude_damping_03_rep0_r2.npz
fresh_amplitude_damping_03,amplitude_damping,2,0,8433,dicke,False,0.0008983384250302734,0.1818128353400249,0.0005414650769837971,0.664588077018376,False,254.11690785356515,0.24457522329361625,21,2688,256,2944,7.352470951191725,0.004676765208803779,7.354293059071769,data/problems/fresh_amplitude_damping_03_rep0_r2.npz
fresh_amplitude_damping_03,amplitude_damping,1,1,8401,baseline,False,0.0021655325713100665,0.24048181716793715,0.0017325705696429558,0.303916981339038,False,43.69836368547692,0.002763606819949249,26,3328,256,3584,9.552229705723242,0.025009230635506086,9.560685427557592,data/problems/fresh_amplitude_damping_03_rep1_r1.npz
fresh_amplitude_damping_03,amplitude_damping,1,1,8401,dicke,False,0.0,0.15163646952136836,0.0009489137497760787,0.5935532071035405,True,317.7144592668633,0.09326762074713546,23,2944,256,3200,9.577238936358748,0.0,9.566934043510656,data/problems/fresh_amplitude_damping_03_rep1_r1.npz
fresh_amplitude_damping_03,amplitude_damping,1,1,8419,baseline,False,0.0540924326097124,0.1411957457653715,0.05391099115663163,0.0,False,20.588916371868134,0.0011027203850360046,18,2304,256,2560,9.213309539483362,0.3639293968753865,9.21449462679547,data/problems/fresh_amplitude_damping_03_rep1_r1.npz
fresh_amplitude_damping_03,amplitude_damping,1,1,8419,dicke,False,0.0,0.13217981056061245,0.0007986370201640246,0.6554397244335045,True,254.05365576933738,0.04903740589163963,25,3200,256,3456,9.577238936358748,0.0,9.568526473075465,data/problems/fresh_amplitude_damping_03_rep1_r1.npz
fresh_amplitude_damping_03,amplitude_damping,1,1,8433,baseline,False,0.02594725604610532,0.13439084782417784,0.00700397905199732,0.0,False,51.6601658132303,0.003213136346934764,22,2816,256,3072,9.396754477679142,0.18048445867960616,9.52031220994358,data/problems/fresh_amplitude_damping_03_rep1_r1.npz
fresh_amplitude_damping_03,amplitude_damping,1,1,8433,dicke,False,0.0,0.1249672445836418,0.0008040262799121043,0.6438045651297168,True,267.7390996607985,0.006292336545217658,26,3328,256,3584,9.577238936358748,0.0,9.568298013352987,data/problems/fresh_amplitude_damping_03_rep1_r1.npz
fresh_amplitude_damping_03,amplitude_damping,2,1,8401,baseline,False,0.0011056814007456453,0.3051554832574796,0.006785907596743997,0.27865077550148765,False,43.835486185353965,0.03652237356683408,18,2304,256,2560,8.533780213014495,0.011646957614678044,8.502816624468554,data/problems/fresh_amplitude_damping_03_rep1_r2.npz
fresh_amplitude_damping_03,amplitude_damping,2,1,8401,dicke,False,0.0011056814007456453,0.2016984639261702,0.0007592971843881178,0.4868478113555116,False,273.6346133023857,0.005430916487639714,20,2560,256,2816,8.533780213014495,0.011646957614678044,8.538314102164383,data/problems/fresh_amplitude_damping_03_rep1_r2.npz
fresh_amplitude_damping_03,amplitude_damping,2,1,8419,baseline,False,0.04717177103070774,0.24727673128983166,0.07833904183655069,0.0,False,33.42302123597242,0.012347685370222239,22,2816,256,3072,8.25438520342329,0.29104196720588327,8.037209947148016,data/problems/fresh_amplitude_damping_03_rep1_r2.npz
fresh_amplitude_damping_03,amplitude_damping,2,1,8419,dicke,False,0.0011056814007456453,0.18738378859537064,0.0007130300930604468,0.5419128403396253,False,275.17039106099367,0.019611309917990205,23,2944,256,3200,8.533780213014495,0.011646957614678044,8.538874348518048,data/problems/fresh_amplitude_damping_03_rep1_r2.npz
fresh_amplitude_damping_03,amplitude_damping,2,1,8433,baseline,False,0.12809426642140712,0.18781952262626728,0.12514619901629961,0.0,False,8.986215634101258,0.08333652808066305,22,2816,256,3072,7.712892420655018,0.8325347499741556,7.742189959637789,data/problems/fresh_amplitude_damping_03_rep1_r2.npz
fresh_amplitude_damping_03,amplitude_damping,2,1,8433,dicke,False,0.0011056814007456453,0.186894076202202,0.0008430038669144815,0.3844248951527014,False,262.4024781099002,0.029025188072759667,20,2560,256,2816,8.533780213014495,0.011646957614678044,8.537264184515788,data/problems/fresh_amplitude_damping_03_rep1_r2.npz
fresh_amplitude_damping_04,amplitude_damping,1,0,8401,baseline,False,0.03353207298710866,0.24848715251571943,0.03336105067023448,0.0,False,58.557299549058676,0.04139543582666749,18,2304,256,2560,12.467747186814917,0.3557551422332281,12.469673500558276,data/problems/fresh_amplitude_damping_04_rep0_r1.npz
fresh_amplitude_damping_04,amplitude_damping,1,0,8401,dicke,False,0.0,0.20753114809949746,0.0014587556033127482,0.6504215333955571,True,276.123454986108,0.07803909308788581,25,3200,256,3456,12.823502329048145,0.0,12.807782338843005,data/problems/fresh_amplitude_damping_04_rep0_r1.npz
fresh_amplitude_damping_04,amplitude_damping,1,0,8419,baseline,False,0.0,0.09989418900801271,1.1878915015371858e-89,1.0,True,6.913417749074865,0.018633861886788658,22,2816,256,3072,12.823502329048145,0.0,12.823502329048145,data/problems/fresh_amplitude_damping_04_rep0_r1.npz
fresh_amplitude_damping_04,amplitude_damping,1,0,8419,dicke,False,0.0,0.19036102658341303,0.0010754714060820568,0.7418412201469639,True,282.2315663457383,0.019033238841685396,22,2816,256,3072,12.823502329048145,0.0,12.811916369595648,data/problems/fresh_amplitude_damping_04_rep0_r1.npz
fresh_amplitude_damping_04,amplitude_damping,1,0,8433,baseline,False,0.028572093031648156,0.20149142425102493,0.020874242437980212,0.0,False,32.583784737745745,0.015007528931417324,18,2304,256,2560,12.52054504514661,0.3029572839015344,12.602115596093707,data/problems/fresh_amplitude_damping_04_rep0_r1.npz
fresh_amplitude_damping_04,amplitude_damping,1,0,8433,dicke,False,0.0,0.25225753229095726,0.002522308011844442,0.47160402108678645,True,281.18049296288604,0.028370485405037615,22,2816,256,3072,12.823502329048145,0.0,12.796461799330807,data/problems/fresh_amplitude_damping_04_rep0_r1.npz
fresh_amplitude_damping_04,amplitude_damping,2,0,8401,baseline,False,0.00877974329294083,0.18201725148458556,0.0063853045555972284,0.2727230961768071,False,16.363229793382615,0.024672107393877596,23,2944,256,3200,8.765664004282337,0.05649100061550705,8.781070404582689,data/problems/fresh_amplitude_damping_04_rep0_r2.npz
fresh_amplitude_damping_04,amplitude_damping,2,0,8401,dicke,False,0.00877974329294083,0.24741638204993488,0.00831348126983423,0.20783158901275078,False,233.12971540666,0.07576577455147504,24,3072,256,3328,8.765664004282337,0.05649100061550705,8.766983775111896,data/problems/fresh_amplitude_damping_04_rep0_r2.npz
fresh_amplitude_damping_04,amplitude_damping,2,0,8419,baseline,False,0.0,0.24343885555042874,0.000637911482612472,0.9400311764494567,True,23.71524478011654,0.052792779784304855,22,2816,256,3072,8.822155004897844,0.0,8.81786231522411,data/problems/fresh_amplitude_damping_04_rep0_r2.npz
fresh_amplitude_damping_04,amplitude_damping,2,0,8419,dicke,False,0.00877974329294083,0.23530532705513088,0.00820877356507731,0.10806752772200234,False,265.5420599580316,0.0078667557315093,23,2944,256,3200,8.765664004282337,0.05649100061550705,8.768642219790916,data/problems/fresh_amplitude_damping_04_rep0_r2.npz
fresh_amplitude_damping_04,amplitude_damping,2,0,8433,baseline,False,0.04026596845616149,0.23396512487971483,0.032327326925057145,1.5234264170160827e-05,False,60.00428899517611,0.0727844734100036,21,2688,256,2944,8.547525848475228,0.2746291564226162,8.601082548644213,data/problems/fresh_amplitude_damping_04_rep0_r2.npz
fresh_amplitude_damping_04,amplitude_damping,2,0,8433,dicke,False,0.00877974329294083,0.24572951942914495,0.008780606264681006,0.13058723167400543,False,238.9996091052053,0.056336191517894374,20,2560,256,2816,8.765664004282337,0.05649100061550705,8.764065686604283,data/problems/fresh_amplitude_damping_04_rep0_r2.npz
fresh_amplitude_damping_04,amplitude_damping,1,1,8401,baseline,False,0.0,0.15959930411787143,2.8800065364443665e-12,0.9999999990510747,True,21.681657654827674,0.03149577634433087,20,2560,256,2816,12.315267838120294,0.0,12.315267838090888,data/problems/fresh_amplitude_damping_04_rep1_r1.npz
fresh_amplitude_damping_04,amplitude_damping,1,1,8401,dicke,False,0.006232851156404728,0.22951995036443873,0.0029508945358805378,0.44045641033804683,False,234.00352646281314,0.013735477671349638,21,2688,256,2944,12.25182396676542,0.06344387135487395,12.285200647698845,data/problems/fresh_amplitude_damping_04_rep1_r1.npz
fresh_amplitude_damping_04,amplitude_damping,1,1,8419,baseline,False,0.009407330190133012,0.19326580095479742,0.008635149439771636,0.000728693993383045,False,57.29995251659124,0.05056795133742931,19,2432,256,2688,12.219489775361346,0.09577806275894751,12.227481734250839,data/problems/fresh_amplitude_damping_04_rep1_r1.npz
fresh_amplitude_damping_04,amplitude_damping,1,1,8419,dicke,False,0.006232851156404728,0.22159152643071708,0.0010879357913553607,0.6097710428937615,False,271.88698827026735,0.05415476008164699,20,2560,256,2816,12.25182396676542,0.06344387135487395,12.304155428770782,data/problems/fresh_amplitude_damping_04_rep1_r1.npz
fresh_amplitude_damping_04,amplitude_damping,1,1,8433,baseline,False,0.0008128359629027559,0.19841088122250136,0.00823385416136016,0.07043309685154053,False,52.60524700119757,0.05228277021001326,18,2304,256,2560,12.306814175978841,0.008453662141452156,12.231877169707204,data/problems/fresh_amplitude_damping_04_rep1_r1.npz
fresh_amplitude_damping_04,amplitude_damping,1,1,8433,dicke,False,0.0,0.1543367343930943,0.0004148393847443015,0.6797161228359103,True,262.1385375199616,0.029457613299385343,23,2944,256,3200,12.315267838120294,0.0,12.31099098092999,data/problems/fresh_amplitude_damping_04_rep1_r1.npz
fresh_amplitude_damping_04,amplitude_damping,2,1,8401,baseline,False,0.015147122444156225,0.09669317275313694,0.00795522194816986,0.5817334519488482,False,21.008268298496077,0.007452358840687179,20,2560,256,2816,8.45878957825314,0.1031351314874609,8.511606588186954,data/problems/fresh_amplitude_damping_04_rep1_r2.npz
fresh_amplitude_damping_04,amplitude_damping,2,1,8401,dicke,False,0.0,0.20530515450050263,0.0011066853940232715,0.774195093163811,True,287.82433538506126,0.019712919637969506,22,2816,256,3072,8.561924709740602,0.0,8.553537560126813,data/problems/fresh_amplitude_damping_04_rep1_r2.npz
fresh_amplitude_damping_04,amplitude_damping,2,1,8419,baseline,False,0.014111225024284912,0.15048436135752266,0.018056595156233524,0.0,False,26.47637022795543,0.06672055244202735,23,2944,256,3200,8.459283131064964,0.10264157867563739,8.43314739563952,data/problems/fresh_amplitude_damping_04_rep1_r2.npz
fresh_amplitude_damping_04,amplitude_damping,2,1,8419,dicke,False,0.0,0.19882162146244067,0.0037550627029171563,0.5148923999652676,True,334.36468685724725,0.015559512141146037,20,2560,256,2816,8.561924709740602,0.0,8.535259107840485,data/problems/fresh_amplitude_damping_04_rep1_r2.npz
fresh_amplitude_damping_04,amplitude_damping,2,1,8433,baseline,False,0.014111225024284912,0.09522699528706037,0.014120614079304419,0.0,False,12.430976810309073,0.05699175052766092,22,2816,256,3072,8.459283131064964,0.10264157867563739,8.459221578009412,data/problems/fresh_amplitude_damping_04_rep1_r2.npz
fresh_amplitude_damping_04,amplitude_damping,2,1,8433,dicke,False,0.015323543562170803,0.20908602313505117,0.01111433822971821,0.04821609020438966,False,296.6313736224166,0.011810939200159076,22,2816,256,3072,8.456846042571737,0.10507866716886483,8.486119154176546,data/problems/fresh_amplitude_damping_04_rep1_r2.npz
fresh_coherent_rotation_00,coherent_rotation,1,0,8401,baseline,False,0.006339147389331968,0.1951936123993788,0.006317210365845749,0.003473824532783776,False,32.76041854380632,0.02890532450010852,21,2688,256,2944,10.53982737235962,0.007469287584472184,10.539852826096894,data/problems/fresh_coherent_rotation_00_rep0_r1.npz
fresh_coherent_rotation_00,coherent_rotation,1,0,8401,dicke,False,0.006339147389331968,0.24336389907189815,0.001569778015107162,0.8004618507952292,False,259.1089300248999,0.03403131165708473,20,2560,256,2816,10.53982737235962,0.007469287584472184,10.544053520179249,data/problems/fresh_coherent_rotation_00_rep0_r1.npz
fresh_coherent_rotation_00,coherent_rotation,1,0,8419,baseline,False,0.04764207793773496,0.16547191836759628,0.03716836169947832,0.013230912516229543,False,71.07586347231371,0.014822163330478588,22,2816,256,3072,10.304168570538089,0.24312808940600306,10.360757199937435,data/problems/fresh_coherent_rotation_00_rep0_r1.npz
fresh_coherent_rotation_00,coherent_rotation,1,0,8419,dicke,False,0.0,0.17817810468356773,0.0018019224354320954,0.7738495454023566,True,289.5732837670851,0.012369123718845465,23,2944,256,3200,10.547296659944092,0.0,10.543847964490984,data/problems/fresh_coherent_rotation_00_rep0_r1.npz
fresh_coherent_rotation_00,coherent_rotation,1,0,8433,baseline,False,0.15272013474264043,0.255115517454412,0.15434339671441988,0.0,False,12.878558136407587,0.013840269993825594,21,2688,256,2944,9.70587703226624,0.8414196276778512,9.6933767985289,data/problems/fresh_coherent_rotation_00_rep0_r1.npz
fresh_coherent_rotation_00,coherent_rotation,1,0,8433,dicke,False,0.0,0.24319680467397287,0.0075643061894461044,0.460766707731357,True,363.30609686745487,0.0027589920212687247,25,3200,256,3456,10.547296659944092,0.0,10.518993626107402,data/problems/fresh_coherent_rotation_00_rep0_r1.npz
fresh_coherent_rotation_00,coherent_rotation,2,0,8401,baseline,False,0.015817055795942697,0.1857649459632696,0.013847936007094849,0.0,False,19.032018456811915,0.01618363633814135,20,2560,256,2816,8.748621222886772,0.10476580893910459,8.774766375705742,data/problems/fresh_coherent_rotation_00_rep0_r2.npz
fresh_coherent_rotation_00,coherent_rotation,2,0,8401,dicke,False,0.008558838313267383,0.18310834181753496,0.001126946901915523,0.8817777168124349,False,264.0849228040702,0.0008208665883344402,21,2688,256,2944,8.813494162539818,0.039892869286058286,8.847246805048375,data/problems/fresh_coherent_rotation_00_rep0_r2.npz
fresh_coherent_rotation_00,coherent_rotation,2,0,8419,baseline,False,0.09686428486143044,0.40703459885676835,0.08320241837304669,0.0,False,74.55621056866173,0.03023699410836511,22,2816,256,3072,8.238738789945216,0.6146482418806603,8.320962677060168,data/problems/fresh_coherent_rotation_00_rep0_r2.npz
fresh_coherent_rotation_00,coherent_rotation,2,0,8419,dicke,False,0.0,0.21885069726927414,0.0011022717955988346,0.8817486774993883,True,270.4686166846377,0.002344799084504454,21,2688,256,2944,8.853387031825877,0.0,8.847557452256105,data/problems/fresh_coherent_rotation_00_rep0_r2.npz
fresh_coherent_rotation_00,coherent_rotation,2,0,8433,baseline,False,0.04505791272904012,0.26565345525357165,0.04386030247825228,0.0,False,35.29763028220695,0.0053791141517482155,20,2560,256,2816,8.536248896941904,0.31713813488397236,8.546663154721083,data/problems/fresh_coherent_rotation_00_rep0_r2.npz
fresh_coherent_rotation_00,coherent_rotation,2,0,8433,dicke,False,0.0,0.18445549510018502,0.0012455325926888122,0.8685395901444878,True,271.86986737908467,0.008201529158302051,25,3200,256,3456,8.853387031825877,0.0,8.846664907968712,data/problems/fresh_coherent_rotation_00_rep0_r2.npz
fresh_coherent_rotation_00,coherent_rotation,1,1,8401,baseline,False,0.005231624489886986,0.2131503064191468,0.01863801226846097,0.00935766838700125,False,55.200776625487926,0.03959998268095388,21,2688,256,2944,11.476166894457815,0.03767717899805234,11.365992588600621,data/problems/fresh_coherent_rotation_00_rep1_r1.npz
fresh_coherent_rotation_00,coherent_rotation,1,1,8401,dicke,False,0.0,0.18834057691578596,0.000353908465013796,0.828878378184045,True,299.45521980117985,0.029325027013700655,21,2688,256,2944,11.513844073455868,0.0,11.511522507610465,data/problems/fresh_coherent_rotation_00_rep1_r1.npz
fresh_coherent_rotation_00,coherent_rotation,1,1,8419,baseline,False,0.0,0.17072692575325235,0.0003301833631115163,0.5106858746671341,True,14.611699626102329,0.016077219125676834,21,2688,256,2944,11.513844073455868,0.0,11.512983261232401,data/problems/fresh_coherent_rotation_00_rep1_r1.npz
fresh_coherent_rotation_00,coherent_rotation,1,1,8419,dicke,False,0.00483701108691162,0.27194199109667017,0.0020939149650131368,0.40356140420823094,False,313.33742545049927,0.04196017797311713,21,2688,256,2944,11.474390608304395,0.039453465151472855,11.498031124827783,data/problems/fresh_coherent_rotation_00_rep1_r1.npz
fresh_coherent_rotation_00,coherent_rotation,1,1,8433,baseline,False,0.05887874897762504,0.1545570946064683,0.05621673297580228,0.0,False,33.37250104938156,0.015077473131839714,23,2944,256,3200,11.042701782199194,0.4711422912566743,11.063645015941663,data/problems/fresh_coherent_rotation_00_rep1_r1.npz
fresh_coherent_rotation_00,coherent_rotation,1,1,8433,dicke,False,0.0,0.2694325950516969,0.00159338654325577,0.5369919337579896,True,284.8281513259955,0.029623752777633072,21,2688,256,2944,11.513844073455868,0.0,11.502036237200087,data/problems/fresh_coherent_rotation_00_rep1_r1.npz
fresh_coherent_rotation_00,coherent_rotation,2,1,8401,baseline,False,0.07650514492250303,0.2977386856168801,0.07847965558167704,0.0,False,59.156154950533384,0.06446206339166682,20,2560,256,2816,8.563727138928238,0.640575652381262,8.65949629051906,data/problems/fresh_coherent_rotation_00_rep1_r2.npz
fresh_coherent_rotation_00,coherent_rotation,2,1,8401,dicke,False,0.024341150677899166,0.24202846135520675,0.00782420081518524,0.6496723315950732,False,236.78527526220796,0.0505139112375953,19,2432,256,2688,9.085660659263954,0.11864213204554552,9.168696371389023,data/problems/fresh_coherent_rotation_00_rep1_r2.npz
fresh_coherent_rotation_00,coherent_rotation,2,1,8419,baseline,False,0.0,0.15419055622889621,0.0009395039825277843,0.9495441275529405,True,38.86867548286262,0.0026319201579910745,21,2688,256,2944,9.2043027913095,0.0,9.199821720184342,data/problems/fresh_coherent_rotation_00_rep1_r2.npz
fresh_coherent_rotation_00,coherent_rotation,2,1,8419,dicke,False,0.0,0.27949955029352236,0.007813882767557201,0.6286188734028513,True,340.23900513615763,0.055205586902941306,20,2560,256,2816,9.2043027913095,0.0,9.167317976361483,data/problems/fresh_coherent_rotation_00_rep1_r2.npz
fresh_coherent_rotation_00,coherent_rotation,2,1,8433,baseline,False,0.029196801906756026,0.16433585411836063,0.03648385715372288,2.4027269442949972e-06,False,37.41121291093677,0.0024218440924316798,20,2560,256,2816,9.064935582465656,0.13936720884384357,8.99274345835045,data/problems/fresh_coherent_rotation_00_rep1_r2.npz
fresh_coherent_rotation_00,coherent_rotation,2,1,8433,dicke,False,0.0,0.21428440915125077,0.005383312945123375,0.7352757701635488,True,308.85628463601466,0.012317289540193288,24,3072,256,3328,9.2043027913095,0.0,9.178931617429223,data/problems/fresh_coherent_rotation_00_rep1_r2.npz
fresh_coherent_rotation_01,coherent_rotation,1,0,8401,baseline,False,0.0,0.1595018842604532,0.01113606916403663,0.4548143095844198,True,18.564229225118584,0.0013443118159632839,23,2944,256,3200,10.844612400797375,0.0,10.778425233807912,data/problems/fresh_coherent_rotation_01_rep0_r1.npz
fresh_coherent_rotation_01,coherent_rotation,1,0,8401,dicke,False,0.0,0.2295546944963131,0.004289061240472763,0.7690366566067075,True,270.42812428395985,0.024786272318571,20,2560,256,2816,10.844612400797375,0.0,10.819130675779597,data/problems/fresh_coherent_rotation_01_rep0_r1.npz
fresh_coherent_rotation_01,coherent_rotation,1,0,8419,baseline,False,0.01768711276352831,0.12666366426542003,0.019584468229946108,0.00015273727999454145,False,17.45902699800067,0.010982408793797305,21,2688,256,2944,10.739765742843547,0.10484665795382853,10.728707586953306,data/problems/fresh_coherent_rotation_01_rep0_r1.npz
fresh_coherent_rotation_01,coherent_rotation,1,0,8419,dicke,False,0.0,0.22286591714346063,0.003735275730435665,0.7983663611200826,True,265.1282962935094,0.019239148042625054,20,2560,256,2816,10.844612400797375,0.0,10.82242487202766,data/problems/fresh_coherent_rotation_01_rep0_r1.npz
fresh_coherent_rotation_01,coherent_rotation,1,0,8433,baseline,False,0.0,0.23359923414686623,0.017167821709752548,0.33120731257389124,True,31.75382776985629,0.0051657160168758764,20,2560,256,2816,10.844612400797375,0.0,10.743181226487984,data/problems/fresh_coherent_rotation_01_rep0_r1.npz
fresh_coherent_rotation_01,coherent_rotation,1,0,8433,dicke,False,0.0,0.2360165737040436,0.005533817042798513,0.7078354838456885,True,284.861467214545,0.040853498326695714,19,2432,256,2688,10.844612400797375,0.0,10.811724219670026,data/problems/fresh_coherent_rotation_01_rep0_r1.npz
fresh_coherent_rotation_01,coherent_rotation,2,0,8401,baseline,False,0.0,0.1559247227199237,4.0773929170550236e-11,0.9999999975491423,True,22.692794673039156,0.005431224059769368,21,2688,256,2944,8.674957627595091,0.0,8.674957627373297,data/problems/fresh_coherent_rotation_01_rep0_r2.npz
fresh_coherent_rotation_01,coherent_rotation,2,0,8401,dicke,False,0.0,0.3863274061448526,0.008452998682627779,0.5355632468040156,True,363.6700705178384,0.06794243940266276,21,2688,256,2944,8.674957627595091,0.0,8.629156630344387,data/problems/fresh_coherent_rotation_01_rep0_r2.npz
fresh_coherent_rotation_01,coherent_rotation,2,0,8419,baseline,False,0.04637813787208234,0.28232357445859796,0.07313477511696743,0.0008564819531868828,False,25.46770618280299,0.04349749607997916,25,3200,256,3456,8.424315400992164,0.25064222660292756,8.278310470619981,data/problems/fresh_coherent_rotation_01_rep0_r2.npz
fresh_coherent_rotation_01,coherent_rotation,2,0,8419,dicke,False,0.027167498528590753,0.38631023766378597,0.008494162746574566,0.5291960823869715,False,362.360628125491,0.03648090794319497,18,2304,256,2560,8.5275996800703,0.14735794752479237,8.628928366452808,data/problems/fresh_coherent_rotation_01_rep0_r2.npz
fresh_coherent_rotation_01,coherent_rotation,2,0,8433,baseline,False,0.073939069040641,0.33811665802902735,0.05267273591244111,0.0,False,31.89286415180049,0.028225557574838363,19,2432,256,2688,8.271580376155647,0.40337725143944425,8.390103803182928,data/problems/fresh_coherent_rotation_01_rep0_r2.npz
fresh_coherent_rotation_01,coherent_rotation,2,0,8433,dicke,False,0.0,0.26809505546138707,0.0020124646375013306,0.8502565589250882,True,250.4019159312077,0.0039847083028857755,27,3456,256,3712,8.674957627595091,0.0,8.664040871741262,data/problems/fresh_coherent_rotation_01_rep0_r2.npz
fresh_coherent_rotation_01,coherent_rotation,1,1,8401,baseline,False,0.11431590198502603,0.3649104565853004,0.14515359765578126,0.0,False,48.31920977708186,0.010877658752547426,20,2560,256,2816,9.709807757476913,0.5152364715146316,9.572620236621596,data/problems/fresh_coherent_rotation_01_rep1_r1.npz
fresh_coherent_rotation_01,coherent_rotation,1,1,8401,dicke,False,0.05078412552309067,0.31472171061682785,0.027969420297947137,0.41888560003951403,False,267.14242547708295,0.0595647823753529,20,2560,256,2816,9.996361413832151,0.22868281515939337,10.099074234300646,data/problems/fresh_coherent_rotation_01_rep1_r1.npz
fresh_coherent_rotation_01,coherent_rotation,1,1,8419,baseline,False,0.0,0.11145453185607967,1.7316426740352696e-32,1.0,True,16.42613846998796,0.023554162032746184,24,3072,256,3328,10.225044228991544,0.0,10.225044228991544,data/problems/fresh_coherent_rotation_01_rep1_r1.npz
fresh_coherent_rotation_01,coherent_rotation,1,1,8419,dicke,False,0.0,0.3548452561190305,0.022742828518615726,0.48935665207990564,True,282.7191284322718,0.09671530465619416,19,2432,256,2688,10.225044228991544,0.0,10.122552686795544,data/problems/fresh_coherent_rotation_01_rep1_r1.npz
fresh_coherent_rotation_01,coherent_rotation,1,1,8433,baseline,False,0.05078412552309067,0.2506791074135061,0.061303355485563135,0.0015401784996394996,False,45.59844438949029,0.02259563509694118,22,2816,256,3072,9.996361413832151,0.22868281515939337,9.948954391186941,data/problems/fresh_coherent_rotation_01_rep1_r1.npz
fresh_coherent_rotation_01,coherent_rotation,1,1,8433,dicke,False,0.0,0.3366037522115109,0.023204672831939895,0.46913920860014025,True,285.1087470202425,0.0027392033447366515,19,2432,256,2688,10.225044228991544,0.0,10.120505442060615,data/problems/fresh_coherent_rotation_01_rep1_r1.npz
fresh_coherent_rotation_01,coherent_rotation,2,1,8401,baseline,False,0.036392042496608684,0.2421246959790515,0.03226269869787897,0.0016419157479461433,False,48.2528735574272,0.00452844896802862,23,2944,256,3200,9.255450429220518,0.1893938040121803,9.277313629679968,data/problems/fresh_coherent_rotation_01_rep1_r2.npz
fresh_coherent_rotation_01,coherent_rotation,2,1,8401,dicke,False,0.0,0.28078187467594934,0.008863056506385945,0.5855270764987667,True,349.65759941625686,0.09357349661458958,22,2816,256,3072,9.444844233232699,0.0,9.399575199461978,data/problems/fresh_coherent_rotation_01_rep1_r2.npz
fresh_coherent_rotation_01,coherent_rotation,2,1,8419,baseline,False,0.03801047598523719,0.21443142936345766,0.01890315738422709,0.07913823405127773,False,35.9191306550568,0.00038559241230906594,22,2816,256,3072,9.255441381560113,0.18940285167258608,9.351239834323167,data/problems/fresh_coherent_rotation_01_rep1_r2.npz
fresh_coherent_rotation_01,coherent_rotation,2,1,8419,dicke,False,0.0109872387641078,0.264410197153525,0.006586466812791537,0.6802586591055211,False,313.3430092608367,0.10783290708112503,22,2816,256,3072,9.395140115420945,0.049704117811753434,9.411857192048245,data/problems/fresh_coherent_rotation_01_rep1_r2.npz
fresh_coherent_rotation_01,coherent_rotation,2,1,8433,baseline,False,0.07106125531216663,0.21606493598279322,0.06763453038567675,0.0,False,19.608645297839686,0.006560969343039957,19,2432,256,2688,9.06148402891165,0.38336020432104867,9.075525024235807,data/problems/fresh_coherent_rotation_01_rep1_r2.npz
fresh_coherent_rotation_01,coherent_rotation,2,1,8433,dicke,False,0.014642633432318742,0.2737020541585721,0.01869521859955447,0.03562289656566753,False,270.66798740824663,0.011344227679603414,23,2944,256,3200,9.356790261543303,0.088053971689396,9.34749518692108,data/problems/fresh_coherent_rotation_01_rep1_r2.npz
fresh_coherent_rotation_02,coherent_rotation,1,0,8401,baseline,False,0.15915267964033486,0.3397714257697084,0.10605594174573946,0.0,False,21.566539047822264,0.0006163659352278472,22,2816,256,3072,11.567909068576489,0.6853331397286837,11.80747052067882,data/problems/fresh_coherent_rotation_02_rep0_r1.npz
fresh_coherent_rotation_02,coherent_rotation,1,0,8401,dicke,False,0.037974784298411425,0.3911171885149314,0.00639626220263294,0.7911290300130401,False,264.06812136782276,0.0013347706279827065,23,2944,256,3200,12.092180412762568,0.16106179554260436,12.22938606833107,data/problems/fresh_coherent_rotation_02_rep0_r1.npz
fresh_coherent_rotation_02,coherent_rotation,1,0,8419,baseline,False,0.037974784298411425,0.3038090704721715,0.02787761735012629,0.030082795070757506,False,30.327914740515713,0.004561667901231914,19,2432,256,2688,12.092180412762568,0.16106179554260436,12.156569282219646,data/problems/fresh_coherent_rotation_02_rep0_r1.npz
fresh_coherent_rotation_02,coherent_rotation,1,0,8419,dicke,False,0.0,0.3801066424517378,0.017209399932716033,0.4107682945967127,True,286.3531385048026,0.031700789901382365,22,2816,256,3072,12.253242208305172,0.0,12.19264394489971,data/problems/fresh_coherent_rotation_02_rep0_r1.npz
fresh_coherent_rotation_02,coherent_rotation,1,0,8433,baseline,False,0.20569118761246674,0.4232227377192902,0.17353724159847705,0.0,False,45.46324851410409,0.018564205029464986,26,3328,256,3584,11.359091493583758,0.8941507147214143,11.515540891955771,data/problems/fresh_coherent_rotation_02_rep0_r1.npz
fresh_coherent_rotation_02,coherent_rotation,1,0,8433,dicke,False,0.037974784298411425,0.40074967482514373,0.007805894729788709,0.7070322942831733,False,328.2614218015662,0.025516523328768415,20,2560,256,2816,12.092180412762568,0.16106179554260436,12.225500248105794,data/problems/fresh_coherent_rotation_02_rep0_r1.npz
fresh_coherent_rotation_02,coherent_rotation,2,0,8401,baseline,False,0.11043136049942733,0.37467213569909186,0.11206270211183222,0.0,False,21.51003658329673,0.009168282329187427,19,2432,256,2688,9.429981128744565,0.44856623245979677,9.423809128010879,data/problems/fresh_coherent_rotation_02_rep0_r2.npz
fresh_coherent_rotation_02,coherent_rotation,2,0,8401,dicke,False,0.0,0.25359091147741664,0.012950960578308565,0.6630893426420833,True,258.44437071212593,0.005519873800130526,23,2944,256,3200,9.878547361204362,0.0,9.826754793801422,data/problems/fresh_coherent_rotation_02_rep0_r2.npz
fresh_coherent_rotation_02,coherent_rotation,2,0,8419,baseline,False,0.10746280850969041,0.3436547739114564,0.12158357286124019,0.0,False,26.28438221971195,0.001017337473173896,21,2688,256,2944,9.451992653956843,0.42655470724751865,9.381789916538331,data/problems/fresh_coherent_rotation_02_rep0_r2.npz
fresh_coherent_rotation_02,coherent_rotation,2,0,8419,dicke,False,0.05185672232389829,0.2830915542474796,0.017822507514937233,0.568297731534635,False,327.68581344170724,0.05260269191492295,18,2304,256,2560,9.645726059278813,0.23282130192554895,9.807960241386649,data/problems/fresh_coherent_rotation_02_rep0_r2.npz
fresh_coherent_rotation_02,coherent_rotation,2,0,8433,baseline,False,0.12188487000879501,0.28169278086689686,0.1177763312080588,0.0,False,38.443529288432,0.00026998863358151937,20,2560,256,2816,9.384329588104194,0.4942177731001678,9.410150578389969,data/problems/fresh_coherent_rotation_02_rep0_r2.npz
fresh_coherent_rotation_02,coherent_rotation,2,0,8433,dicke,False,0.05185672232389829,0.3488613951047563,0.023435186198095363,0.43708359984208034,False,330.3484848183558,0.013921293111907929,19,2432,256,2688,9.645726059278813,0.23282130192554895,9.785321007212955,data/problems/fresh_coherent_rotation_02_rep0_r2.npz
fresh_coherent_rotation_02,coherent_rotation,1,1,8401,baseline,False,0.19429149967150544,0.3459214113071985,0.20732522875165907,0.0,False,10.906637621511159,0.0016134525100994779,20,2560,256,2816,10.010398140913866,0.661169917675366,9.966497670305543,data/problems/fresh_coherent_rotation_02_rep1_r1.npz
fresh_coherent_rotation_02,coherent_rotation,1,1,8401,dicke,False,0.02124211716808571,0.28626670310129654,0.005297296759538137,0.6787726331788313,False,316.99134307769737,0.005243522091350705,18,2304,256,2560,10.601378609888153,0.07018944870107902,10.653234114736794,data/problems/fresh_coherent_rotation_02_rep1_r1.npz
fresh_coherent_rotation_02,coherent_rotation,1,1,8419,baseline,False,0.05692041100613601,0.20552064102693993,0.05643795608715718,0.0,False,20.221745290702845,0.003179365978397186,21,2688,256,2944,10.478030296799238,0.19353776178999382,10.480113915615997,data/problems/fresh_coherent_rotation_02_rep1_r1.npz
fresh_coherent_rotation_02,coherent_rotation,1,1,8419,dicke,False,0.0,0.31117612787955673,0.008799317610954902,0.46858591111648473,True,309.28121178690844,0.009443713551227084,27,3456,256,3712,10.671568058589232,0.0,10.641067457172399,data/problems/fresh_coherent_rotation_02_rep1_r1.npz
fresh_coherent_rotation_02,coherent_rotation,1,1,8433,baseline,False,0.06316056754235207,0.30682277896542687,0.050728642697876525,0.0,False,84.7205363220806,0.006072493596901651,19,2432,256,2688,10.461368065199888,0.21019999338934348,10.496290751619622,data/problems/fresh_coherent_rotation_02_rep1_r1.npz
fresh_coherent_rotation_02,coherent_rotation,1,1,8433,dicke,False,0.014417061544139123,0.35912117628551415,0.009165343335322595,0.5108565898936404,False,341.3892787331235,0.017730813717371063,24,3072,256,3328,10.621042569623574,0.05052548896565767,10.639814341931645,data/problems/fresh_coherent_rotation_02_rep1_r1.npz
fresh_coherent_rotation_02,coherent_rotation,2,1,8401,baseline,False,0.0,0.21921372384919396,0.0007983419978018717,0.9408784982653555,True,46.04719781761281,0.050721073545983764,24,3072,256,3328,10.14968363823886,0.0,10.14542085762676,data/problems/fresh_coherent_rotation_02_rep1_r2.npz
fresh_coherent_rotation_02,coherent_rotation,2,1,8401,dicke,False,0.0,0.2931316878571816,0.002419626909309752,0.46278137427648525,True,261.121737228377,0.07880166955615264,23,2944,256,3200,10.14968363823886,0.0,10.134589983448809,data/problems/fresh_coherent_rotation_02_rep1_r2.npz
fresh_coherent_rotation_02,coherent_rotation,2,1,8419,baseline,False,0.16828783640885242,0.3612236936292031,0.18703549693142585,0.0,False,7.026157479626403,0.001941857970890748,20,2560,256,2816,9.172533408560366,0.9771502296784949,9.062136426154487,data/problems/fresh_coherent_rotation_02_rep1_r2.npz
fresh_coherent_rotation_02,coherent_rotation,2,1,8419,dicke,False,0.0,0.3192959166180695,0.0052076075108335555,0.619205360139399,True,328.3780391015432,0.00984202905628706,18,2304,256,2560,10.14968363823886,0.0,10.120774068188737,data/problems/fresh_coherent_rotation_02_rep1_r2.npz
fresh_coherent_rotation_02,coherent_rotation,2,1,8433,baseline,False,0.13190971516178998,0.3457433079888883,0.11921526361304538,0.0,False,33.09087674617731,0.006380180118346068,21,2688,256,2944,9.406518448728479,0.7431651895103819,9.481228394488387,data/problems/fresh_coherent_rotation_02_rep1_r2.npz
fresh_coherent_rotation_02,coherent_rotation,2,1,8433,dicke,False,0.0,0.3193202606675479,0.006353649100638731,0.13646051921924196,True,248.68479539212555,0.22807981394103782,19,2432,256,2688,10.14968363823886,0.0,10.114002532840267,data/problems/fresh_coherent_rotation_02_rep1_r2.npz
fresh_coherent_rotation_03,coherent_rotation,1,0,8401,baseline,False,0.15984305725749534,0.3728922599227567,0.15957239740301243,0.0,False,33.60986670407726,0.005881011428829019,25,3200,256,3456,9.82666201848246,0.8181080471024824,9.827681752660514,data/problems/fresh_coherent_rotation_03_rep0_r1.npz
fresh_coherent_rotation_03,coherent_rotation,1,0,8401,dicke,False,0.06477843619957141,0.3372851688523403,0.03543321137771433,0.3013241932187547,False,256.3310135117737,0.028054002487769125,20,2560,256,2816,10.313454445218184,0.3313156203667589,10.460856641601955,data/problems/fresh_coherent_rotation_03_rep0_r1.npz
fresh_coherent_rotation_03,coherent_rotation,1,0,8419,baseline,False,0.13091945929801194,0.30244637418779396,0.13596796447691703,0.0,False,56.787935988027456,0.019809411654109432,22,2816,256,3072,9.974555513945528,0.6702145516394147,9.949554815787883,data/problems/fresh_coherent_rotation_03_rep0_r1.npz
fresh_coherent_rotation_03,coherent_rotation,1,0,8419,dicke,False,0.013250166001106997,0.2972785129017474,0.013014142516130433,0.5841377631576805,False,350.3234331042844,0.03795297093081995,19,2432,256,2688,10.576015477053565,0.0687545885313785,10.576759159589018,data/problems/fresh_coherent_rotation_03_rep0_r1.npz
fresh_coherent_rotation_03,coherent_rotation,1,0,8433,baseline,False,0.1433255782119988,0.37984939745656093,0.1169946097617742,0.05940227172922263,False,45.49730118880848,0.016924512442308526,21,2688,256,2944,9.911298339257671,0.7334717263272719,10.043104121765941,data/problems/fresh_coherent_rotation_03_rep0_r1.npz
fresh_coherent_rotation_03,coherent_rotation,1,0,8433,dicke,False,0.0,0.23240266507500434,0.002135410104187481,0.8764526275734985,True,263.4036232355107,0.00879737328547403,25,3200,256,3456,10.644770065584943,0.0,10.633676322365249,data/problems/fresh_coherent_rotation_03_rep0_r1.npz
fresh_coherent_rotation_03,coherent_rotation,2,0,8401,baseline,False,0.08746028584557629,0.2966500205895169,0.09496954687306172,0.0,False,48.52346331120847,0.02498369820562152,21,2688,256,2944,8.301149275241185,0.4976314415502099,8.259442539509825,data/problems/fresh_coherent_rotation_03_rep0_r2.npz
fresh_coherent_rotation_03,coherent_rotation,2,0,8401,dicke,False,0.0,0.3102015852506321,0.009434731311104703,0.5119016636050451,True,317.8978655057683,0.11220104062591751,18,2304,256,2560,8.798780716791395,0.0,8.741393955249539,data/problems/fresh_coherent_rotation_03_rep0_r2.npz
fresh_coherent_rotation_03,coherent_rotation,2,0,8419,baseline,False,0.07054642359221168,0.32807339403639646,0.08424171198310182,0.0,False,29.752321113600875,0.0032060039323251743,21,2688,256,2944,8.397049991072285,0.4017307257191103,8.319881446921066,data/problems/fresh_coherent_rotation_03_rep0_r2.npz
fresh_coherent_rotation_03,coherent_rotation,2,0,8419,dicke,False,0.0,0.22251013693803295,0.00896785498358503,0.511556789065607,True,307.4551752051639,0.05711050384108618,22,2816,256,3072,8.798780716791395,0.0,8.743451254386127,data/problems/fresh_coherent_rotation_03_rep0_r2.npz
fresh_coherent_rotation_03,coherent_rotation,2,0,8433,baseline,False,0.02505293262601732,0.13833867584171744,0.025340146390174196,0.0,False,29.98820084470997,0.015372486119720197,25,3200,256,3456,8.65185993395266,0.14692078283873578,8.650613280181076,data/problems/fresh_coherent_rotation_03_rep0_r2.npz
fresh_coherent_rotation_03,coherent_rotation,2,0,8433,dicke,False,0.0,0.3180366494954455,0.009800021633424066,0.5210600722206182,True,226.24825675848504,0.03077774027888358,21,2688,256,2944,8.798780716791395,0.0,8.74032812385257,data/problems/fresh_coherent_rotation_03_rep0_r2.npz
fresh_coherent_rotation_03,coherent_rotation,1,1,8401,baseline,False,0.0,0.13487556839038062,3.552650124778011e-05,0.9990601263839487,True,13.421472935905312,0.006941794616318775,26,3328,256,3584,11.548637221168912,0.0,11.54834823151623,data/problems/fresh_coherent_rotation_03_rep1_r1.npz
fresh_coherent_rotation_03,coherent_rotation,1,1,8401,dicke,False,0.0,0.20770222297668275,0.011454646446301042,0.6932704344102121,True,201.83510268016897,0.011552051083111192,25,3200,256,3456,11.548637221168912,0.0,11.455468619235189,data/problems/fresh_coherent_rotation_03_rep1_r1.npz
fresh_coherent_rotation_03,coherent_rotation,1,1,8419,baseline,False,0.0,0.13716891794762787,5.8833745634253855e-06,0.9998426961823113,True,22.143850656425947,0.0221021883113523,23,2944,256,3200,11.548637221168912,0.0,11.548589367795975,data/problems/fresh_coherent_rotation_03_rep1_r1.npz
fresh_coherent_rotation_03,coherent_rotation,1,1,8419,dicke,False,0.0,0.3220934042314623,0.02299131111719146,0.4632823806673364,True,359.45124188654717,0.05906019373939997,20,2560,256,2816,11.548637221168912,0.0,11.360480773960784,data/problems/fresh_coherent_rotation_03_rep1_r1.npz
fresh_coherent_rotation_03,coherent_rotation,1,1,8433,baseline,False,0.07041587218324558,0.20922376730018744,0.05898712752881609,0.09383125613643062,False,21.46616198387066,0.011522070260375328,20,2560,256,2816,10.965011617155383,0.5836256040135286,11.056563640830037,data/problems/fresh_coherent_rotation_03_rep1_r1.npz
fresh_coherent_rotation_03,coherent_rotation,1,1,8433,dicke,False,0.03943083207729748,0.22608263585617128,0.015108795517769197,0.5959045693900282,False,190.97681240685577,0.04406849161069826,21,2688,256,2944,11.227761971076765,0.320875250092147,11.42574346438732,data/problems/fresh_coherent_rotation_03_rep1_r1.npz
fresh_coherent_rotation_03,coherent_rotation,2,1,8401,baseline,False,0.005204262802088233,0.3015130020416552,0.01129804656035931,0.0,False,38.556990390026264,0.023092110603873284,23,2944,256,3200,8.84234666742228,0.030961229445303218,8.793875971901441,data/problems/fresh_coherent_rotation_03_rep1_r2.npz
fresh_coherent_rotation_03,coherent_rotation,2,1,8401,dicke,False,0.0,0.2684751610169735,0.0019160203109553548,0.6270868060440086,True,285.9703099980416,0.001541522212923141,21,2688,256,2944,8.873307896867583,0.0,8.861304165526885,data/problems/fresh_coherent_rotation_03_rep1_r2.npz
fresh_coherent_rotation_03,coherent_rotation,2,1,8419,baseline,False,0.05178006765158047,0.1868490044084696,0.055034866918816566,0.0,False,14.630551063545006,0.002697650956597908,19,2432,256,2688,8.505042067089505,0.3682658297780783,8.496197025588593,data/problems/fresh_coherent_rotation_03_rep1_r2.npz
fresh_coherent_rotation_03,coherent_rotation,2,1,8419,dicke,False,0.0,0.35634315473535105,0.008088593171044697,0.29468319066929827,True,282.6344076179076,0.017556960244831554,21,2688,256,2944,8.873307896867583,0.0,8.819338987733314,data/problems/fresh_coherent_rotation_03_rep1_r2.npz
fresh_coherent_rotation_03,coherent_rotation,2,1,8433,baseline,False,0.003403241077848887,0.22238818884315775,0.009360467272055209,0.05934868293580586,False,44.60887763112213,0.04615513960966311,20,2560,256,2816,8.8532832800463,0.020024616821283203,8.811875692618827,data/problems/fresh_coherent_rotation_03_rep1_r2.npz
fresh_coherent_rotation_03,coherent_rotation,2,1,8433,dicke,False,0.005204262802088233,0.26752180863300473,0.0024074652424874816,0.5785960253419125,False,288.79172795475813,0.003707488537377124,25,3200,256,3456,8.84234666742228,0.030961229445303218,8.858021542222577,data/problems/fresh_coherent_rotation_03_rep1_r2.npz
fresh_coherent_rotation_04,coherent_rotation,1,0,8401,baseline,False,0.09388263275270373,0.25088579235292763,0.0747621489581442,0.013971973618861488,False,54.86759079240264,0.0017136462253981577,19,2432,256,2688,10.000081927401117,0.4953139056063751,10.09970078783632,data/problems/fresh_coherent_rotation_04_rep0_r1.npz
fresh_coherent_rotation_04,coherent_rotation,1,0,8401,dicke,False,0.002648027959860166,0.2064872433005392,0.0006902689019475687,0.8795636529641936,False,276.83510699322625,0.0014187290962066612,18,2304,256,2560,10.47693478556221,0.018461047445281764,10.49114917353533,data/problems/fresh_coherent_rotation_04_rep0_r1.npz
fresh_coherent_rotation_04,coherent_rotation,1,0,8419,baseline,False,0.002648027959860166,0.09734675066086942,0.001457911238168593,0.4502117527055841,False,25.813349616239876,0.009629670892721265,18,2304,256,2560,10.47693478556221,0.018461047445281764,10.485235964224058,data/problems/fresh_coherent_rotation_04_rep0_r1.npz
fresh_coherent_rotation_04,coherent_rotation,1,0,8419,dicke,False,0.01122144938860579,0.2039566715739894,0.00048315076707756846,0.9088568259294921,False,265.6463537749104,0.0026841459285016356,27,3456,256,3712,10.42965777994688,0.06573805306061331,10.492391458675725,data/problems/fresh_coherent_rotation_04_rep0_r1.npz
fresh_coherent_rotation_04,coherent_rotation,1,0,8433,baseline,False,0.08251316200374317,0.2856137666323111,0.090890639134836,0.0,False,52.82901427308824,0.004108334784883816,24,3072,256,3328,10.062598094991813,0.43279773801567956,10.017208889804872,data/problems/fresh_coherent_rotation_04_rep0_r1.npz
fresh_coherent_rotation_04,coherent_rotation,1,0,8433,dicke,False,0.0,0.21589406507958925,0.0003903711903537006,0.9208237349394276,True,265.19288136194285,0.031656082705922906,24,3072,256,3328,10.495395833007493,0.0,10.49294135226367,data/problems/fresh_coherent_rotation_04_rep0_r1.npz
fresh_coherent_rotation_04,coherent_rotation,2,0,8401,baseline,False,0.0,0.25523851669199704,0.000970749359015381,0.9335989497420166,True,19.550687657722314,0.030267014805620995,20,2560,256,2816,9.965290183671325,0.0,9.962122388492714,data/problems/fresh_coherent_rotation_04_rep0_r2.npz
fresh_coherent_rotation_04,coherent_rotation,2,0,8401,dicke,False,0.05838827129912369,0.41996252786081,0.020408637896638604,0.30117197035553944,False,280.52727545963234,0.05528071092363618,20,2560,256,2816,9.701560031566391,0.2637301521049338,9.884261575914975,data/problems/fresh_coherent_rotation_04_rep0_r2.npz
fresh_coherent_rotation_04,coherent_rotation,2,0,8419,baseline,False,0.0,0.2666890758380712,9.034987994799099e-06,0.9998071034308509,True,38.460453418546116,0.003731217826756783,21,2688,256,2944,9.965290183671325,0.0,9.965253888311299,data/problems/fresh_coherent_rotation_04_rep0_r2.npz
fresh_coherent_rotation_04,coherent_rotation,2,0,8419,dicke,False,0.014615999417668162,0.36285710063732657,0.00892645938283751,0.7346291208495718,False,265.54865989605446,0.00787762333776243,26,3328,256,3584,9.917598218424573,0.04769196524675223,9.930658461645992,data/problems/fresh_coherent_rotation_04_rep0_r2.npz
fresh_coherent_rotation_04,coherent_rotation,2,0,8433,baseline,False,0.18611669681593673,0.3928209336608401,0.16789159274626325,0.0,False,30.603589739789314,0.030335886963652747,19,2432,256,2688,9.266903774957065,0.6983864087142599,9.24263236354776,data/problems/fresh_coherent_rotation_04_rep0_r2.npz
fresh_coherent_rotation_04,coherent_rotation,2,0,8433,dicke,False,0.0,0.3729887363725498,0.013921292322416859,0.6489372261243244,True,265.5739274466523,0.0382313857850054,21,2688,256,2944,9.965290183671325,0.0,9.91027711944352,data/problems/fresh_coherent_rotation_04_rep0_r2.npz
fresh_coherent_rotation_04,coherent_rotation,1,1,8401,baseline,False,0.13170526727486856,0.37936850999504623,0.11759573139537242,0.07075588484988349,False,35.24819920263287,0.0001692900270295894,22,2816,256,3072,11.161711292646967,0.5572219639949836,11.225638632313515,data/problems/fresh_coherent_rotation_04_rep1_r1.npz
fresh_coherent_rotation_04,coherent_rotation,1,1,8401,dicke,False,0.04537388836711527,0.4468741330369953,0.027989949577008563,0.5594536908936274,False,358.40128713780786,0.0004603775762088702,21,2688,256,2944,11.53222598315031,0.18670727349164018,11.603299058691354,data/problems/fresh_coherent_rotation_04_rep1_r1.npz
fresh_coherent_rotation_04,coherent_rotation,1,1,8419,baseline,False,0.18283629686900482,0.44637041745796696,0.17605698887158627,0.0,False,47.8735018934391,0.02639386633651508,20,2560,256,2816,10.940993461316333,0.7779397953256169,10.97451339756352,data/problems/fresh_coherent_rotation_04_rep1_r1.npz
fresh_coherent_rotation_04,coherent_rotation,1,1,8419,dicke,False,0.0,0.4074065527460045,0.020122712850314327,0.6708144238128313,True,325.4446541259523,0.0006708247561126868,18,2304,256,2560,11.71893325664195,0.0,11.635828085060082,data/problems/fresh_coherent_rotation_04_rep1_r1.npz
fresh_coherent_rotation_04,coherent_rotation,1,1,8433,baseline,False,0.3742381441304169,0.5462834630676031,0.351621439131409,0.0,False,22.434413160546427,0.0013633107981334547,17,2176,256,2432,10.156436116555293,1.5624971400866574,10.253174150158367,data/problems/fresh_coherent_rotation_04_rep1_r1.npz
fresh_coherent_rotation_04,coherent_rotation,1,1,8433,dicke,False,0.04537388836711527,0.4225451479062492,0.02315416640852298,0.6602913610380512,False,287.101097667219,0.060753575940235116,18,2304,256,2560,11.53222598315031,0.18670727349164018,11.62308538474166,data/problems/fresh_coherent_rotation_04_rep1_r1.npz
fresh_coherent_rotation_04,coherent_rotation,2,1,8401,baseline,False,0.11305686453727244,0.46203450222981973,0.1360177268653509,0.0,False,41.68401047913868,0.029943241782499186,19,2432,256,2688,9.28482620016357,0.4208846588505164,9.203888401255467,data/problems/fresh_coherent_rotation_04_rep1_r2.npz
fresh_coherent_rotation_04,coherent_rotation,2,1,8401,dicke,False,0.02510350429168449,0.3941894411804771,0.03589008412237806,0.1156108950456195,False,229.311483087567,0.000756339537550943,20,2560,256,2816,9.595436547563972,0.11027431145011413,9.561762990527244,data/problems/fresh_coherent_rotation_04_rep1_r2.npz
fresh_coherent_rotation_04,coherent_rotation,2,1,8419,baseline,False,0.02510350429168449,0.22566719936306825,0.023093507498013408,0.08214219859028227,False,14.254738230980587,0.008241206783071497,25,3200,256,3456,9.595436547563972,0.11027431145011413,9.604314424794012,data/problems/fresh_coherent_rotation_04_rep1_r2.npz
fresh_coherent_rotation_04,coherent_rotation,2,1,8419,dicke,False,0.0,0.3967550117139784,0.013041844510436282,0.66174545057499,True,280.2723103967226,0.05141193777557529,18,2304,256,2560,9.705710859014086,0.0,9.652875976619395,data/problems/fresh_coherent_rotation_04_rep1_r2.npz
fresh_coherent_rotation_04,coherent_rotation,2,1,8433,baseline,False,0.2501837388745987,0.4388663958253539,0.19919985767642903,0.0,False,21.43871060791481,0.01638664434747472,21,2688,256,2944,8.79610915228117,0.9096017067329161,8.973198182209341,data/problems/fresh_coherent_rotation_04_rep1_r2.npz
fresh_coherent_rotation_04,coherent_rotation,2,1,8433,dicke,False,0.0,0.336704186953408,0.008951339028065705,0.7139526348583365,True,244.74821784381706,0.09716063399915331,20,2560,256,2816,9.705710859014086,0.0,9.66812593665244,data/problems/fresh_coherent_rotation_04_rep1_r2.npz
fresh_dephasing_00,dephasing,1,0,8401,baseline,False,0.040248409766673814,0.15738267255859542,0.04327948884715076,0.0,False,28.35266899356376,0.03683150510954292,18,2304,256,2560,9.934626523140082,0.32329006350718004,9.909139470937983,data/problems/fresh_dephasing_00_rep0_r1.npz
fresh_dephasing_00,dephasing,1,0,8401,dicke,False,0.0,0.11823616745247201,0.001391858980647333,0.8562960408819619,True,267.5653040548417,0.014809895447879473,28,3584,256,3840,10.257916586647262,0.0,10.246868403173249,data/problems/fresh_dephasing_00_rep0_r1.npz
fresh_dephasing_00,dephasing,1,0,8419,baseline,False,0.04825449388714167,0.13602663462918266,0.04328814433161136,0.0,False,19.358622506489194,0.006868224512602161,22,2816,256,3072,9.871906877959116,0.386009708688146,9.91121181436696,data/problems/fresh_dephasing_00_rep0_r1.npz
fresh_dephasing_00,dephasing,1,0,8419,dicke,False,0.009136218105685566,0.18337614635402025,0.0039062371936152327,0.6234621593861653,False,355.3956729017917,0.1374263324531695,19,2432,256,2688,10.186422920789724,0.07149366585753825,10.226705500748098,data/problems/fresh_dephasing_00_rep0_r1.npz
fresh_dephasing_00,dephasing,1,0,8433,baseline,False,0.0455020392385877,0.13095597173550605,0.029482380152771354,0.0,False,28.157208313335392,0.01888130746749761,22,2816,256,3072,9.89722167831175,0.3606949083355122,10.018417568832998,data/problems/fresh_dephasing_00_rep0_r1.npz
fresh_dephasing_00,dephasing,1,0,8433,dicke,False,0.0,0.2083472196095536,0.0018718563065757813,0.8205461832854714,True,269.8750614729372,0.056927510211014276,21,2688,256,2944,10.257916586647262,0.0,10.242905963801913,data/problems/fresh_dephasing_00_rep0_r1.npz
fresh_dephasing_00,dephasing,2,0,8401,baseline,False,0.015354375476627371,0.11173629499771298,0.014361030357737356,0.0,False,35.07533157978417,0.010411979741381305,21,2688,256,2944,8.04902643202624,0.09286406802788427,8.055245013743475,data/problems/fresh_dephasing_00_rep0_r2.npz
fresh_dephasing_00,dephasing,2,0,8401,dicke,False,0.0,0.09494360255449039,0.00019724154606550362,0.7826256450496856,True,266.39874159633234,0.0017380834814466617,25,3200,256,3456,8.141890500054124,0.0,8.140710631810977,data/problems/fresh_dephasing_00_rep0_r2.npz
fresh_dephasing_00,dephasing,2,0,8419,baseline,False,0.013475708983030046,0.10991629906900571,0.013224446511259695,0.0,False,32.348331353795075,0.00818004795348104,25,3200,256,3456,8.060743696858589,0.08114680319553536,8.06223113288437,data/problems/fresh_dephasing_00_rep0_r2.npz
fresh_dephasing_00,dephasing,2,0,8419,dicke,False,0.0,0.18635435719340832,0.0008084096609450937,0.4346571155959691,True,347.5468390799721,0.00971280598442803,18,2304,256,2560,8.141890500054124,0.0,8.137024785081191,data/problems/fresh_dephasing_00_rep0_r2.npz
fresh_dephasing_00,dephasing,2,0,8433,baseline,False,0.014387156112836528,0.13603164096988854,0.020287216474301983,0.0,False,33.45739878883103,0.06351064139600737,22,2816,256,3072,8.05480108241869,0.08708941763543443,8.019483462472355,data/problems/fresh_dephasing_00_rep0_r2.npz
fresh_dephasing_00,dephasing,2,0,8433,dicke,False,0.0,0.19351126066415753,0.00030707829062525484,0.6718834297526399,True,242.059898867878,0.05017298293265249,19,2432,256,2688,8.141890500054124,0.0,8.140054681618356,data/problems/fresh_dephasing_00_rep0_r2.npz
fresh_dephasing_00,dephasing,1,1,8401,baseline,False,0.006984775222230561,0.16296617851368836,0.010907291601432324,0.05741576351099276,False,33.514898071039056,0.012314501903189612,19,2432,256,2688,10.96486505203268,0.05995359808520284,10.930216709520373,data/problems/fresh_dephasing_00_rep1_r1.npz
fresh_dephasing_00,dephasing,1,1,8401,dicke,False,0.010159733783230847,0.201828717613634,0.006136043692007168,0.39660947543337033,False,257.96024579921277,0.03723720678828757,20,2560,256,2816,10.936362484732458,0.08845616538542522,10.971502157010095,data/problems/fresh_dephasing_00_rep1_r1.npz
fresh_dephasing_00,dephasing,1,1,8419,baseline,False,0.006984775222230561,0.12423605860572805,0.008089326727963872,0.02848553281927746,False,29.821146383968,0.013919619697314367,21,2688,256,2944,10.96486505203268,0.05995359808520284,10.955036120918676,data/problems/fresh_dephasing_00_rep1_r1.npz
fresh_dephasing_00,dephasing,1,1,8419,dicke,False,0.0,0.19748137501577318,0.004443501347029883,0.46750616811310597,True,349.9991627748664,0.045837208948861896,21,2688,256,2944,11.024818650117883,0.0,10.98653657464141,data/problems/fresh_dephasing_00_rep1_r1.npz
fresh_dephasing_00,dephasing,1,1,8433,baseline,False,0.018563128867932707,0.12418056070800938,0.02075160862554375,0.00044223083540406716,False,61.470426287566326,0.014397922640087213,21,2688,256,2944,10.863996046684543,0.1608226034333402,10.8451405551672,data/problems/fresh_dephasing_00_rep1_r1.npz
fresh_dephasing_00,dephasing,1,1,8433,dicke,False,0.006984775222230561,0.19980360026660401,0.004388497044161355,0.48732991746214893,False,362.33531022445084,0.24057368728174033,22,2816,256,3072,10.96486505203268,0.05995359808520284,10.98698179283729,data/problems/fresh_dephasing_00_rep1_r1.npz
fresh_dephasing_00,dephasing,2,1,8401,baseline,False,0.0350926478525956,0.1810633814854022,0.03425885406777387,0.0,False,24.206348124854845,0.037290994396787625,21,2688,256,2944,9.725012472879854,0.270590002042681,9.7314215822881,data/problems/fresh_dephasing_00_rep1_r2.npz
fresh_dephasing_00,dephasing,2,1,8401,dicke,False,0.0,0.19255294118229493,0.0024964003362285036,0.5176652801708521,True,348.2756776914914,0.001801164368054664,20,2560,256,2816,9.995602474922535,0.0,9.976377679916833,data/problems/fresh_dephasing_00_rep1_r2.npz
fresh_dephasing_00,dephasing,2,1,8419,baseline,False,0.0333696643457282,0.1353950993156626,0.036700721835753694,0.0,False,17.537298816543657,0.023147981535203144,19,2432,256,2688,9.737315089581411,0.2582873853411236,9.711825730291611,data/problems/fresh_dephasing_00_rep1_r2.npz
fresh_dephasing_00,dephasing,2,1,8419,dicke,False,0.003654916112656559,0.11667819476914083,0.0005463060428823279,0.8892321220798207,False,256.3295553123053,0.13727498658782622,23,2944,256,3200,9.967530009613537,0.028072465308998318,9.991389639117454,data/problems/fresh_dephasing_00_rep1_r2.npz
fresh_dephasing_00,dephasing,2,1,8433,baseline,False,0.00914758386750022,0.14492758582060564,0.009315531378577059,0.0,False,28.85008721245775,0.040156217974141484,21,2688,256,2944,9.925160242300528,0.07044223262200688,9.923605647285488,data/problems/fresh_dephasing_00_rep1_r2.npz
fresh_dephasing_00,dephasing,2,1,8433,dicke,False,0.0,0.10324765000013539,0.0008986199916646741,0.8030973092261843,True,260.01595772604475,0.10572512155680958,23,2944,256,3200,9.995602474922535,0.0,9.988679966895667,data/problems/fresh_dephasing_00_rep1_r2.npz
fresh_dephasing_01,dephasing,1,0,8401,baseline,False,0.014427944537389152,0.14696806689602943,0.0227034753627705,0.009381499247037461,False,46.84449971479695,0.026124138962706045,24,3072,256,3328,11.308711864703563,0.13505627509966622,11.231981307022387,data/problems/fresh_dephasing_01_rep0_r1.npz
fresh_dephasing_01,dephasing,1,0,8401,dicke,False,0.0,0.22085833274755384,0.0010089618315682913,0.647561335906266,True,228.56425492910793,0.129976531685419,22,2816,256,3072,11.443768139803229,0.0,11.434303267696492,data/problems/fresh_dephasing_01_rep0_r1.npz
fresh_dephasing_01,dephasing,1,0,8419,baseline,False,0.004796036004421593,0.1706770485847386,0.006157371546824757,0.0005160031850198754,False,31.839600175212837,0.06373520741649075,23,2944,256,3200,11.397911898505228,0.04585624129800081,11.385185976934245,data/problems/fresh_dephasing_01_rep0_r1.npz
fresh_dephasing_01,dephasing,1,0,8419,dicke,False,0.00230237819023891,0.2709795076677053,0.0018414826012254765,0.5257216073422295,False,352.79512135317634,0.1618750931879389,20,2560,256,2816,11.42223240222933,0.021535737573898928,11.426397601516621,data/problems/fresh_dephasing_01_rep0_r1.npz
fresh_dephasing_01,dephasing,1,0,8433,baseline,False,0.004987371481599722,0.33454923596728803,0.00913487684299444,0.027868637189782386,False,4.3727994522595415,0.012478608942298297,18,2304,256,2560,11.397241591392257,0.04652654841097181,11.35833716229399,data/problems/fresh_dephasing_01_rep0_r1.npz
fresh_dephasing_01,dephasing,1,0,8433,dicke,False,0.0,0.2775415654597564,0.0024711611234434663,0.26653040901322067,True,295.64206189848966,0.1296173510974828,21,2688,256,2944,11.443768139803229,0.0,11.420581633098736,data/problems/fresh_dephasing_01_rep0_r1.npz
fresh_dephasing_01,dephasing,2,0,8401,baseline,False,0.010017551552421969,0.243823833509842,0.015024715077363778,0.0,False,14.05839758216975,0.08548860031066274,21,2688,256,2944,8.165245859632602,0.08105515616624892,8.136821687471008,data/problems/fresh_dephasing_01_rep0_r2.npz
fresh_dephasing_01,dephasing,2,0,8401,dicke,False,0.0,0.17488161687768353,0.00047408123737143875,0.6666965701540559,True,299.39438787672935,0.14486412384894448,20,2560,256,2816,8.237643602664507,0.008657413134343983,8.238908748232976,data/problems/fresh_dephasing_01_rep0_r2.npz
fresh_dephasing_01,dephasing,2,0,8419,baseline,False,0.012559359533987192,0.17588008718123632,0.012763520815053348,0.0,False,26.77081338825301,0.024494059373993626,20,2560,256,2816,8.150337310412825,0.09596370538602628,8.15063832621606,data/problems/fresh_dephasing_01_rep0_r2.npz
fresh_dephasing_01,dephasing,2,0,8419,dicke,False,0.0,0.15870901551600894,0.0004929172001177062,0.6518564090636606,True,285.0104937149008,0.01487245406327381,22,2816,256,3072,8.237643602664507,0.008657413134343983,8.238970061708596,data/problems/fresh_dephasing_01_rep0_r2.npz
fresh_dephasing_01,dephasing,2,0,8433,baseline,False,0.005157908846895545,0.18928162775094237,0.004671931866859715,0.0,False,91.42339125596027,0.09007101495224185,23,2944,256,3200,8.200680344305209,0.04562067149364246,8.205208527018357,data/problems/fresh_dephasing_01_rep0_r2.npz
fresh_dephasing_01,dephasing,2,0,8433,dicke,False,0.0,0.18139757245281146,0.0005420291598582379,0.5862954809829666,True,237.02638285184057,0.16492529561920388,23,2944,256,3200,8.237643602664507,0.008657413134343983,8.24077973533911,data/problems/fresh_dephasing_01_rep0_r2.npz
fresh_dephasing_01,dephasing,1,1,8401,baseline,False,0.06744884335884882,0.140529726298066,0.07305854502814967,0.0,False,11.316911075994517,0.006997815515655148,27,3456,256,3712,10.332618650233732,0.5826394211082917,10.284643528570506,data/problems/fresh_dephasing_01_rep1_r1.npz
fresh_dephasing_01,dephasing,1,1,8401,dicke,False,0.0,0.13495692213899846,0.00038159805001558946,0.8912220030455181,True,265.7771179640782,0.038205444031700786,29,3712,256,3968,10.915258071342024,0.0,10.912188076833532,data/problems/fresh_dephasing_01_rep1_r1.npz
fresh_dephasing_01,dephasing,1,1,8419,baseline,False,0.01819802400178557,0.1602513153607769,0.018515851635102703,0.002179703213071593,False,32.49881031180363,0.04915787238937486,17,2176,256,2432,10.759788797010044,0.15546927433197943,10.756012008650774,data/problems/fresh_dephasing_01_rep1_r1.npz
fresh_dephasing_01,dephasing,1,1,8419,dicke,False,0.0,0.21294643598822238,0.001270510935087997,0.7410510121840914,True,308.0000136091453,0.011531665483853759,21,2688,256,2944,10.915258071342024,0.0,10.904777284280684,data/problems/fresh_dephasing_01_rep1_r1.npz
fresh_dephasing_01,dephasing,1,1,8433,baseline,False,0.03434465443779935,0.1591541760641334,0.04602477311329545,0.0,False,28.83628166466132,0.00423221947810104,20,2560,256,2816,10.629378711148114,0.2858793601939098,10.521224991870161,data/problems/fresh_dephasing_01_rep1_r1.npz
fresh_dephasing_01,dephasing,1,1,8433,dicke,False,0.006694841663918826,0.2127784321831575,0.001648373677280561,0.7008304003787877,False,310.36521005201695,0.08382525199935786,18,2304,256,2560,10.8591146610959,0.05614341024612379,10.901568392744101,data/problems/fresh_dephasing_01_rep1_r1.npz
fresh_dephasing_01,dephasing,2,1,8401,baseline,False,0.012411811701429751,0.22586304546362912,0.009509532410540446,0.039721648755950856,False,33.51860035983594,0.03676351527493349,20,2560,256,2816,10.576429586764231,0.10752897913691761,10.601570246305123,data/problems/fresh_dephasing_01_rep1_r2.npz
fresh_dephasing_01,dephasing,2,1,8401,dicke,False,0.000774410888444671,0.2455591128689862,0.0020518685193301814,0.10196527745899164,False,300.6343287418158,0.27042373283730736,20,2560,256,2816,10.677231353805226,0.006727212095922752,10.66617105548561,data/problems/fresh_dephasing_01_rep1_r2.npz
fresh_dephasing_01,dephasing,2,1,8419,baseline,False,0.0031663605065823585,0.2111502590623869,0.00984182344627599,0.0,False,27.712704795869136,0.04271934461652904,26,3328,256,3584,10.656529217004678,0.02742934889647053,10.598696029620102,data/problems/fresh_dephasing_01_rep1_r2.npz
fresh_dephasing_01,dephasing,2,1,8419,dicke,False,0.0,0.24041662367981642,0.0018987016567669193,0.13067794860434467,True,281.56466770914113,0.026961237360525914,18,2304,256,2560,10.683958565901149,0.0,10.66749713771612,data/problems/fresh_dephasing_01_rep1_r2.npz
fresh_dephasing_01,dephasing,2,1,8433,baseline,False,0.008371270263779124,0.23095506346754444,0.009978540400763342,0.00015465903316469465,False,62.01993835373924,0.08727316461368684,24,3072,256,3328,10.611436374308704,0.07252219159244433,10.597505354442845,data/problems/fresh_dephasing_01_rep1_r2.npz
fresh_dephasing_01,dephasing,2,1,8433,dicke,False,0.0,0.20467803005318783,0.0005473996460793376,0.7078490720987604,True,314.9297455458696,0.14239626751590784,22,2816,256,3072,10.683958565901149,0.0,10.679212883075463,data/problems/fresh_dephasing_01_rep1_r2.npz
fresh_dephasing_02,dephasing,1,0,8401,baseline,False,0.0010805692091753322,0.15727807436038577,0.0014192963930598978,0.05443395702106901,False,59.69762012103274,0.012731439461770577,21,2688,256,2944,11.394596628383942,0.010001740138664061,11.391569318618286,data/problems/fresh_dephasing_02_rep0_r1.npz
fresh_dephasing_02,dephasing,1,0,8401,dicke,False,0.0010805692091753322,0.13896292053366974,0.00047630517292734416,0.7117568651078501,False,280.0540535924744,0.05234068998910457,25,3200,256,3456,11.394596628383942,0.010001740138664061,11.400254447901112,data/problems/fresh_dephasing_02_rep0_r1.npz
fresh_dephasing_02,dephasing,1,0,8419,baseline,False,0.0,0.2025577961920482,0.0006453900979163192,0.5195064428490799,True,36.04744182173529,0.20405959428097598,20,2560,256,2816,11.404598368522606,0.0,11.398707059047121,data/problems/fresh_dephasing_02_rep0_r1.npz
fresh_dephasing_02,dephasing,1,0,8419,dicke,False,0.0,0.20396279611662604,0.0007621481880523318,0.4333463729422309,True,256.87370954421567,0.09734985329494172,28,3584,256,3840,11.404598368522606,0.0,11.397612622495355,data/problems/fresh_dephasing_02_rep0_r1.npz
fresh_dephasing_02,dephasing,1,0,8433,baseline,False,0.0,0.14374028754667184,0.0018912460927701105,0.6896883790298645,True,13.844291649252309,0.03768257858319313,26,3328,256,3584,11.404598368522606,0.0,11.38731131052433,data/problems/fresh_dephasing_02_rep0_r1.npz
fresh_dephasing_02,dephasing,1,0,8433,dicke,False,0.0,0.16261986900537867,0.0007027259606248351,0.6389836785118221,True,333.8592118454993,0.2637306028536792,21,2688,256,2944,11.404598368522606,0.0,11.398202892221885,data/problems/fresh_dephasing_02_rep0_r1.npz
fresh_dephasing_02,dephasing,2,0,8401,baseline,False,0.06442304342388322,0.28590555675433027,0.05548838814301582,0.0,False,23.489357870628456,0.0004946441077198216,25,3200,256,3456,9.260242572585009,0.49973394198110554,9.328167467337526,data/problems/fresh_dephasing_02_rep0_r2.npz
fresh_dephasing_02,dephasing,2,0,8401,dicke,False,0.007832534148015489,0.19513734430776003,0.004380666427386549,0.41016010945069736,False,295.60477663262117,0.05108271197515357,19,2432,256,2688,9.697346299061007,0.0626302155051075,9.725513264197085,data/problems/fresh_dephasing_02_rep0_r2.npz
fresh_dephasing_02,dephasing,2,0,8419,baseline,False,0.056442518601912545,0.2406223122651403,0.06095419871844077,0.0,False,18.896750377074518,0.1373094245630444,23,2944,256,3200,9.323686390634471,0.43629012393164324,9.28851727661508,data/problems/fresh_dephasing_02_rep0_r2.npz
fresh_dephasing_02,dephasing,2,0,8419,dicke,False,0.0115956514649315,0.19097986841451275,0.00259919659911052,0.5042017232664001,False,363.83527023559174,0.003744805645942151,23,2944,256,3200,9.67075677105756,0.08921974350855422,9.739304444590788,data/problems/fresh_dephasing_02_rep0_r2.npz
fresh_dephasing_02,dephasing,2,0,8433,baseline,False,0.05130820636696132,0.11351906158823719,0.05276336740244834,0.0,False,22.593147409892744,0.031862484047892714,24,3072,256,3328,9.363639075266612,0.3963374392995025,9.3525448297527,data/problems/fresh_dephasing_02_rep0_r2.npz
fresh_dephasing_02,dephasing,2,0,8433,dicke,False,0.00030515340991825853,0.1950160132339743,0.002407449036118957,0.49968542068658073,False,353.2903484540557,0.059192236502012996,18,2304,256,2560,9.756424498600222,0.0035520159658926076,9.740813521172987,data/problems/fresh_dephasing_02_rep0_r2.npz
fresh_dephasing_02,dephasing,1,1,8401,baseline,False,0.02260295588562033,0.0886920986470595,0.022245586058640215,0.002315278461496706,False,49.68124640728856,0.0005971222653702313,21,2688,256,2944,10.805527874835636,0.19520321956678188,10.815650417790858,data/problems/fresh_dephasing_02_rep1_r1.npz
fresh_dephasing_02,dephasing,1,1,8401,dicke,False,0.0,0.1348926997239594,0.002591954572146191,0.5725541605011074,True,281.7104301338971,0.10260519080446029,22,2816,256,3072,11.000731094402418,0.0,10.977488939276672,data/problems/fresh_dephasing_02_rep1_r1.npz
fresh_dephasing_02,dephasing,1,1,8419,baseline,False,0.008140542225256618,0.0752950069646823,0.013872125706091566,0.0,False,15.77461649712551,0.0024495828136772424,23,2944,256,3200,10.934570953302366,0.06616014110005253,10.882278656115039,data/problems/fresh_dephasing_02_rep1_r1.npz
fresh_dephasing_02,dephasing,1,1,8419,dicke,False,0.0,0.12497296187653466,0.0018969969553653333,0.6622138307803134,True,304.68153196233703,0.024638748862454207,21,2688,256,2944,11.000731094402418,0.0,10.983648931160051,data/problems/fresh_dephasing_02_rep1_r1.npz
fresh_dephasing_02,dephasing,1,1,8433,baseline,False,0.008135689132657862,0.22866404401815033,0.00933166817705057,0.005467953632089295,False,21.13530810372686,0.0011847911754205853,22,2816,256,3072,10.925639035846025,0.07509205855639323,10.916063092846159,data/problems/fresh_dephasing_02_rep1_r1.npz
fresh_dephasing_02,dephasing,1,1,8433,dicke,False,0.0,0.160815122272859,0.002881622920509071,0.5426084221240326,True,326.73671759940504,0.00836663414052019,20,2560,256,2816,11.000731094402418,0.0,10.975019391035044,data/problems/fresh_dephasing_02_rep1_r1.npz
fresh_dephasing_02,dephasing,2,1,8401,baseline,False,0.0,0.13489383049165776,0.0006637764261346524,0.8584480662380325,True,23.540474502395423,0.009287376281424398,25,3200,256,3456,10.516268367659704,0.0,10.510652005879745,data/problems/fresh_dephasing_02_rep1_r2.npz
fresh_dephasing_02,dephasing,2,1,8401,dicke,False,0.0,0.2306637095510391,0.0024542072299059995,0.4479581308787576,True,308.2049429252401,0.035982972011660896,22,2816,256,3072,10.516268367659704,0.0,10.495505937479768,data/problems/fresh_dephasing_02_rep1_r2.npz
fresh_dephasing_02,dephasing,2,1,8419,baseline,False,0.016864236661237455,0.20751304157996278,0.013364695411194864,0.09251864579121682,False,54.66954578695956,0.02620177545274105,23,2944,256,3200,10.373520444446779,0.14274792321292473,10.403145228269398,data/problems/fresh_dephasing_02_rep1_r2.npz
fresh_dephasing_02,dephasing,2,1,8419,dicke,False,0.0,0.12567370759370006,0.0003668623010171446,0.8190747507301839,True,244.33172122410699,0.024762243905148473,27,3456,256,3712,10.516268367659704,0.0,10.51317180547911,data/problems/fresh_dephasing_02_rep1_r2.npz
fresh_dephasing_02,dephasing,2,1,8433,baseline,False,0.025869751057448383,0.17218195332400069,0.025466807781059912,0.0,False,41.9699440143076,0.019924057071343038,23,2944,256,3200,10.297261792812161,0.21900657484754227,10.300662154822573,data/problems/fresh_dephasing_02_rep1_r2.npz
fresh_dephasing_02,dephasing,2,1,8433,dicke,False,0.0012141434533377155,0.23906093358771482,0.002618578785979756,0.1629610791063124,False,280.5739571117627,0.04192482320290436,24,3072,256,3328,10.506049002214503,0.010219365445200523,10.49413404214372,data/problems/fresh_dephasing_02_rep1_r2.npz
fresh_dephasing_03,dephasing,1,0,8401,baseline,False,0.0209113482134211,0.1335171492202739,0.017876045051383557,0.0,False,25.99029898223974,0.058110861975405825,19,2432,256,2688,8.852022108512818,0.13423701763882256,8.871413238277839,data/problems/fresh_dephasing_03_rep0_r1.npz
fresh_dephasing_03,dephasing,1,0,8401,dicke,False,0.005778304152036401,0.2090295683571819,0.005018988980862971,0.2606175879525725,False,265.9476865268823,0.008475777448209598,21,2688,256,2944,8.948974040269182,0.03728508588245916,8.953910765944205,data/problems/fresh_dephasing_03_rep0_r1.npz
fresh_dephasing_03,dephasing,1,0,8419,baseline,False,0.026721004592079996,0.17286693558661714,0.021890593433730746,0.0,False,65.66841146952147,0.007676014098444206,20,2560,256,2816,8.81460175124252,0.17165737490912036,8.845622227514228,data/problems/fresh_dephasing_03_rep0_r1.npz
fresh_dephasing_03,dephasing,1,0,8419,dicke,False,0.012980845007652762,0.20670957230730844,0.004215589290532661,0.4814189854403642,False,282.6498490713606,0.009354506308673294,25,3200,256,3456,8.902739618689331,0.0835195074623094,8.95911722389589,data/problems/fresh_dephasing_03_rep0_r1.npz
fresh_dephasing_03,dephasing,1,0,8433,baseline,False,0.06898646405199892,0.14026807256102838,0.067520568122148,0.0,False,21.03457263648368,0.01624980720506919,22,2816,256,3072,8.542450214229913,0.4438089119217281,8.55248825118748,data/problems/fresh_dephasing_03_rep0_r1.npz
fresh_dephasing_03,dephasing,1,0,8433,dicke,False,0.0,0.2104455895599679,0.006079558124151203,0.17775804730072375,True,263.7896005928412,0.05135112705577072,23,2944,256,3200,8.98625912615164,0.0,8.94708868400907,data/problems/fresh_dephasing_03_rep0_r1.npz
fresh_dephasing_03,dephasing,2,0,8401,baseline,False,0.05473493951979696,0.17535592210183562,0.0493655015764525,0.0,False,33.64649792375253,0.011316324412752543,19,2432,256,2688,6.706649839848751,0.27030367788994347,6.733384829148142,data/problems/fresh_dephasing_03_rep0_r2.npz
fresh_dephasing_03,dephasing,2,0,8401,dicke,False,0.0,0.143957844479129,0.001052849885116751,0.8111471007865936,True,304.3917418015385,0.04704907035727457,20,2560,256,2816,6.9769535177386945,0.0,6.971814840219998,data/problems/fresh_dephasing_03_rep0_r2.npz
fresh_dephasing_03,dephasing,2,0,8419,baseline,False,0.03550568563429241,0.14008664896094922,0.03446509257382645,0.0,False,25.977233911610305,0.0033432747190134116,19,2432,256,2688,6.8015950221381045,0.17535849560059003,6.8067419325525975,data/problems/fresh_dephasing_03_rep0_r2.npz
fresh_dephasing_03,dephasing,2,0,8419,dicke,False,0.0,0.13529248692773385,0.0012454484201907502,0.776625394927605,True,294.70987790439676,0.03656317426260847,21,2688,256,2944,6.9769535177386945,0.0,6.970872099492294,data/problems/fresh_dephasing_03_rep0_r2.npz
fresh_dephasing_03,dephasing,2,0,8433,baseline,False,0.07130808695334363,0.14216324307850567,0.07101755052610939,0.0,False,18.548725393235593,0.011931485979634893,26,3328,256,3584,6.624808703848392,0.3521448138903027,6.6262942068383275,data/problems/fresh_dephasing_03_rep0_r2.npz
fresh_dephasing_03,dephasing,2,0,8433,dicke,False,0.0,0.18489511219740454,0.002541960444776781,0.6018367887387768,True,257.86151171230335,0.06619819911085179,20,2560,256,2816,6.9769535177386945,0.0,6.964530407358782,data/problems/fresh_dephasing_03_rep0_r2.npz
fresh_dephasing_03,dephasing,1,1,8401,baseline,False,0.0039604174252993365,0.12019438737041545,0.006511416907769968,0.0,False,50.99118670279995,0.016874932560932976,19,2432,256,2688,9.188070825175288,0.026984483308309493,9.170663966767158,data/problems/fresh_dephasing_03_rep1_r1.npz
fresh_dephasing_03,dephasing,1,1,8401,dicke,False,0.0039604174252993365,0.18986378872402926,0.007065988465710142,0.40632862941966796,False,294.37720858790834,0.009648053645106902,21,2688,256,2944,9.188070825175288,0.026984483308309493,9.16686032265103,data/problems/fresh_dephasing_03_rep1_r1.npz
fresh_dephasing_03,dephasing,1,1,8419,baseline,False,0.029086906803704723,0.10312172806225763,0.03319211236976922,0.0,False,22.489353316867405,0.008094717857207723,23,2944,256,3200,9.016610131913277,0.19844517657032057,8.988585630938248,data/problems/fresh_dephasing_03_rep1_r1.npz
fresh_dephasing_03,dephasing,1,1,8419,dicke,False,0.0,0.1226695440271525,0.003362216501640446,0.5790356046331082,True,301.72433779003205,0.007566540817218748,23,2944,256,3200,9.215055308483597,0.0,9.19213013658028,data/problems/fresh_dephasing_03_rep1_r1.npz
fresh_dephasing_03,dephasing,1,1,8433,baseline,False,0.025116933170601197,0.2911425238431512,0.026932376877571808,0.0,False,46.73448003220272,0.2633685619370496,20,2560,256,2816,9.0443202924382,0.17073501604539665,9.031610205011347,data/problems/fresh_dephasing_03_rep1_r1.npz
fresh_dephasing_03,dephasing,1,1,8433,dicke,False,0.0,0.10079516846663907,0.002107494985090692,0.702359999515142,True,272.0303699811215,0.0008161233594816686,24,3072,256,3328,9.215055308483597,0.0,9.200686640298901,data/problems/fresh_dephasing_03_rep1_r1.npz
fresh_dephasing_03,dephasing,2,1,8401,baseline,False,0.03268749798041323,0.13579116003888916,0.027249204813965106,7.5487246377070605e-06,False,45.733880204238545,0.03202998648785105,24,3072,256,3328,7.9824087533975305,0.19951835795053796,8.01560182841849,data/problems/fresh_dephasing_03_rep1_r2.npz
fresh_dephasing_03,dephasing,2,1,8401,dicke,False,0.0,0.20126549949829345,0.002016905269999452,0.47023912981403826,True,294.3325541672396,0.011636593754141167,23,2944,256,3200,8.181927111348068,0.0,8.169616849397437,data/problems/fresh_dephasing_03_rep1_r2.npz
fresh_dephasing_03,dephasing,2,1,8419,baseline,False,0.11083721478947955,0.22930240438501273,0.12779966629346098,0.0,False,15.359803502937924,0.007910882639890815,20,2560,256,2816,7.505392891129015,0.6765342202190539,7.40185584092325,data/problems/fresh_dephasing_03_rep1_r2.npz
fresh_dephasing_03,dephasing,2,1,8419,dicke,False,0.0,0.2068013915786915,0.0023083732378678355,0.46174673507865127,True,363.2976521575924,0.08239372877525941,20,2560,256,2816,8.181927111348068,0.0,8.167837856812776,data/problems/fresh_dephasing_03_rep1_r2.npz
fresh_dephasing_03,dephasing,2,1,8433,baseline,False,0.0,0.21779165741744488,0.0027319779817957337,0.08598919319549847,True,65.80192506475059,0.03985324738612395,22,2816,256,3072,8.181927111348068,0.0,8.165252680509388,data/problems/fresh_dephasing_03_rep1_r2.npz
fresh_dephasing_03,dephasing,2,1,8433,dicke,False,0.0,0.1810666295861399,0.0009529330857789984,0.7164492478699888,True,312.70198993673245,0.008332422865900746,20,2560,256,2816,8.181927111348068,0.0,8.176110898026042,data/problems/fresh_dephasing_03_rep1_r2.npz
fresh_dephasing_04,dephasing,1,0,8401,baseline,False,0.013635681522047185,0.1326060113243921,0.025241342526933754,0.005891182832826414,False,31.313627062534195,0.005183401351293634,24,3072,256,3328,9.651257880932492,0.0975003231885534,9.566610794736313,data/problems/fresh_dephasing_04_rep0_r1.npz
fresh_dephasing_04,dephasing,1,0,8401,dicke,False,0.0,0.2500142200017215,0.004440399138366531,0.557551181816049,True,244.16027177123556,0.1169480978978692,20,2560,256,2816,9.748758204121046,0.0,9.717257297282105,data/problems/fresh_dephasing_04_rep0_r1.npz
fresh_dephasing_04,dephasing,1,0,8419,baseline,False,0.04740656661533825,0.16200965379118007,0.03397742209178791,0.0,False,37.099738993587415,0.0008575404522643271,26,3328,256,3584,9.406776352769413,0.3419818513516333,9.503643021212278,data/problems/fresh_dephasing_04_rep0_r1.npz
fresh_dephasing_04,dephasing,1,0,8419,dicke,False,0.0,0.1654324596696141,0.0005337424316540454,0.7572529643188309,True,265.53049643869605,0.013154234831805278,22,2816,256,3072,9.748758204121046,0.0,9.745189689261812,data/problems/fresh_dephasing_04_rep0_r1.npz
fresh_dephasing_04,dephasing,1,0,8433,baseline,False,0.011093941582275068,0.15227721519751958,0.0008655483635633158,0.8957531647230178,False,63.69821740643458,0.05418245746018191,23,2944,256,3200,9.668627331180632,0.08013087294041377,9.7425546278904,data/problems/fresh_dephasing_04_rep0_r1.npz
fresh_dephasing_04,dephasing,1,0,8433,dicke,False,0.0018134436942489254,0.26599045054690984,0.0024605352129650473,0.2545937831201879,False,317.7068604373539,0.09567424163192029,20,2560,256,2816,9.737017241301812,0.011740962819233758,9.73180285469655,data/problems/fresh_dephasing_04_rep0_r1.npz
fresh_dephasing_04,dephasing,2,0,8401,baseline,False,0.041954234174127365,0.12318227393806146,0.026728148730594696,5.562371891931761e-05,False,21.669963886973452,0.02415798704086569,24,3072,256,3328,8.165166791808293,0.26562453534651986,8.261625260381788,data/problems/fresh_dephasing_04_rep0_r2.npz
fresh_dephasing_04,dephasing,2,0,8401,dicke,False,0.0,0.12466939122696398,0.0003595372188342457,0.6947953995908123,True,303.9455277319012,0.03886195896943434,23,2944,256,3200,8.430791327154813,0.0,8.428639642041011,data/problems/fresh_dephasing_04_rep0_r2.npz
fresh_dephasing_04,dephasing,2,0,8419,baseline,False,0.0036709261229346856,0.15923203662645669,0.005737107771464691,0.0009724232436921776,False,68.67469564838099,0.010679801696872104,22,2816,256,3072,8.40829760399974,0.022493723155072587,8.395326562583916,data/problems/fresh_dephasing_04_rep0_r2.npz
fresh_dephasing_04,dephasing,2,0,8419,dicke,False,0.0,0.1387018698138409,0.0004864327891419435,0.6198560657558649,True,326.33801085893003,0.08813580316540026,28,3584,256,3840,8.430791327154813,0.0,8.427865859384855,data/problems/fresh_dephasing_04_rep0_r2.npz
fresh_dephasing_04,dephasing,2,0,8433,baseline,False,0.041954234174127365,0.2763827133263376,0.04500862492041256,0.0,False,20.803990991601438,0.3000584322177602,19,2432,256,2688,8.165166791808293,0.26562453534651986,8.145487501769075,data/problems/fresh_dephasing_04_rep0_r2.npz
fresh_dephasing_04,dephasing,2,0,8433,dicke,False,0.0,0.19568180406847321,0.0006812400637920706,0.5785153477287021,True,323.06311299346106,0.03063737605428951,21,2688,256,2944,8.430791327154813,0.0,8.42667198771198,data/problems/fresh_dephasing_04_rep0_r2.npz
fresh_dephasing_04,dephasing,1,1,8401,baseline,False,0.042930566304118456,0.2555101864856904,0.046449394290631,0.0,False,19.52978456807905,0.011061807647344102,22,2816,256,3072,10.502745852874908,0.36754306305484974,10.47838745676314,data/problems/fresh_dephasing_04_rep1_r1.npz
fresh_dephasing_04,dephasing,1,1,8401,dicke,False,0.0,0.19464900158306664,0.0005838055989909958,0.6325837918621483,True,316.8856934518439,0.057308933082333535,23,2944,256,3200,10.863671506300474,0.006617409629283699,10.863260850053228,data/problems/fresh_dephasing_04_rep1_r1.npz
fresh_dephasing_04,dephasing,1,1,8419,baseline,False,0.007798495039409889,0.31564742801958956,0.0077923336960873,0.0,False,59.72053565360304,0.08885341874389496,19,2432,256,2688,10.804824611197587,0.06546430473217058,10.803237395027377,data/problems/fresh_dephasing_04_rep1_r1.npz
fresh_dephasing_04,dephasing,1,1,8419,dicke,False,0.0,0.211275035995163,0.0006783955590552498,0.6053809325981977,True,330.5486944173809,0.038009514150178725,26,3328,256,3584,10.863671506300474,0.006617409629283699,10.862424655419877,data/problems/fresh_dephasing_04_rep1_r1.npz
fresh_dephasing_04,dephasing,1,1,8433,baseline,False,0.005023137644778088,0.1181814553530268,0.004139476995460308,0.0,False,20.937651437601488,0.03218734909372939,20,2560,256,2816,10.828368836060523,0.04192007986923407,10.835022250821435,data/problems/fresh_dephasing_04_rep1_r1.npz
fresh_dephasing_04,dephasing,1,1,8433,dicke,False,0.0,0.18584189070831034,0.0004923425691621861,0.6655592890759954,True,302.4552642940299,0.007097426089798464,24,3072,256,3328,10.863671506300474,0.006617409629283699,10.863902972450076,data/problems/fresh_dephasing_04_rep1_r1.npz
fresh_dephasing_04,dephasing,2,1,8401,baseline,False,0.024895208202237423,0.20981277614000368,0.020863322994223485,0.0,False,26.759394698667005,0.10778852248830972,19,2432,256,2688,8.97848742192653,0.17418842917803268,9.005703340764358,data/problems/fresh_dephasing_04_rep1_r2.npz
fresh_dephasing_04,dephasing,2,1,8401,dicke,False,0.0,0.20734255923798517,0.0005129362875231924,0.7150876663955531,True,272.3296076458092,0.30567988144846403,19,2432,256,2688,9.152675851104563,0.0,9.149066705525016,data/problems/fresh_dephasing_04_rep1_r2.npz
fresh_dephasing_04,dephasing,2,1,8419,baseline,False,0.006594986638641324,0.15772157374385173,0.006228341275919653,0.00718735286491734,False,50.46787152002434,0.009308999195274836,20,2560,256,2816,9.105809043885847,0.04686680721871639,9.10890553427668,data/problems/fresh_dephasing_04_rep1_r2.npz
fresh_dephasing_04,dephasing,2,1,8419,dicke,False,0.0,0.19678413878164092,0.000689797015716323,0.6600031406999012,True,287.42797441551534,0.09969353138329762,22,2816,256,3072,9.152675851104563,0.0,9.147822257470658,data/problems/fresh_dephasing_04_rep1_r2.npz
fresh_dephasing_04,dephasing,2,1,8433,baseline,False,0.01926757517613214,0.20382131822631658,0.025980161772927335,0.0,False,66.72487354360796,0.06320320673568691,26,3328,256,3584,9.017705888147557,0.13496996295700647,8.969167486163066,data/problems/fresh_dephasing_04_rep1_r2.npz
fresh_dephasing_04,dephasing,2,1,8433,dicke,False,0.0017740241177658927,0.11891243441100251,0.0006864006833873784,0.6230880575374191,False,315.10742791780245,0.12049055150547527,19,2432,256,2688,9.140311275634962,0.01236457546960068,9.147852306073023,data/problems/fresh_dephasing_04_rep1_r2.npz
fresh_depolarizing_00,depolarizing,1,0,8401,baseline,False,0.04741520170785885,0.1569704632203511,0.03963412935182235,0.0,False,27.223780450768686,0.06885183487074542,23,2944,256,3200,8.947652620146256,0.33506288116059757,9.002632614966991,data/problems/fresh_depolarizing_00_rep0_r1.npz
fresh_depolarizing_00,depolarizing,1,0,8401,dicke,False,0.0,0.13960815347133945,0.002471087177259815,0.5067217321932702,True,303.4702502338678,0.056108344737266336,22,2816,256,3072,9.282715501306853,0.0,9.265253803054108,data/problems/fresh_depolarizing_00_rep0_r1.npz
fresh_depolarizing_00,depolarizing,1,0,8419,baseline,False,0.0,0.27918701842310867,0.001623778194391925,0.5569511400550209,True,12.473890063943978,0.01990558706512857,18,2304,256,2560,9.282715501306853,0.0,9.271241172424437,data/problems/fresh_depolarizing_00_rep0_r1.npz
fresh_depolarizing_00,depolarizing,1,0,8419,dicke,False,0.0,0.20763869981824623,0.003951881483113904,0.5057558104160603,True,359.13020724634737,0.07710916136506718,22,2816,256,3072,9.282715501306853,0.0,9.25478965890538,data/problems/fresh_depolarizing_00_rep0_r1.npz
fresh_depolarizing_00,depolarizing,1,0,8433,baseline,False,0.02391759392939756,0.18411270733426052,0.014670472601480215,0.0,False,60.92948036666749,0.002628889293025516,23,2944,256,3200,9.113699863485191,0.16901563782166207,9.179045712386934,data/problems/fresh_depolarizing_00_rep0_r1.npz
fresh_depolarizing_00,depolarizing,1,0,8433,dicke,False,0.0020049422178844032,0.20750895712054426,0.003671651637960742,0.5037441924285597,False,337.57389516542,0.013627335599098345,19,2432,256,2688,9.268548462588491,0.014167038718362335,9.256769974683877,data/problems/fresh_depolarizing_00_rep0_r1.npz
fresh_depolarizing_00,depolarizing,2,0,8401,baseline,False,0.09430272021132181,0.3545696988106307,0.09882269435645716,0.0,False,18.67706463107157,0.018202854842721328,20,2560,256,2816,7.5226676833765325,0.5080178306155361,7.49139872704932,data/problems/fresh_depolarizing_00_rep0_r2.npz
fresh_depolarizing_00,depolarizing,2,0,8401,dicke,False,0.0,0.26662438849224074,0.0016270012333104804,0.7539242699389144,True,307.54029188425756,0.024458710788973104,18,2304,256,2560,8.030685513992069,0.0,8.022823942725958,data/problems/fresh_depolarizing_00_rep0_r2.npz
fresh_depolarizing_00,depolarizing,2,0,8419,baseline,False,0.0,0.36780151511019754,0.013930294089134395,0.17910008365993957,True,26.822904745212117,0.015369965258114182,20,2560,256,2816,8.030685513992069,0.0,7.957431195595761,data/problems/fresh_depolarizing_00_rep0_r2.npz
fresh_depolarizing_00,depolarizing,2,0,8419,dicke,False,0.011052307016595224,0.3363886624896613,0.005849469528033651,0.511990386102634,False,268.49135175290064,0.020708870628640907,23,2944,256,3200,7.971618827699871,0.0590666862921978,8.000912449488945,data/problems/fresh_depolarizing_00_rep0_r2.npz
fresh_depolarizing_00,depolarizing,2,0,8433,baseline,False,0.0051156744735915685,0.16941372680037914,0.007946563165309093,0.00015018527329602183,False,40.10860387845027,0.0011914524704295104,20,2560,256,2816,8.007862684850505,0.02282282914156397,7.990597996176058,data/problems/fresh_depolarizing_00_rep0_r2.npz
fresh_depolarizing_00,depolarizing,2,0,8433,dicke,False,0.0,0.3395684751758412,0.01216676171264437,0.3347513957348893,True,315.37309370305564,0.00019100392298287971,19,2432,256,2688,8.030685513992069,0.0,7.96700381833999,data/problems/fresh_depolarizing_00_rep0_r2.npz
fresh_depolarizing_00,depolarizing,1,1,8401,baseline,False,0.0692195171382841,0.16558189509369872,0.07164150449591877,0.0,False,25.39568809235835,0.009186556805635071,18,2304,256,2560,8.46600236059457,0.455456911078576,8.450023947433413,data/problems/fresh_depolarizing_00_rep1_r1.npz
fresh_depolarizing_00,depolarizing,1,1,8401,dicke,False,0.0,0.2249087337087278,0.00837576717343443,0.5231195497685143,True,360.2504507938693,0.07703609646909193,20,2560,256,2816,8.921459271673147,0.0,8.866261797921444,data/problems/fresh_depolarizing_00_rep1_r1.npz
fresh_depolarizing_00,depolarizing,1,1,8419,baseline,False,0.08036247899367134,0.16198066947386075,0.08748053270850101,0.0,False,17.44171215848457,0.0016416085219344012,24,3072,256,3328,8.392665824296241,0.5287934473769056,8.345787328818382,data/problems/fresh_depolarizing_00_rep1_r1.npz
fresh_depolarizing_00,depolarizing,1,1,8419,dicke,False,0.02344203797687959,0.20109151557268964,0.008889722497904248,0.332305799383818,False,271.7714592138098,0.005636580070298436,21,2688,256,2944,8.767195332601297,0.15426393907184988,8.862948361334507,data/problems/fresh_depolarizing_00_rep1_r1.npz
fresh_depolarizing_00,depolarizing,1,1,8433,baseline,False,0.016261691595088328,0.26824616300714943,0.006301820375088244,0.6141599897582475,False,85.73786809826659,0.11043818742676237,21,2688,256,2944,8.813941789552771,0.10751748212037526,8.879812635347271,data/problems/fresh_depolarizing_00_rep1_r1.npz
fresh_depolarizing_00,depolarizing,1,1,8433,dicke,False,0.012237506659621202,0.20041648156804198,0.008851968625372507,0.3335602294519777,False,267.80427590242545,0.001844909672762185,23,2944,256,3200,8.840922521659754,0.08053675001339222,8.863198049927222,data/problems/fresh_depolarizing_00_rep1_r1.npz
fresh_depolarizing_00,depolarizing,2,1,8401,baseline,False,0.030073917915034172,0.15926479506173458,0.028824161633917603,0.0,False,44.0726904093083,0.03427556732992709,19,2432,256,2688,6.4900696362152885,0.1248946184687636,6.495253415676142,data/problems/fresh_depolarizing_00_rep1_r2.npz
fresh_depolarizing_00,depolarizing,2,1,8401,dicke,False,0.0,0.156362283774299,0.0007487009957956802,0.6743940063140494,True,226.50478673173458,0.08225166341998058,18,2304,256,2560,6.614964254684052,0.0,6.611834137399464,data/problems/fresh_depolarizing_00_rep1_r2.npz
fresh_depolarizing_00,depolarizing,2,1,8419,baseline,False,0.01607761304611047,0.08310046019118252,0.014627882609665448,0.0031206134691013077,False,40.91398241333556,0.0036153588948781845,25,3200,256,3456,6.548146519765838,0.06681773491821374,6.554182969898746,data/problems/fresh_depolarizing_00_rep1_r2.npz
fresh_depolarizing_00,depolarizing,2,1,8419,dicke,False,0.002137848946175415,0.14233915216444126,0.0016492421176325395,0.6806849585008252,False,339.2491489681229,0.07863035883529523,18,2304,256,2560,6.606023138490928,0.008941116193124543,6.608083591035014,data/problems/fresh_depolarizing_00_rep1_r2.npz
fresh_depolarizing_00,depolarizing,2,1,8433,baseline,False,0.044211774279398854,0.09888971974748934,0.04305410785757656,0.0,False,8.334181144039857,0.00042414722635708557,23,2944,256,3200,6.4314313755439665,0.18353287914008565,6.436224665830002,data/problems/fresh_depolarizing_00_rep1_r2.npz
fresh_depolarizing_00,depolarizing,2,1,8433,dicke,False,0.0,0.09665634872418459,0.000836232644460142,0.7928412809765741,True,292.33121436399875,0.002262058504761022,25,3200,256,3456,6.614964254684052,0.0,6.611472637718992,data/problems/fresh_depolarizing_00_rep1_r2.npz
fresh_depolarizing_01,depolarizing,1,0,8401,baseline,False,0.09712325796221988,0.21266168483197656,0.10200778720706496,0.0,False,10.560491254764232,0.0027666985775924857,21,2688,256,2944,8.275308294274192,0.5861844343325053,8.245828102230263,data/problems/fresh_depolarizing_01_rep0_r1.npz
fresh_depolarizing_01,depolarizing,1,0,8401,dicke,False,0.0008413787381458114,0.25007238474053195,0.0036116348460376547,0.5129064001009377,False,362.3486384590205,0.037344781116612324,22,2816,256,3072,8.856421634898465,0.0050710937082314445,8.839694088089498,data/problems/fresh_depolarizing_01_rep0_r1.npz
fresh_depolarizing_01,depolarizing,1,0,8419,baseline,False,0.0700585475355327,0.2138685037490155,0.055655124237323425,0.0,False,29.972232840963933,0.062222031998659943,19,2432,256,2688,8.438660721738838,0.4228320068678588,8.525549488852878,data/problems/fresh_depolarizing_01_rep0_r1.npz
fresh_depolarizing_01,depolarizing,1,0,8419,dicke,False,0.0,0.24402030619899953,0.0032126348269179653,0.6339666331669053,True,276.39386525356076,0.006522031391506644,24,3072,256,3328,8.861492728606697,0.0,8.842102886758665,data/problems/fresh_depolarizing_01_rep0_r1.npz
fresh_depolarizing_01,depolarizing,1,0,8433,baseline,False,0.08779303137167024,0.1997569962775783,0.09710663627430122,0.0,False,32.182782556935685,0.07101919786597044,20,2560,256,2816,8.331620667823927,0.52987206078277,8.2753736503815,data/problems/fresh_depolarizing_01_rep0_r1.npz
fresh_depolarizing_01,depolarizing,1,0,8433,dicke,False,0.0,0.23519887745365117,0.0011456839649934508,0.7391397599383032,True,271.71758374495937,0.06902936452647968,20,2560,256,2816,8.861492728606697,0.0,8.854578774509163,data/problems/fresh_depolarizing_01_rep0_r1.npz
fresh_depolarizing_01,depolarizing,2,0,8401,baseline,False,0.03745205379968704,0.10914504394804252,0.029739281869105138,0.0,False,17.5457374529442,0.003826974322471255,18,2304,256,2560,6.621708664411129,0.17492035470126677,6.657910045970827,data/problems/fresh_depolarizing_01_rep0_r2.npz
fresh_depolarizing_01,depolarizing,2,0,8401,dicke,False,0.0,0.14870446143875604,0.0008935766661942706,0.7942701320268512,True,272.4070539577093,0.04410914855799408,20,2560,256,2816,6.7966290191123955,0.0,6.792475860788157,data/problems/fresh_depolarizing_01_rep0_r2.npz
fresh_depolarizing_01,depolarizing,2,0,8419,baseline,False,0.0,0.07440501844395897,0.0014201320220986469,0.6469460761535495,True,55.501247819656186,0.00423295491550002,27,3456,256,3712,6.7966290191123955,0.0,6.79003825767391,data/problems/fresh_depolarizing_01_rep0_r2.npz
fresh_depolarizing_01,depolarizing,2,0,8419,dicke,False,0.005237981184560828,0.15931658425307926,0.0009047861734024836,0.808949232458898,False,254.32326382025306,0.04476844722864204,20,2560,256,2816,6.771791110943955,0.02483790816844067,6.792421816298463,data/problems/fresh_depolarizing_01_rep0_r2.npz
fresh_depolarizing_01,depolarizing,2,0,8433,baseline,False,0.005237981184560828,0.08039802957854214,0.006550674811857283,0.004725930858794691,False,20.032190683814026,0.005231520661341804,18,2304,256,2560,6.771791110943955,0.02483790816844067,6.765729947136422,data/problems/fresh_depolarizing_01_rep0_r2.npz
fresh_depolarizing_01,depolarizing,2,0,8433,dicke,False,0.0,0.13455141570410864,0.0011060090024678448,0.7524038948072419,True,303.15056708479693,0.00040154160623284696,25,3200,256,3456,6.7966290191123955,0.0,6.791479679727167,data/problems/fresh_depolarizing_01_rep0_r2.npz
fresh_depolarizing_01,depolarizing,1,1,8401,baseline,False,0.046731864481665455,0.2303405404210675,0.05175104519548075,0.0,False,45.04508194955422,0.0035462771419538797,19,2432,256,2688,8.49564492978738,0.2442919952061029,8.469860584667662,data/problems/fresh_depolarizing_01_rep1_r1.npz
fresh_depolarizing_01,depolarizing,1,1,8401,dicke,False,0.0,0.2610749925045153,0.005972690260099215,0.5306804511052119,True,343.35800566965094,0.018097542095548924,23,2944,256,3200,8.739936924993483,0.0,8.708588981177801,data/problems/fresh_depolarizing_01_rep1_r1.npz
fresh_depolarizing_01,depolarizing,1,1,8419,baseline,False,0.10405112007679472,0.2301262315358586,0.09524360428328499,0.0,False,41.27553000852534,0.016375046767225676,25,3200,256,3456,8.197068564400936,0.5428683605925464,8.243105935198619,data/problems/fresh_depolarizing_01_rep1_r1.npz
fresh_depolarizing_01,depolarizing,1,1,8419,dicke,False,0.0,0.19392747484614162,0.0022418440846708565,0.7031833666791909,True,296.9332863751951,0.004021307801778562,19,2432,256,2688,8.739936924993483,0.0,8.728045394295975,data/problems/fresh_depolarizing_01_rep1_r1.npz
fresh_depolarizing_01,depolarizing,1,1,8433,baseline,False,0.14025408883855986,0.26310129906829144,0.13181388750035145,0.0,False,18.49370414020946,0.027122704161164357,20,2560,256,2816,8.008189549730089,0.7317473752633941,8.0522236275696,data/problems/fresh_depolarizing_01_rep1_r1.npz
fresh_depolarizing_01,depolarizing,1,1,8433,dicke,False,0.00958013913845119,0.25766696195271377,0.007283518540923854,0.4700330178114913,False,269.98191947297363,0.002871925899541772,22,2816,256,3072,8.689956247540922,0.049980677452561295,8.701706844860706,data/problems/fresh_depolarizing_01_rep1_r1.npz
fresh_depolarizing_01,depolarizing,2,1,8401,baseline,False,0.03655136779755712,0.15252617099128438,0.030031251576907243,0.0007066267351405475,False,49.08925371026092,0.0003195688224719717,25,3200,256,3456,6.988854281724713,0.17133855183455804,7.019364332225808,data/problems/fresh_depolarizing_01_rep1_r2.npz
fresh_depolarizing_01,depolarizing,2,1,8401,dicke,False,0.0,0.15003811765674677,0.005658450377701884,0.42988940245860796,True,329.9835864448129,0.02532478239045055,19,2432,256,2688,7.160192833559271,0.0,7.133727792651193,data/problems/fresh_depolarizing_01_rep1_r2.npz
fresh_depolarizing_01,depolarizing,2,1,8419,baseline,False,0.0,0.12037548381581895,7.446517896320757e-05,0.9952237981691077,True,17.33006196346098,0.013096149879618935,24,3072,256,3328,7.160192833559271,0.0,7.159843367836081,data/problems/fresh_depolarizing_01_rep1_r2.npz
fresh_depolarizing_01,depolarizing,2,1,8419,dicke,False,0.014320983991558654,0.19459342220974554,0.00586201358727735,0.5086744909622495,False,363.9544537691387,0.03209122293482025,18,2304,256,2560,7.093689400729808,0.06650343282946292,7.132789306418555,data/problems/fresh_depolarizing_01_rep1_r2.npz
fresh_depolarizing_01,depolarizing,2,1,8433,baseline,False,0.016858025881419183,0.21486485727613933,0.01594082310071281,0.09223906731215226,False,52.79613255724297,0.06506688503003133,19,2432,256,2688,7.081320200246179,0.07887263331309224,7.085562264866515,data/problems/fresh_depolarizing_01_rep1_r2.npz
fresh_depolarizing_01,depolarizing,2,1,8433,dicke,False,0.014320983991558654,0.13623793088012212,0.0045159100721066485,0.5280742260652298,False,314.38917779455244,0.03522633724823443,20,2560,256,2816,7.093689400729808,0.06650343282946292,7.139065826340115,data/problems/fresh_depolarizing_01_rep1_r2.npz
fresh_depolarizing_02,depolarizing,1,0,8401,baseline,False,0.0,0.11973696450945105,5.6192787162419506e-64,1.0,True,11.88267418842324,0.014039661001569836,22,2816,256,3072,9.047807577142052,0.0,9.047807577142052,data/problems/fresh_depolarizing_02_rep0_r1.npz
fresh_depolarizing_02,depolarizing,1,0,8401,dicke,False,0.003656022202073572,0.26790003660334527,0.009780225679603412,0.05836870268772465,False,242.69887550527142,0.059331216716085766,18,2304,256,2560,9.023303882075513,0.02450369506653871,8.982265078821959,data/problems/fresh_depolarizing_02_rep0_r1.npz
fresh_depolarizing_02,depolarizing,1,0,8419,baseline,False,0.02179601683892706,0.18344818299938154,0.021312435886771126,0.0,False,40.82940184976181,0.01971474978668475,21,2688,256,2944,8.901755786880337,0.14605179026171555,8.904995229450815,data/problems/fresh_depolarizing_02_rep0_r1.npz
fresh_depolarizing_02,depolarizing,1,0,8419,dicke,False,0.0,0.24581555944889122,0.008281370673095123,0.39242346167158015,True,302.90481645103006,0.028515318215726282,22,2816,256,3072,9.047807577142052,0.0,8.992309308869219,data/problems/fresh_depolarizing_02_rep0_r1.npz
fresh_depolarizing_02,depolarizing,1,0,8433,baseline,False,0.03612853395917769,0.19243213196593778,0.027396796380505878,0.0,False,27.71634908799019,0.08170483304097242,26,3328,256,3584,8.805687721406697,0.24211985573535522,8.864213092376424,data/problems/fresh_depolarizing_02_rep0_r1.npz
fresh_depolarizing_02,depolarizing,1,0,8433,dicke,False,0.003656022202073572,0.25062706313990774,0.009282576209398642,0.15338424817874274,False,241.7639599555771,0.015263877241781021,20,2560,256,2816,9.023303882075513,0.02450369506653871,8.98559880284576,data/problems/fresh_depolarizing_02_rep0_r1.npz
fresh_depolarizing_02,depolarizing,2,0,8401,baseline,False,0.07509134707236848,0.2345020896310996,0.09078598668962226,0.0,False,34.62263100725021,0.015816538958151938,20,2560,256,2816,6.7171200061676695,0.383411489032051,6.637023032552718,data/problems/fresh_depolarizing_02_rep0_r2.npz
fresh_depolarizing_02,depolarizing,2,0,8401,dicke,False,0.005754094706316777,0.15326675893918215,0.004096513147065929,0.6585702319667639,False,308.5492237756353,0.030089705981819925,21,2688,256,2944,7.071156413146451,0.029375082053269885,7.079653419934828,data/problems/fresh_depolarizing_02_rep0_r2.npz
fresh_depolarizing_02,depolarizing,2,0,8419,baseline,False,0.09148145763030116,0.2709394189749534,0.09386006634218289,0.0,False,25.50694599839509,0.0009355530003958279,20,2560,256,2816,6.633457520332808,0.4670739748669126,6.621419994241109,data/problems/fresh_depolarizing_02_rep0_r2.npz
fresh_depolarizing_02,depolarizing,2,0,8419,dicke,False,0.0,0.1640370229573655,0.005538260987037812,0.5769974414624217,True,318.7072367477345,0.0406385779063978,24,3072,256,3328,7.1005314951997205,0.0,7.0723068743440685,data/problems/fresh_depolarizing_02_rep0_r2.npz
fresh_depolarizing_02,depolarizing,2,0,8433,baseline,False,0.055941775924095556,0.15992440867257135,0.05679890045206526,0.0,False,28.085151040713868,0.005807235984133463,22,2816,256,3072,6.815403441674957,0.28512805352476356,6.810731799904936,data/problems/fresh_depolarizing_02_rep0_r2.npz
fresh_depolarizing_02,depolarizing,2,0,8433,dicke,False,0.022913195480467004,0.21247840275102944,0.006062070057973577,0.5634791105585196,False,322.9268534719205,0.023210418434390867,19,2432,256,2688,6.983618987998358,0.11691250720136281,7.0696385483133515,data/problems/fresh_depolarizing_02_rep0_r2.npz
fresh_depolarizing_02,depolarizing,1,1,8401,baseline,False,0.06637415720324663,0.2184956191845496,0.04833377201852571,0.0,False,50.919560931831846,0.012937325642923048,19,2432,256,2688,8.796612176718906,0.4278694393511522,8.912907615876405,data/problems/fresh_depolarizing_02_rep1_r1.npz
fresh_depolarizing_02,depolarizing,1,1,8401,dicke,False,0.0,0.23230139466090216,0.003826564165246128,0.7211232040830847,True,309.98337856812583,0.06931709732535563,21,2688,256,2944,9.224481616070058,0.0,9.199814530300436,data/problems/fresh_depolarizing_02_rep1_r1.npz
fresh_depolarizing_02,depolarizing,1,1,8419,baseline,False,0.1252097517017029,0.2585650909288287,0.12309352355296807,0.0,False,31.575925293709183,0.043643620992515064,22,2816,256,3072,8.417338484130502,0.8071431319395561,8.430989853209521,data/problems/fresh_depolarizing_02_rep1_r1.npz
fresh_depolarizing_02,depolarizing,1,1,8419,dicke,False,0.0,0.23183390845934795,0.0023984948676728534,0.8114015541603268,True,281.73159066514813,0.031113127795912243,24,3072,256,3328,9.224481616070058,0.0,9.209020192074513,data/problems/fresh_depolarizing_02_rep1_r1.npz
fresh_depolarizing_02,depolarizing,1,1,8433,baseline,False,0.07835876590806883,0.24974983512511625,0.07656268138144787,0.0,False,32.29246653011945,0.06634428259060465,22,2816,256,3072,8.719362563576166,0.5051190524938924,8.73093914340525,data/problems/fresh_depolarizing_02_rep1_r1.npz
fresh_depolarizing_02,depolarizing,1,1,8433,dicke,False,0.0,0.2346021608028584,0.0015908425024190472,0.872501827867568,True,244.91608730076055,0.06145704806128127,20,2560,256,2816,9.224481616070058,0.0,9.214226548855201,data/problems/fresh_depolarizing_02_rep1_r1.npz
fresh_depolarizing_02,depolarizing,2,1,8401,baseline,False,0.014923056772322762,0.17764766515698743,0.026087096926474367,0.0,False,37.16236667067012,0.03317204222021175,17,2176,256,2432,6.715261273657983,0.07114014618912012,6.662048545372563,data/problems/fresh_depolarizing_02_rep1_r2.npz
fresh_depolarizing_02,depolarizing,2,1,8401,dicke,False,0.000186827381305598,0.18421728324036155,0.003095956969255802,0.1616383953787458,False,242.689576067928,0.05724470380833502,19,2432,256,2688,6.7855230219369425,0.0008783979101609773,6.7716504340999695,data/problems/fresh_depolarizing_02_rep1_r2.npz
fresh_depolarizing_02,depolarizing,2,1,8419,baseline,False,0.0,0.10099717520792181,0.002644151973087052,0.5841615538420806,True,65.480392545573,0.05107205664074321,18,2304,256,2560,6.786401419847103,0.0,6.773798437718485,data/problems/fresh_depolarizing_02_rep1_r2.npz
fresh_depolarizing_02,depolarizing,2,1,8419,dicke,False,0.0,0.17302631571056332,0.002288304939772226,0.4061209309672422,True,332.9252283958422,0.00979481066993948,18,2304,256,2560,6.786401419847103,0.0,6.775497863843858,data/problems/fresh_depolarizing_02_rep1_r2.npz
fresh_depolarizing_02,depolarizing,2,1,8433,baseline,False,0.030776212560243783,0.1425147260427397,0.032769090088982565,0.0,False,37.29917110890338,0.001773277967693332,22,2816,256,3072,6.639694101507993,0.14670731833911077,6.630199861967221,data/problems/fresh_depolarizing_02_rep1_r2.npz
fresh_depolarizing_02,depolarizing,2,1,8433,dicke,False,0.000186827381305598,0.12771378356125107,0.0009255584570563773,0.666258180119551,False,280.8042050902098,0.018154395097448095,24,3072,256,3328,6.7855230219369425,0.0008783979101609773,6.781992202526715,data/problems/fresh_depolarizing_02_rep1_r2.npz
fresh_depolarizing_03,depolarizing,1,0,8401,baseline,False,0.04881909352944468,0.17778841420465746,0.054554322944406465,0.0,False,14.876403935597958,0.01170036679967179,22,2816,256,3072,9.151671791749653,0.3402076924142232,9.111976883212787,data/problems/fresh_depolarizing_03_rep0_r1.npz
fresh_depolarizing_03,depolarizing,1,0,8401,dicke,False,0.012390645378543341,0.16174290613593423,0.0021963576372256753,0.7260180985562954,False,279.9921723603986,0.03300320330636186,25,3200,256,3456,9.40526379087901,0.08661569328486607,9.476488808633233,data/problems/fresh_depolarizing_03_rep0_r1.npz
fresh_depolarizing_03,depolarizing,1,0,8419,baseline,False,0.04237843821623804,0.16790158058616375,0.047971290572074485,0.0,False,18.81734876454149,0.05274028625936289,20,2560,256,2816,9.19659180146528,0.2952876826985964,9.157798332314286,data/problems/fresh_depolarizing_03_rep0_r1.npz
fresh_depolarizing_03,depolarizing,1,0,8419,dicke,False,0.0,0.22687602186860784,0.004087494855689766,0.5447577847402076,True,320.3906162367849,0.1312604217556963,18,2304,256,2560,9.491879484163876,0.0,9.46327849046945,data/problems/fresh_depolarizing_03_rep0_r1.npz
fresh_depolarizing_03,depolarizing,1,0,8433,baseline,False,0.07211539918311084,0.255575197213171,0.0697300163005159,0.0,False,32.21866117687871,0.049273671333978974,23,2944,256,3200,8.992771514478935,0.49910796968494076,9.00615722588962,data/problems/fresh_depolarizing_03_rep0_r1.npz
fresh_depolarizing_03,depolarizing,1,0,8433,dicke,False,0.0,0.24773382628753518,0.004638626397203356,0.6750474817619858,True,272.25112451229916,0.03553777210826414,21,2688,256,2944,9.491879484163876,0.0,9.459493114425602,data/problems/fresh_depolarizing_03_rep0_r1.npz
fresh_depolarizing_03,depolarizing,2,0,8401,baseline,False,0.03435399504133942,0.18318219808393568,0.03444788174718245,0.0,False,48.261319338556305,0.01546658397974554,19,2432,256,2688,6.993525683965085,0.1670732168457585,6.993072040636893,data/problems/fresh_depolarizing_03_rep0_r2.npz
fresh_depolarizing_03,depolarizing,2,0,8401,dicke,False,0.0,0.15067568375687998,0.0007595825962029911,0.912921178373175,True,227.25533173256892,0.008364327547575545,27,3456,256,3712,7.160598900810843,0.0,7.15690429881642,data/problems/fresh_depolarizing_03_rep0_r2.npz
fresh_depolarizing_03,depolarizing,2,0,8419,baseline,False,0.03581637182915082,0.13361314469180313,0.0350018344120943,0.0,False,41.31693340431622,0.0015035150424624888,20,2560,256,2816,6.986422892396131,0.1741760084147117,6.990390537783676,data/problems/fresh_depolarizing_03_rep0_r2.npz
fresh_depolarizing_03,depolarizing,2,0,8419,dicke,False,0.008655841321233064,0.20633596692033385,0.004938106079168919,0.45219121648724836,False,210.1563124729006,0.024647459924735937,23,2944,256,3200,7.118504362999893,0.04209453781095007,7.136568630865945,data/problems/fresh_depolarizing_03_rep0_r2.npz
fresh_depolarizing_03,depolarizing,2,0,8433,baseline,False,0.008655841321233064,0.1361233977249405,0.008267110183189425,0.0844257120545775,False,31.91494044259016,0.019147368701277978,19,2432,256,2688,7.118504362999893,0.04209453781095007,7.120383953278042,data/problems/fresh_depolarizing_03_rep0_r2.npz
fresh_depolarizing_03,depolarizing,2,0,8433,dicke,False,0.0,0.15250364870382982,0.0009128238594259344,0.8956908496416512,True,255.48263045863146,0.020501842865149944,22,2816,256,3072,7.160598900810843,0.0,7.156158674979761,data/problems/fresh_depolarizing_03_rep0_r2.npz
fresh_depolarizing_03,depolarizing,1,1,8401,baseline,False,0.024282009853436964,0.248129204615719,0.013884746485621326,0.023450281108516102,False,119.89650938657182,0.06065610667604249,20,2560,256,2816,9.40083151337199,0.16557638540805542,9.471364497561709,data/problems/fresh_depolarizing_03_rep1_r1.npz
fresh_depolarizing_03,depolarizing,1,1,8401,dicke,False,0.0,0.20781678329988532,0.0006386079844101695,0.7388287647330112,True,261.5206184571291,0.07545801898571214,24,3072,256,3328,9.566407898780046,0.0,9.561981279155201,data/problems/fresh_depolarizing_03_rep1_r1.npz
fresh_depolarizing_03,depolarizing,1,1,8419,baseline,False,0.0,0.1481924030679673,0.0034539884506181073,0.42584048213894143,True,31.00545597172977,0.006918452103579997,19,2432,256,2688,9.566407898780046,0.0,9.542679358495018,data/problems/fresh_depolarizing_03_rep1_r1.npz
fresh_depolarizing_03,depolarizing,1,1,8419,dicke,False,0.0002542675276403502,0.2737569011144471,0.003086012191924077,0.28682944747262884,False,244.80193171804143,0.1621925338364678,21,2688,256,2944,9.564398823638712,0.0020090751413341934,9.54516461446276,data/problems/fresh_depolarizing_03_rep1_r1.npz
fresh_depolarizing_03,depolarizing,1,1,8433,baseline,False,0.0,0.2488113582106451,0.00022532484604204648,0.9824897522240781,True,54.86759231046061,0.08220422010608153,21,2688,256,2944,9.566407898780046,0.0,9.564872645632233,data/problems/fresh_depolarizing_03_rep1_r1.npz
fresh_depolarizing_03,depolarizing,1,1,8433,dicke,False,0.0002542675276403502,0.27039518688242725,0.0035042458343009135,0.4720242274007711,False,331.36535143795527,0.025017434730888022,21,2688,256,2944,9.564398823638712,0.0020090751413341934,9.542352682831433,data/problems/fresh_depolarizing_03_rep1_r1.npz
fresh_depolarizing_03,depolarizing,2,1,8401,baseline,False,0.012172605897959531,0.328745330104108,0.0128309647152146,0.0,False,28.657166079798472,0.024108571146148172,23,2944,256,3200,7.01914381410776,0.05837483094804519,7.015991975551454,data/problems/fresh_depolarizing_03_rep1_r2.npz
fresh_depolarizing_03,depolarizing,2,1,8401,dicke,False,0.008296089770874525,0.22609225227242705,0.0037513806610734394,0.6221615590796316,False,264.91177153762857,0.03858038199813851,22,2816,256,3072,7.037721701379997,0.03979694367580766,7.059525009214614,data/problems/fresh_depolarizing_03_rep1_r2.npz
fresh_depolarizing_03,depolarizing,2,1,8419,baseline,False,0.044236535942060264,0.16449987677790118,0.04228062690749697,0.0,False,42.984099440350924,0.001985018255773685,20,2560,256,2816,6.865298857211789,0.21221978784401596,6.874694182059956,data/problems/fresh_depolarizing_03_rep1_r2.npz
fresh_depolarizing_03,depolarizing,2,1,8419,dicke,False,0.0,0.13415379128716734,0.0009699046338374094,0.8971832050017714,True,283.41426436559595,0.005677012302642392,18,2304,256,2560,7.077518645055805,0.0,7.072866410699107,data/problems/fresh_depolarizing_03_rep1_r2.npz
fresh_depolarizing_03,depolarizing,2,1,8433,baseline,False,0.06842405357235727,0.20801991668711284,0.06132397418060313,0.0,False,21.037679025560625,0.019900596631628353,21,2688,256,2944,6.7492337195756615,0.3282849254801432,6.783339430551421,data/problems/fresh_depolarizing_03_rep1_r2.npz
fresh_depolarizing_03,depolarizing,2,1,8433,dicke,False,0.008296089770874525,0.21518691146999647,0.004904049700965326,0.5641029483457667,False,353.07993758593346,0.003578889613604197,23,2944,256,3200,7.037721701379997,0.03979694367580766,7.053997367938152,data/problems/fresh_depolarizing_03_rep1_r2.npz
fresh_depolarizing_04,depolarizing,1,0,8401,baseline,False,0.058600794091703726,0.21804833227140652,0.06381111358042714,0.0,False,21.607767346724664,0.0002784497147656495,23,2944,256,3200,8.637314650094742,0.36859370472195074,8.604537666213986,data/problems/fresh_depolarizing_04_rep0_r1.npz
fresh_depolarizing_04,depolarizing,1,0,8401,dicke,False,0.004030508833060441,0.13967390097471313,0.0025200414290169606,0.6918755186210872,False,285.0893912109551,0.07962403369410787,26,3328,256,3584,8.980560463460144,0.025347891356549468,8.990063064623497,data/problems/fresh_depolarizing_04_rep0_r1.npz
fresh_depolarizing_04,depolarizing,1,0,8419,baseline,False,0.03349069801346737,0.12772529155127388,0.03458342094327183,0.0,False,29.549214928055566,0.02220706154296348,20,2560,256,2816,8.795298187737657,0.2106101670790359,8.78842530334639,data/problems/fresh_depolarizing_04_rep0_r1.npz
fresh_depolarizing_04,depolarizing,1,0,8419,dicke,False,0.004030508833060441,0.23301568371322617,0.008404758493737546,0.23008902531993825,False,261.949361910706,0.16042464392391942,19,2432,256,2688,8.980560463460144,0.025347891356549468,8.953093892475142,data/problems/fresh_depolarizing_04_rep0_r1.npz
fresh_depolarizing_04,depolarizing,1,0,8433,baseline,False,0.03349069801346737,0.15330325173707424,0.028241191756955743,0.0,False,52.35643757800253,0.01382260986269479,21,2688,256,2944,8.795298187737657,0.2106101670790359,8.828303227790236,data/problems/fresh_depolarizing_04_rep0_r1.npz
fresh_depolarizing_04,depolarizing,1,0,8433,dicke,False,0.004030508833060441,0.1423775209364896,0.0022944972824231738,0.6857611855456467,False,262.4869318912065,0.028694776406696043,21,2688,256,2944,8.980560463460144,0.025347891356549468,8.991481167914955,data/problems/fresh_depolarizing_04_rep0_r1.npz
fresh_depolarizing_04,depolarizing,2,0,8401,baseline,False,0.008438395517310373,0.21931066588726192,0.0053000453916194415,0.04066936447407721,False,57.87855420421095,0.0002571453206733354,21,2688,256,2944,7.490046964343713,0.06288603537068038,7.512080926779662,data/problems/fresh_depolarizing_04_rep0_r2.npz
fresh_depolarizing_04,depolarizing,2,0,8401,dicke,False,0.0,0.18937083656994425,0.0009964245953387098,0.6945048801830125,True,279.3784447000209,0.07251027699963872,25,3200,256,3456,7.552932999714393,0.0,7.54565584544915,data/problems/fresh_depolarizing_04_rep0_r2.npz
fresh_depolarizing_04,depolarizing,2,0,8419,baseline,False,0.0,0.13800970295592047,1.661210068388078e-08,0.9999945432176419,True,12.810377444768474,0.02734293731377377,20,2560,256,2816,7.552932999714393,0.0,7.552932898133802,data/problems/fresh_depolarizing_04_rep0_r2.npz
fresh_depolarizing_04,depolarizing,2,0,8419,dicke,False,0.008438395517310373,0.2744116606082262,0.0048647168728777855,0.076072170144168,False,264.9597876080821,0.1242596360478303,18,2304,256,2560,7.490046964343713,0.06288603537068038,7.5081282722014295,data/problems/fresh_depolarizing_04_rep0_r2.npz
fresh_depolarizing_04,depolarizing,2,0,8433,baseline,False,0.004666444316032626,0.2202435832085804,0.00463270941923294,0.03368356688522722,False,33.12941803936811,0.0089681946407279,22,2816,256,3072,7.512490394321341,0.040442605393052666,7.512286528273434,data/problems/fresh_depolarizing_04_rep0_r2.npz
fresh_depolarizing_04,depolarizing,2,0,8433,dicke,False,0.003044303326348366,0.1684407784455945,0.0006984343206264572,0.7840942766584904,False,280.21686037318125,0.0126598628659082,29,3712,256,3968,7.534317525581526,0.018615474132867682,7.54784411292732,data/problems/fresh_depolarizing_04_rep0_r2.npz
fresh_depolarizing_04,depolarizing,1,1,8401,baseline,False,0.0,0.17765976318362087,0.0003012889758746049,0.7110472255823057,True,70.48942199296572,0.08725412001576505,23,2944,256,3200,9.08371050609029,0.0,9.081662568561747,data/problems/fresh_depolarizing_04_rep1_r1.npz
fresh_depolarizing_04,depolarizing,1,1,8401,dicke,False,0.0,0.18698328212997556,0.001253391391004406,0.7223973049051465,True,273.7290589106702,0.04896448850215229,25,3200,256,3456,9.08371050609029,0.0,9.075127541251216,data/problems/fresh_depolarizing_04_rep1_r1.npz
fresh_depolarizing_04,depolarizing,1,1,8419,baseline,False,0.0006843419170912873,0.20475144102350878,0.0006924299026623941,0.050427185708978195,False,21.113991357665277,0.004090740846695695,25,3200,256,3456,9.07908105386527,0.004629452225019648,9.079022573569624,data/problems/fresh_depolarizing_04_rep1_r1.npz
fresh_depolarizing_04,depolarizing,1,1,8419,dicke,False,0.0,0.188849678637213,0.0013358363676418605,0.711749446385471,True,274.30396245952585,0.06366410986696369,20,2560,256,2816,9.08371050609029,0.0,9.074562461749455,data/problems/fresh_depolarizing_04_rep1_r1.npz
fresh_depolarizing_04,depolarizing,1,1,8433,baseline,False,0.021367771494684707,0.22750910771857127,0.02712408494638264,0.0007572580980605981,False,48.44392678322978,0.021661565219766032,21,2688,256,2944,8.937391734779263,0.14631877131102655,8.897854894121286,data/problems/fresh_depolarizing_04_rep1_r1.npz
fresh_depolarizing_04,depolarizing,1,1,8433,dicke,False,0.0,0.2513811241310127,0.004452614840094907,0.5660325007768776,True,293.14580691431695,0.006573864461353551,21,2688,256,2944,9.08371050609029,0.0,9.053191385329402,data/problems/fresh_depolarizing_04_rep1_r1.npz
fresh_depolarizing_04,depolarizing,2,1,8401,baseline,False,0.10012594695181508,0.2112493657896974,0.08936143751596079,0.0,False,29.26341293189979,0.0003239924032305552,24,3072,256,3328,6.426441373624942,0.29824034954901624,6.458502685463119,data/problems/fresh_depolarizing_04_rep1_r2.npz
fresh_depolarizing_04,depolarizing,2,1,8401,dicke,False,0.0,0.17902298236278405,0.0119702484711074,0.5484566163657334,True,307.40852023923253,0.011850649430603433,29,3712,256,3968,6.724681723173958,0.0,6.689021806321734,data/problems/fresh_depolarizing_04_rep1_r2.npz
fresh_depolarizing_04,depolarizing,2,1,8419,baseline,False,0.08309854621865417,0.23782514644836075,0.08198386320249461,0.0,False,51.4874093185809,0.03499176170618945,23,2944,256,3200,6.4771572956448535,0.24752442752910486,6.480477351543938,data/problems/fresh_depolarizing_04_rep1_r2.npz
fresh_depolarizing_04,depolarizing,2,1,8419,dicke,False,0.029678196373154362,0.23804527004944978,0.012852909800848555,0.5410706522453506,False,303.5094377122575,0.024275601812076886,20,2560,256,2816,6.636269234931262,0.08841248824269599,6.686393137743837,data/problems/fresh_depolarizing_04_rep1_r2.npz
fresh_depolarizing_04,depolarizing,2,1,8433,baseline,False,0.029678196373154362,0.21627348468931887,0.03986049985551407,0.0,False,41.17673156718553,0.011091820663143181,21,2688,256,2944,6.636269234931262,0.08841248824269599,6.605941549574879,data/problems/fresh_depolarizing_04_rep1_r2.npz
fresh_depolarizing_04,depolarizing,2,1,8433,dicke,False,0.0,0.206865090230986,0.012943810399345277,0.5298597461049674,True,330.4389106380513,0.006571927479930295,24,3072,256,3328,6.724681723173958,0.0,6.686121879682795,data/problems/fresh_depolarizing_04_rep1_r2.npz
fresh_driven_dissipation_00,driven_dissipation,1,0,8401,baseline,False,0.07500259297168498,0.2814935836834821,0.05675181953845574,0.0,False,25.322973037949158,0.018334401500136543,18,2304,256,2560,9.293750561803476,0.3849592623096587,9.387822625622006,data/problems/fresh_driven_dissipation_00_rep0_r1.npz
fresh_driven_dissipation_00,driven_dissipation,1,0,8401,dicke,False,0.03389407425175718,0.3012885133463653,0.027188234224934972,0.3537388156766177,False,264.26598482167975,0.014775842603037326,19,2432,256,2688,9.505365950166471,0.1733438739466635,9.539730134369325,data/problems/fresh_driven_dissipation_00_rep0_r1.npz
fresh_driven_dissipation_00,driven_dissipation,1,0,8419,baseline,False,0.07500259297168498,0.2135042747512116,0.07415187515936575,0.0,False,44.22346388853635,0.030105323339964407,19,2432,256,2688,9.293750561803476,0.3849592623096587,9.298256632776347,data/problems/fresh_driven_dissipation_00_rep0_r1.npz
fresh_driven_dissipation_00,driven_dissipation,1,0,8419,dicke,False,0.008328449285853762,0.30643486911960294,0.00949476728679842,0.4673889438118517,False,345.00252311808754,0.015119956055166028,18,2304,256,2560,9.636223126345234,0.042486697767900594,9.630221044587373,data/problems/fresh_driven_dissipation_00_rep0_r1.npz
fresh_driven_dissipation_00,driven_dissipation,1,0,8433,baseline,False,0.12385360832755038,0.2604507848138067,0.12131646197778821,0.0,False,39.60704884813477,0.01884732103503861,19,2432,256,2688,9.045521061958091,0.6331887621550436,9.058381673492567,data/problems/fresh_driven_dissipation_00_rep0_r1.npz
fresh_driven_dissipation_00,driven_dissipation,1,0,8433,dicke,False,0.0,0.30057727562784536,0.01223293146420785,0.5890550618342176,True,276.9928086128087,0.14828242436104855,23,2944,256,3200,9.678709824113135,0.0,9.616236606360209,data/problems/fresh_driven_dissipation_00_rep0_r1.npz
fresh_driven_dissipation_00,driven_dissipation,2,0,8401,baseline,False,0.02841396485247162,0.11522708954452057,0.03223178090015325,0.0,False,28.795770379077513,0.0015849989554119759,24,3072,256,3328,7.8218855110039724,0.13789344196143727,7.8026702607099,data/problems/fresh_driven_dissipation_00_rep0_r2.npz
fresh_driven_dissipation_00,driven_dissipation,2,0,8401,dicke,False,0.0,0.20101867882292038,0.0029862094709542,0.5157553524004532,True,363.8693140843959,0.05342979730115882,20,2560,256,2816,7.95977895296541,0.0,7.944591634000286,data/problems/fresh_driven_dissipation_00_rep0_r2.npz
fresh_driven_dissipation_00,driven_dissipation,2,0,8419,baseline,False,0.01640348339987548,0.12368836986181593,0.01620076680935487,0.002836494663670641,False,57.569721577251194,0.0028392770236767007,23,2944,256,3200,7.879208203618798,0.08057074934661212,7.879894647603202,data/problems/fresh_driven_dissipation_00_rep0_r2.npz
fresh_driven_dissipation_00,driven_dissipation,2,0,8419,dicke,False,0.0,0.13848751433883108,0.0012320024793390928,0.6823859023384524,True,288.1500110242376,0.00290865077125968,21,2688,256,2944,7.95977895296541,0.0,7.95333973086818,data/problems/fresh_driven_dissipation_00_rep0_r2.npz
fresh_driven_dissipation_00,driven_dissipation,2,0,8433,baseline,False,0.06004151739190607,0.210812583252483,0.05722225239944767,0.0,False,23.612371978963832,0.05391208664751712,22,2816,256,3072,7.668039648254776,0.29173930471063336,7.68110018030624,data/problems/fresh_driven_dissipation_00_rep0_r2.npz
fresh_driven_dissipation_00,driven_dissipation,2,0,8433,dicke,False,0.0,0.1486331157112518,0.0010270110569865951,0.7275344354385731,True,264.08056142729157,0.06284099180518687,21,2688,256,2944,7.95977895296541,0.0,7.954400921642769,data/problems/fresh_driven_dissipation_00_rep0_r2.npz
fresh_driven_dissipation_00,driven_dissipation,1,1,8401,baseline,False,0.17508135197302363,0.28949729701009,0.1735174288380714,0.0,False,10.557404831103335,4.487974148670304e-05,24,3072,256,3328,8.397486596214765,0.7572901113842647,8.404328025821007,data/problems/fresh_driven_dissipation_00_rep1_r1.npz
fresh_driven_dissipation_00,driven_dissipation,1,1,8401,dicke,False,0.0,0.2846082658693258,0.01213310942351927,0.4915746774217231,True,347.8564360953862,0.02181857673911658,21,2688,256,2944,9.15477670759903,0.0,9.102276404056314,data/problems/fresh_driven_dissipation_00_rep1_r1.npz
fresh_driven_dissipation_00,driven_dissipation,1,1,8419,baseline,False,0.014673981291385415,0.20906375714333159,0.012478207376428309,0.14964604274071158,False,33.09242014624415,0.0056916303081298025,22,2816,256,3072,9.092617272129555,0.062159435469475,9.101918575038217,data/problems/fresh_driven_dissipation_00_rep1_r1.npz
fresh_driven_dissipation_00,driven_dissipation,1,1,8419,dicke,False,0.014673981291385415,0.2853790385630491,0.010795543884115076,0.506130741035961,False,363.9881180838714,0.01606869762816121,22,2816,256,3072,9.092617272129555,0.062159435469475,9.108166222140703,data/problems/fresh_driven_dissipation_00_rep1_r1.npz
fresh_driven_dissipation_00,driven_dissipation,1,1,8433,baseline,False,0.03584851848990358,0.25923809059623426,0.02418770437303684,0.06682320589092416,False,54.714617984350426,0.03262505770989854,22,2816,256,3072,8.999068075941784,0.15570863165724624,9.050261904628764,data/problems/fresh_driven_dissipation_00_rep1_r1.npz
fresh_driven_dissipation_00,driven_dissipation,1,1,8433,dicke,False,0.0,0.27056904865594195,0.020071551151450227,0.2920160548883576,True,270.26573961455597,0.0040561011519688606,23,2944,256,3200,9.15477670759903,0.0,9.067825855271664,data/problems/fresh_driven_dissipation_00_rep1_r1.npz
fresh_driven_dissipation_00,driven_dissipation,2,1,8401,baseline,False,0.06874967095257709,0.20710685348190525,0.047001248913656826,0.0002868514110762055,False,20.546230864922247,0.000990331942285927,25,3200,256,3456,6.933572940045378,0.21610480387982456,6.9978439663253935,data/problems/fresh_driven_dissipation_00_rep1_r2.npz
fresh_driven_dissipation_00,driven_dissipation,2,1,8401,dicke,False,0.0,0.2650607590344184,0.0013003298323075606,0.4758068846076652,True,359.7075818590135,0.0011851261781936628,21,2688,256,2944,7.130848723780724,0.01882902014447918,7.131811196850473,data/problems/fresh_driven_dissipation_00_rep1_r2.npz
fresh_driven_dissipation_00,driven_dissipation,2,1,8419,baseline,False,0.0693236217931729,0.18545710229774512,0.05015702127269155,0.0,False,24.334433678057632,0.010968957600061557,18,2304,256,2560,6.948010599797542,0.2016671441276605,6.991341363694249,data/problems/fresh_driven_dissipation_00_rep1_r2.npz
fresh_driven_dissipation_00,driven_dissipation,2,1,8419,dicke,False,0.0011216363571456044,0.26738084197736617,0.001341969937217254,0.531168279290717,False,264.5546487492759,0.022219642454441413,20,2560,256,2816,7.131553832127086,0.01812391179811712,7.130993748865576,data/problems/fresh_driven_dissipation_00_rep1_r2.npz
fresh_driven_dissipation_00,driven_dissipation,2,1,8433,baseline,False,0.12517134269324745,0.31563130232470216,0.1266531505353601,0.0,False,20.382694254775423,0.008321125706486576,29,3712,256,3968,6.767178216650567,0.38249952727463565,6.764052292278255,data/problems/fresh_driven_dissipation_00_rep1_r2.npz
fresh_driven_dissipation_00,driven_dissipation,2,1,8433,dicke,False,0.0011216363571456044,0.2737928869474211,0.0014832582291134811,0.4948173900642715,False,262.68545164991525,0.04130567977350896,18,2304,256,2560,7.131553832127086,0.01812391179811712,7.130811174030839,data/problems/fresh_driven_dissipation_00_rep1_r2.npz
fresh_driven_dissipation_01,driven_dissipation,1,0,8401,baseline,False,0.024291744442681378,0.21716707683017936,0.02190028698972494,0.08551001727883512,False,39.58720503645661,0.015760539920856687,22,2816,256,3072,8.674038434024766,0.11062417172736438,8.68499678633543,data/problems/fresh_driven_dissipation_01_rep0_r1.npz
fresh_driven_dissipation_01,driven_dissipation,1,0,8401,dicke,False,0.011363000050066886,0.312394289087792,0.013416925650273491,0.4608567795908163,False,288.7284808433851,0.04581341625270419,18,2304,256,2560,8.734180569967059,0.05048203578507149,8.724205616112808,data/problems/fresh_driven_dissipation_01_rep0_r1.npz
fresh_driven_dissipation_01,driven_dissipation,1,0,8419,baseline,False,0.0800033495489009,0.29635772969127816,0.08480303869823745,0.0,False,29.77770163578268,0.011186494811644465,18,2304,256,2560,8.420753863688939,0.3639087420631917,8.399085949335054,data/problems/fresh_driven_dissipation_01_rep0_r1.npz
fresh_driven_dissipation_01,driven_dissipation,1,0,8419,dicke,False,0.0,0.3122278172383509,0.013619989378571052,0.4376658660701904,True,268.82275472183966,0.05229878814756894,21,2688,256,2944,8.78466260575213,0.0,8.72331745577685,data/problems/fresh_driven_dissipation_01_rep0_r1.npz
fresh_driven_dissipation_01,driven_dissipation,1,0,8433,baseline,False,0.0,0.2590220096033047,0.005375127560469041,0.7743886954929667,True,27.82069742068302,0.04215676849658845,20,2560,256,2816,8.78466260575213,0.0,8.760194765290027,data/problems/fresh_driven_dissipation_01_rep0_r1.npz
fresh_driven_dissipation_01,driven_dissipation,1,0,8433,dicke,False,0.03582915312143576,0.2643987676452407,0.00632155150468564,0.5926308228755206,False,285.036105676988,0.0674121604175486,21,2688,256,2944,8.623183042273004,0.1614795634791264,8.756338573972567,data/problems/fresh_driven_dissipation_01_rep0_r1.npz
fresh_driven_dissipation_01,driven_dissipation,2,0,8401,baseline,False,0.05108831495640201,0.2522918405028995,0.05026959849721904,0.0,False,63.958616740313765,0.053921058104562825,21,2688,256,2944,6.578979534470153,0.1486705872427745,6.581323810296572,data/problems/fresh_driven_dissipation_01_rep0_r2.npz
fresh_driven_dissipation_01,driven_dissipation,2,0,8401,dicke,False,0.0,0.22602348045109985,0.004980688608822144,0.5198761577076911,True,339.18055727818734,0.026435624797750634,20,2560,256,2816,6.727650121712927,0.0,6.713145094670784,data/problems/fresh_driven_dissipation_01_rep0_r2.npz
fresh_driven_dissipation_01,driven_dissipation,2,0,8419,baseline,False,0.07453264254557937,0.1624288799308466,0.07535360346144972,0.0,False,19.604978970905925,0.002602082341007339,22,2816,256,3072,6.510809305513504,0.21684081619942308,6.508417861572541,data/problems/fresh_driven_dissipation_01_rep0_r2.npz
fresh_driven_dissipation_01,driven_dissipation,2,0,8419,dicke,False,0.004852250047468996,0.2529646137640188,0.005569072684399568,0.49732913334080797,False,363.7849626474331,0.08812557284652733,25,3200,256,3456,6.713572661450161,0.014077460262766017,6.711431011398613,data/problems/fresh_driven_dissipation_01_rep0_r2.npz
fresh_driven_dissipation_01,driven_dissipation,2,0,8433,baseline,False,0.0,0.038702248106232434,2.8867869156112502e-11,0.9999999940506222,True,6.701107774366638,0.0009239689471023382,24,3072,256,3328,6.727650121712927,0.0,6.727650121629175,data/problems/fresh_driven_dissipation_01_rep0_r2.npz
fresh_driven_dissipation_01,driven_dissipation,2,0,8433,dicke,False,0.014139875589898565,0.22377340212153177,0.004617090808789081,0.5114129860237141,False,331.1131064419102,0.010129757268701134,23,2944,256,3200,6.686398939540491,0.041251182172436174,6.714206486167848,data/problems/fresh_driven_dissipation_01_rep0_r2.npz
fresh_driven_dissipation_01,driven_dissipation,1,1,8401,baseline,False,0.07398436599885005,0.4013447607747179,0.03513264212074644,0.0,False,32.586843384956225,0.024861921982760826,20,2560,256,2816,8.938664058605948,0.3533139990762848,9.124098732564434,data/problems/fresh_driven_dissipation_01_rep1_r1.npz
fresh_driven_dissipation_01,driven_dissipation,1,1,8401,dicke,False,0.008569022798790796,0.27910116547510133,0.005304677070277511,0.5173887298652896,False,255.04810274639172,0.05892112356207235,23,2944,256,3200,9.250924771341875,0.04105328634035743,9.266584789266854,data/problems/fresh_driven_dissipation_01_rep1_r1.npz
fresh_driven_dissipation_01,driven_dissipation,1,1,8419,baseline,False,0.06777605790278467,0.28716761138520935,0.0678380080500252,0.0,False,23.990704343373583,0.06545498313413312,22,2816,256,3072,8.968317345596386,0.32366071208584657,8.967956203176435,data/problems/fresh_driven_dissipation_01_rep1_r1.npz
fresh_driven_dissipation_01,driven_dissipation,1,1,8419,dicke,False,0.008569022798790796,0.2629795786391433,0.005345380872660149,0.5135991595043972,False,265.32341158608745,0.04190207252923095,24,3072,256,3328,9.250924771341875,0.04105328634035743,9.266391348399184,data/problems/fresh_driven_dissipation_01_rep1_r1.npz
fresh_driven_dissipation_01,driven_dissipation,1,1,8433,baseline,False,0.0868061125434913,0.30021837274542446,0.08688073929518597,0.0,False,38.072749537203734,0.008310116969292736,20,2560,256,2816,8.877464961410372,0.41451309627186106,8.87710854388178,data/problems/fresh_driven_dissipation_01_rep1_r1.npz
fresh_driven_dissipation_01,driven_dissipation,1,1,8433,dicke,False,0.0,0.27502896145941297,0.006059042819159841,0.5105069854107193,True,286.4374441862663,0.09441668499355238,24,3072,256,3328,9.291978057682233,0.0,9.262984284275413,data/problems/fresh_driven_dissipation_01_rep1_r1.npz
fresh_driven_dissipation_01,driven_dissipation,2,1,8401,baseline,False,0.059894465918141876,0.21179916718149883,0.07663852154488973,0.0,False,21.186789922423337,0.0017997469816668499,23,2944,256,3200,6.855071946328916,0.20730807704210452,6.796765930531342,data/problems/fresh_driven_dissipation_01_rep1_r2.npz
fresh_driven_dissipation_01,driven_dissipation,2,1,8401,dicke,False,0.0,0.255537343813019,0.004144121849899235,0.44782049333056195,True,269.6519383134578,0.0022503103413971104,23,2944,256,3200,7.062380023371021,0.0,7.048183537666661,data/problems/fresh_driven_dissipation_01_rep1_r2.npz
fresh_driven_dissipation_01,driven_dissipation,2,1,8419,baseline,False,0.0576368443003972,0.24124109130170115,0.06826073643425172,0.0,False,49.81280490272226,0.04931653611901066,23,2944,256,3200,6.863022808804455,0.1993572145665654,6.826214771571383,data/problems/fresh_driven_dissipation_01_rep1_r2.npz
fresh_driven_dissipation_01,driven_dissipation,2,1,8419,dicke,False,0.0,0.21417477232883605,0.00029532059205184105,0.8650810958417083,True,311.0141813575732,0.01525554422991604,18,2304,256,2560,7.062380023371021,0.0,7.0614330559551926,data/problems/fresh_driven_dissipation_01_rep1_r2.npz
fresh_driven_dissipation_01,driven_dissipation,2,1,8433,baseline,False,0.11244359885001881,0.2448904578440059,0.11122922452265584,0.0,False,21.456526227799934,0.032037597099972004,23,2944,256,3200,6.673041916134425,0.389338107236596,6.677347130219507,data/problems/fresh_driven_dissipation_01_rep1_r2.npz
fresh_driven_dissipation_01,driven_dissipation,2,1,8433,dicke,False,0.0012512425214975605,0.20344353696394624,0.000740947311776196,0.7432465906707912,False,334.4892938545546,0.038686848052607914,19,2432,256,2688,7.058677039139036,0.003702984231984452,7.059948617250418,data/problems/fresh_driven_dissipation_01_rep1_r2.npz
fresh_driven_dissipation_02,driven_dissipation,1,0,8401,baseline,False,0.13154045631234249,0.24377760162656853,0.14453217652688682,0.0,False,9.413341904214365,0.023143654824671955,21,2688,256,2944,8.806349346956162,0.721978144728066,8.73503823259409,data/problems/fresh_driven_dissipation_02_rep0_r1.npz
fresh_driven_dissipation_02,driven_dissipation,1,0,8401,dicke,False,0.020610914264491218,0.31779703073412235,0.011466339128740208,0.5605347857307403,False,332.698420231309,0.004996155604842123,21,2688,256,2944,9.414971702247406,0.11335578943682201,9.465328328816932,data/problems/fresh_driven_dissipation_02_rep0_r1.npz
fresh_driven_dissipation_02,driven_dissipation,1,0,8419,baseline,False,0.09858134129986675,0.26113163597821604,0.09526644266086498,0.0,False,56.785296526841826,0.010931256286907498,20,2560,256,2816,8.987250259918023,0.5410772317662058,9.005444842875812,data/problems/fresh_driven_dissipation_02_rep0_r1.npz
fresh_driven_dissipation_02,driven_dissipation,1,0,8419,dicke,False,0.0,0.262486980493259,0.0077002332625284355,0.6650290560634471,True,317.23045568577066,0.015146878289016286,20,2560,256,2816,9.528327491684228,0.0,9.486003837845761,data/problems/fresh_driven_dissipation_02_rep0_r1.npz
fresh_driven_dissipation_02,driven_dissipation,1,0,8433,baseline,False,0.1677518186067136,0.32600756599678526,0.15853747175786895,0.0,False,49.45497753753055,0.004850760924080433,19,2432,256,2688,8.60764405934433,0.9206834323398976,8.658003843026636,data/problems/fresh_driven_dissipation_02_rep0_r1.npz
fresh_driven_dissipation_02,driven_dissipation,1,0,8433,dicke,False,0.0,0.32961323706854156,0.01585357445621665,0.46391022052388586,True,350.3059944357185,0.06461443051718074,20,2560,256,2816,9.528327491684228,0.0,9.441249947127229,data/problems/fresh_driven_dissipation_02_rep0_r1.npz
fresh_driven_dissipation_02,driven_dissipation,2,0,8401,baseline,False,0.1176536372255469,0.2152673974013659,0.12823621143107353,0.0,False,33.252862595752525,0.0031099828661549367,22,2816,256,3072,6.8803229326251465,0.48002752909263435,6.837700830888971,data/problems/fresh_driven_dissipation_02_rep0_r2.npz
fresh_driven_dissipation_02,driven_dissipation,2,0,8401,dicke,False,0.0,0.19237389666311538,0.0058088279074966324,0.6129135897696856,True,278.0447177068966,0.02725349899416507,20,2560,256,2816,7.360350461717781,0.0,7.336626838154846,data/problems/fresh_driven_dissipation_02_rep0_r2.npz
fresh_driven_dissipation_02,driven_dissipation,2,0,8419,baseline,False,0.09484555610501007,0.23260108065760607,0.09871928550381345,0.0,False,20.07269245485669,0.03777534376862057,21,2688,256,2944,6.973081706663513,0.3872687550542677,6.95750102084936,data/problems/fresh_driven_dissipation_02_rep0_r2.npz
fresh_driven_dissipation_02,driven_dissipation,2,0,8419,dicke,False,0.04224399598062083,0.26184416655067466,0.01962111674350233,0.21646814682271198,False,266.207648841691,0.0011225768795206648,24,3072,256,3328,7.188228906149779,0.17212155556800202,7.279657224539076,data/problems/fresh_driven_dissipation_02_rep0_r2.npz
fresh_driven_dissipation_02,driven_dissipation,2,0,8433,baseline,False,0.08877940786351697,0.2497893367163708,0.08214328461003775,0.0,False,62.56080912394915,0.0032459635607846593,23,2944,256,3200,6.998427064483841,0.36192339723393996,7.0251310658952,data/problems/fresh_driven_dissipation_02_rep0_r2.npz
fresh_driven_dissipation_02,driven_dissipation,2,0,8433,dicke,False,0.0,0.18689908739078887,0.004657647816617958,0.6620903598304322,True,289.7122750335522,0.0063063676780226174,19,2432,256,2688,7.360350461717781,0.0,7.34136879863857,data/problems/fresh_driven_dissipation_02_rep0_r2.npz
fresh_driven_dissipation_02,driven_dissipation,1,1,8401,baseline,False,0.17812739052303447,0.2839596686706133,0.1800222898663607,0.0,False,23.60297401565443,2.3432479760998604e-06,24,3072,256,3328,8.293341623425729,1.0036439635857963,8.282642052817149,data/problems/fresh_driven_dissipation_02_rep1_r1.npz
fresh_driven_dissipation_02,driven_dissipation,1,1,8401,dicke,False,0.0,0.2594969550905883,0.016373307958558216,0.6521220915955448,True,310.02715545725016,0.004060184771816466,24,3072,256,3328,9.296985587011525,0.0,9.204686247743703,data/problems/fresh_driven_dissipation_02_rep1_r1.npz
fresh_driven_dissipation_02,driven_dissipation,1,1,8419,baseline,False,0.15426846301579583,0.24892049095937288,0.17562902898500213,0.0,False,24.913459950936282,0.003124028899052611,21,2688,256,2944,8.427545678086629,0.8694399089248961,8.307645796786172,data/problems/fresh_driven_dissipation_02_rep1_r1.npz
fresh_driven_dissipation_02,driven_dissipation,1,1,8419,dicke,False,0.041286634975393526,0.28608383486272176,0.021291371058077983,0.5715641700820437,False,348.17311471207495,0.03282036500168406,22,2816,256,3072,9.064130009714967,0.23285557729655793,9.176979086382604,data/problems/fresh_driven_dissipation_02_rep1_r1.npz
fresh_driven_dissipation_02,driven_dissipation,1,1,8433,baseline,False,0.25892204974038124,0.3620468362058473,0.26291762002210917,0.0,False,16.05313084132517,0.025263083951587717,23,2944,256,3200,7.837891175089171,1.4590944119223543,7.815447136195292,data/problems/fresh_driven_dissipation_02_rep1_r1.npz
fresh_driven_dissipation_02,driven_dissipation,1,1,8433,dicke,False,0.0,0.3033257824385999,0.01366361182469837,0.7107627657645693,True,283.3556185940424,0.11883026763876448,17,2176,256,2432,9.296985587011525,0.0,9.219959816034253,data/problems/fresh_driven_dissipation_02_rep1_r1.npz
fresh_driven_dissipation_02,driven_dissipation,2,1,8401,baseline,False,0.1258199688157441,0.1836460356299389,0.10489412405155313,0.0,False,9.536139603992051,0.0074721295359445605,23,2944,256,3200,6.502342775061905,0.5665996049953304,6.596549843989932,data/problems/fresh_driven_dissipation_02_rep1_r2.npz
fresh_driven_dissipation_02,driven_dissipation,2,1,8401,dicke,False,0.0,0.24053238368075228,0.01703992530108562,0.3884018156521598,True,328.50162076703486,0.00020314483280614581,22,2816,256,3072,7.068942380057235,0.0,6.992546728474016,data/problems/fresh_driven_dissipation_02_rep1_r2.npz
fresh_driven_dissipation_02,driven_dissipation,2,1,8419,baseline,False,0.10496040057552548,0.2056159089320124,0.11896205973623092,0.0,False,34.14749421834997,0.0044621882563404824,23,2944,256,3200,6.59627774203284,0.47266463802439507,6.5331263864769085,data/problems/fresh_driven_dissipation_02_rep1_r2.npz
fresh_driven_dissipation_02,driven_dissipation,2,1,8419,dicke,False,0.03689128168818986,0.2434927836855856,0.012790097851049053,0.4964750635536985,False,363.6934732199305,0.007933542326113319,22,2816,256,3072,6.902787632785765,0.16615474727147017,7.01148243367751,data/problems/fresh_driven_dissipation_02_rep1_r2.npz
fresh_driven_dissipation_02,driven_dissipation,2,1,8433,baseline,False,0.05656296530031725,0.22054523872869747,0.05453719694985697,0.0,False,39.86834668048558,0.13462381860003791,24,3072,256,3328,6.814220346874124,0.2547220331831115,6.823916930373755,data/problems/fresh_driven_dissipation_02_rep1_r2.npz
fresh_driven_dissipation_02,driven_dissipation,2,1,8433,dicke,False,0.03689128168818986,0.2539692282390655,0.024070986571721974,0.11277112069113848,False,239.19704145222065,0.04279977491013387,19,2432,256,2688,6.902787632785765,0.16615474727147017,6.961581647160415,data/problems/fresh_driven_dissipation_02_rep1_r2.npz
fresh_driven_dissipation_03,driven_dissipation,1,0,8401,baseline,False,0.044151615058599394,0.19363505037339523,0.03731842635999436,0.0,False,37.81346739278219,0.016967062342799544,23,2944,256,3200,9.194684114042083,0.24132972487530502,9.233029555985995,data/problems/fresh_driven_dissipation_03_rep0_r1.npz
fresh_driven_dissipation_03,driven_dissipation,1,0,8401,dicke,False,0.0,0.2449695325168347,0.004712895696531559,0.7910949743814675,True,261.3305883345734,0.03784062655945597,22,2816,256,3072,9.436013838917388,0.0,9.410671352653686,data/problems/fresh_driven_dissipation_03_rep0_r1.npz
fresh_driven_dissipation_03,driven_dissipation,1,0,8419,baseline,False,0.0,0.13721105866630184,0.012031556681099674,0.37026099414270663,True,27.127797011644045,0.03421970299488741,23,2944,256,3200,9.436013838917388,0.0,9.370413413042838,data/problems/fresh_driven_dissipation_03_rep0_r1.npz
fresh_driven_dissipation_03,driven_dissipation,1,0,8419,dicke,False,0.003969377807873043,0.2683631990747762,0.00780618664336812,0.4762400789527991,False,264.0628713380696,0.04796093068210183,19,2432,256,2688,9.41357098467234,0.022442854245047883,9.393668644018208,data/problems/fresh_driven_dissipation_03_rep0_r1.npz
fresh_driven_dissipation_03,driven_dissipation,1,0,8433,baseline,False,0.05174179507515535,0.2093009956622704,0.05872925045748367,0.0,False,17.315101325089906,0.0010120550452894506,23,2944,256,3200,9.15504339843869,0.2809704404786988,9.117215069963343,data/problems/fresh_driven_dissipation_03_rep0_r1.npz
fresh_driven_dissipation_03,driven_dissipation,1,0,8433,dicke,False,0.0,0.20539673276572648,0.0035067474480016815,0.7868506441057892,True,281.06246220856633,0.015374445152016136,21,2688,256,2944,9.436013838917388,0.0,9.417073198038825,data/problems/fresh_driven_dissipation_03_rep0_r1.npz
fresh_driven_dissipation_03,driven_dissipation,2,0,8401,baseline,False,0.0,0.21401512942450493,4.0864684717874705e-05,0.9730679968186691,True,43.855650836885935,0.0638952265176238,23,2944,256,3200,7.107830887304344,0.0,7.107629434315801,data/problems/fresh_driven_dissipation_03_rep0_r2.npz
fresh_driven_dissipation_03,driven_dissipation,2,0,8401,dicke,False,0.0,0.10820755667875089,0.00047896441384547104,0.7338901770404938,True,280.7741186373176,0.04015013162172476,22,2816,256,3072,7.107830887304344,0.0,7.105473636604643,data/problems/fresh_driven_dissipation_03_rep0_r2.npz
fresh_driven_dissipation_03,driven_dissipation,2,0,8419,baseline,False,0.0,0.11232915622610695,0.00015693501656710256,0.9495888075443164,True,35.11552750865882,0.004089963381220585,20,2560,256,2816,7.107830887304344,0.0,7.107061262378224,data/problems/fresh_driven_dissipation_03_rep0_r2.npz
fresh_driven_dissipation_03,driven_dissipation,2,0,8419,dicke,False,0.0,0.11362293140613743,0.0005410847693789458,0.7145743267048656,True,291.7177666229214,0.03073975414835939,27,3456,256,3712,7.107830887304344,0.0,7.10516925543735,data/problems/fresh_driven_dissipation_03_rep0_r2.npz
fresh_driven_dissipation_03,driven_dissipation,2,0,8433,baseline,False,0.023219809543174645,0.1550370886677419,0.02347095909728446,0.07252185131305011,False,44.79879219374853,0.010387812034539756,19,2432,256,2688,6.9940453027629275,0.11378558454141618,6.992678301233954,data/problems/fresh_driven_dissipation_03_rep0_r2.npz
fresh_driven_dissipation_03,driven_dissipation,2,0,8433,dicke,False,0.0,0.12632416481527597,0.0005115965780803995,0.7290812071099062,True,281.5240836545505,0.04127651408257904,19,2432,256,2688,7.107830887304344,0.0,7.105313874260704,data/problems/fresh_driven_dissipation_03_rep0_r2.npz
fresh_driven_dissipation_03,driven_dissipation,1,1,8401,baseline,False,0.034968511003252496,0.3262582114904821,0.027921366850915973,0.05607258222253264,False,59.694416842936775,0.15215420296579474,19,2432,256,2688,8.980775556658422,0.18227897110863545,9.017605091573305,data/problems/fresh_driven_dissipation_03_rep1_r1.npz
fresh_driven_dissipation_03,driven_dissipation,1,1,8401,dicke,False,0.0,0.32239248302852497,0.014549578741822708,0.5036595697614246,True,363.2835988786847,0.030812127757782193,19,2432,256,2688,9.163054527767057,0.0,9.087203140738215,data/problems/fresh_driven_dissipation_03_rep1_r1.npz
fresh_driven_dissipation_03,driven_dissipation,1,1,8419,baseline,False,0.0,0.20358258651293423,0.007180589513755492,0.3821351925866291,True,39.3667089194231,0.11670251995767433,22,2816,256,3072,9.163054527767057,0.0,9.12564615239344,data/problems/fresh_driven_dissipation_03_rep1_r1.npz
fresh_driven_dissipation_03,driven_dissipation,1,1,8419,dicke,False,0.011621270315001176,0.3225830804172623,0.014589373034821693,0.5035281266262779,False,363.12721325665683,0.038682955474961034,19,2432,256,2688,9.102511750583902,0.06054277718315504,9.086995676661315,data/problems/fresh_driven_dissipation_03_rep1_r1.npz
fresh_driven_dissipation_03,driven_dissipation,1,1,8433,baseline,False,0.1140706134968533,0.28475890423312156,0.11281971922765405,0.0,False,31.62906766337377,0.05219391650543681,18,2304,256,2560,8.567860863387363,0.5951936643796945,8.574518989013528,data/problems/fresh_driven_dissipation_03_rep1_r1.npz
fresh_driven_dissipation_03,driven_dissipation,1,1,8433,dicke,False,0.034968511003252496,0.3134600574462011,0.014569116010131111,0.5038191586595775,False,334.59611744752,0.008103732243252892,22,2816,256,3072,8.980775556658422,0.18227897110863545,9.087094725723668,data/problems/fresh_driven_dissipation_03_rep1_r1.npz
fresh_driven_dissipation_03,driven_dissipation,2,1,8401,baseline,False,0.025963122861989613,0.21272704556672306,0.03760974917788503,0.0,False,26.16787624177247,0.0010986088956919104,19,2432,256,2688,6.737781516474514,0.06962078673592575,6.706602937311073,data/problems/fresh_driven_dissipation_03_rep1_r2.npz
fresh_driven_dissipation_03,driven_dissipation,2,1,8401,dicke,False,0.0,0.28930191688923607,0.01774337444958503,0.4694065981577493,True,287.65235052414107,0.020687320794147368,22,2816,256,3072,6.80740230321044,0.0,6.759850231448347,data/problems/fresh_driven_dissipation_03_rep1_r2.npz
fresh_driven_dissipation_03,driven_dissipation,2,1,8419,baseline,False,0.0,0.17043454206825454,0.01347589750808726,0.4820784409067289,True,53.70565751840317,0.0105711913674984,21,2688,256,2944,6.80740230321044,0.0,6.771269043144236,data/problems/fresh_driven_dissipation_03_rep1_r2.npz
fresh_driven_dissipation_03,driven_dissipation,2,1,8419,dicke,False,0.0,0.28219055782577124,0.013567526501144143,0.5267740450568629,True,320.03159277673086,0.006186035093596942,19,2432,256,2688,6.80740230321044,0.0,6.771033537852771,data/problems/fresh_driven_dissipation_03_rep1_r2.npz
fresh_driven_dissipation_03,driven_dissipation,2,1,8433,baseline,False,0.025963122861989613,0.20896341288914932,0.031554984340872526,0.010628463933552323,False,46.68547450012661,0.027700773753645436,20,2560,256,2816,6.737781516474514,0.06962078673592575,6.722819171998436,data/problems/fresh_driven_dissipation_03_rep1_r2.npz
fresh_driven_dissipation_03,driven_dissipation,2,1,8433,dicke,False,0.0,0.19385479594465146,0.012977891306923431,0.5425811053736249,True,303.0284349954668,0.01249487866929666,23,2944,256,3200,6.80740230321044,0.0,6.772616453167368,data/problems/fresh_driven_dissipation_03_rep1_r2.npz
fresh_driven_dissipation_04,driven_dissipation,1,0,8401,baseline,False,0.04293918320942883,0.3062305278416182,0.04387646511193008,0.0,False,41.691589114238205,0.005349433549679539,22,2816,256,3072,8.990356155794524,0.21927255157220493,8.985767829876364,data/problems/fresh_driven_dissipation_04_rep0_r1.npz
fresh_driven_dissipation_04,driven_dissipation,1,0,8401,dicke,False,0.0,0.24916118663592027,0.00538203595540775,0.630209962381014,True,313.63027935414317,0.026149041404961437,20,2560,256,2816,9.20962870736673,0.0,9.182282188240674,data/problems/fresh_driven_dissipation_04_rep0_r1.npz
fresh_driven_dissipation_04,driven_dissipation,1,0,8419,baseline,False,0.18798894093819857,0.339439601732468,0.18797192995759932,0.0,False,22.35464928451167,0.04109932608086364,20,2560,256,2816,8.255018052894654,0.9546106544720754,8.25510336368566,data/problems/fresh_driven_dissipation_04_rep0_r1.npz
fresh_driven_dissipation_04,driven_dissipation,1,0,8419,dicke,False,0.0,0.23842098737910455,0.0053851305001585935,0.6289796967521801,True,328.4076422984141,0.06790352288919799,24,3072,256,3328,9.20962870736673,0.0,9.182268014565665,data/problems/fresh_driven_dissipation_04_rep0_r1.npz
fresh_driven_dissipation_04,driven_dissipation,1,0,8433,baseline,False,0.16250575724499847,0.29338189344015825,0.14473994071361238,0.0,False,23.263440493393265,0.006990951882922758,21,2688,256,2944,8.38428956320602,0.8253391441607096,8.470077924419025,data/problems/fresh_driven_dissipation_04_rep0_r1.npz
fresh_driven_dissipation_04,driven_dissipation,1,0,8433,dicke,False,0.03445460081220631,0.2625196137530139,0.0070947670176019694,0.5655538826942229,False,353.57425800663196,0.11404068442386617,18,2304,256,2560,9.03459608938551,0.17503261798121983,9.173574755710899,data/problems/fresh_driven_dissipation_04_rep0_r1.npz
fresh_driven_dissipation_04,driven_dissipation,2,0,8401,baseline,False,0.017928162761962848,0.15910917179873152,0.030753477819079136,0.0,False,19.87548423899084,0.030605476448826607,24,3072,256,3328,6.78701846065849,0.06311997587626994,6.741941847680118,data/problems/fresh_driven_dissipation_04_rep0_r2.npz
fresh_driven_dissipation_04,driven_dissipation,2,0,8401,dicke,False,0.017928162761962848,0.23565997391862872,0.009846338225353208,0.5744729682951148,False,356.7942402912113,0.0005427133677251561,21,2688,256,2944,6.78701846065849,0.06311997587626994,6.815490986846743,data/problems/fresh_driven_dissipation_04_rep0_r2.npz
fresh_driven_dissipation_04,driven_dissipation,2,0,8419,baseline,False,0.04273093027193102,0.19219402259260343,0.03844976778609948,0.008913124886937407,False,115.08433765349106,0.004958067833706004,19,2432,256,2688,6.699828148296105,0.15031028823865444,6.714883551408143,data/problems/fresh_driven_dissipation_04_rep0_r2.npz
fresh_driven_dissipation_04,driven_dissipation,2,0,8419,dicke,False,0.0,0.23128851364189776,0.007564968468380454,0.6779820629535946,True,329.52196235847083,0.00189716958170294,18,2304,256,2560,6.85013843653476,0.0,6.823518950609267,data/problems/fresh_driven_dissipation_04_rep0_r2.npz
fresh_driven_dissipation_04,driven_dissipation,2,0,8433,baseline,False,0.05724206625449013,0.2436276392470687,0.07872342573673723,0.0,False,52.425403752197944,0.003299891718838488,24,3072,256,3328,6.648772369549109,0.20136606698565096,6.573147917438201,data/problems/fresh_driven_dissipation_04_rep0_r2.npz
fresh_driven_dissipation_04,driven_dissipation,2,0,8433,dicke,False,0.0,0.23491354985223287,0.009725854532523587,0.574474079856079,True,358.41407146545157,0.006244064388110537,22,2816,256,3072,6.85013843653476,0.0,6.815914556094458,data/problems/fresh_driven_dissipation_04_rep0_r2.npz
fresh_driven_dissipation_04,driven_dissipation,1,1,8401,baseline,False,0.25244198126361056,0.3773686128134519,0.24488665791839212,0.0,False,59.643088283925124,0.0015138881235161605,21,2688,256,2944,8.031854966790835,1.0991594048706421,8.064751653698252,data/problems/fresh_driven_dissipation_04_rep1_r1.npz
fresh_driven_dissipation_04,driven_dissipation,1,1,8401,dicke,False,0.04913478048505493,0.37989463785601796,0.04863090657982278,0.020199816555893646,False,259.7895741452559,0.02283140867736666,21,2688,256,2944,8.917076205221733,0.2139381664397444,8.919270084386918,data/problems/fresh_driven_dissipation_04_rep1_r1.npz
fresh_driven_dissipation_04,driven_dissipation,1,1,8419,baseline,False,0.08497305294481036,0.3477683711781374,0.09428450742381791,0.0,False,28.0498357804138,0.002410393112917575,18,2304,256,2560,8.761032810834564,0.369981560826913,8.720489714243076,data/problems/fresh_driven_dissipation_04_rep1_r1.npz
fresh_driven_dissipation_04,driven_dissipation,1,1,8419,dicke,False,0.0,0.3334560733883888,0.015981585036981605,0.625579290602879,True,302.4703009353177,0.011277110820057779,27,3456,256,3712,9.131014371661477,0.0,9.061428779248523,data/problems/fresh_driven_dissipation_04_rep1_r1.npz
fresh_driven_dissipation_04,driven_dissipation,1,1,8433,baseline,False,0.15856498472673333,0.3154776556224339,0.16125950636957614,0.0,False,39.88862366336861,0.0004149564956525964,20,2560,256,2816,8.440605397370001,0.6904089742914756,8.428873310986809,data/problems/fresh_driven_dissipation_04_rep1_r1.npz
fresh_driven_dissipation_04,driven_dissipation,1,1,8433,dicke,False,0.04913478048505493,0.3703225766906679,0.038921901639106145,0.24710906955699308,False,252.22324241574893,0.0037694636392746617,23,2944,256,3200,8.917076205221733,0.2139381664397444,8.96154419628191,data/problems/fresh_driven_dissipation_04_rep1_r1.npz
fresh_driven_dissipation_04,driven_dissipation,2,1,8401,baseline,False,0.05674625386056958,0.2233066267595108,0.037986914060251994,0.010061475216428306,False,52.740067680942765,0.013307021307654487,24,3072,256,3328,6.381784570487935,0.1528657960769264,6.432319384985117,data/problems/fresh_driven_dissipation_04_rep1_r2.npz
fresh_driven_dissipation_04,driven_dissipation,2,1,8401,dicke,False,0.012714017875675167,0.31133855560170826,0.012161614829146851,0.3147117762818641,False,256.42161212840364,0.0005930477259861178,22,2816,256,3072,6.5004007318898225,0.03424963467503872,6.501888811793696,data/problems/fresh_driven_dissipation_04_rep1_r2.npz
fresh_driven_dissipation_04,driven_dissipation,2,1,8419,baseline,False,0.0755301700021504,0.24118480982788654,0.08406689847611927,0.0,False,42.488978113710424,0.012330694390274566,24,3072,256,3328,6.331183551053591,0.20346681551126977,6.308161225149528,data/problems/fresh_driven_dissipation_04_rep1_r2.npz
fresh_driven_dissipation_04,driven_dissipation,2,1,8419,dicke,False,0.006234328044190597,0.3103566958645962,0.011296955482055445,0.35181067861644155,False,248.84799141381598,0.008091712939473084,19,2432,256,2688,6.517856032936747,0.016794333628114444,6.50421807280976,data/problems/fresh_driven_dissipation_04_rep1_r2.npz
fresh_driven_dissipation_04,driven_dissipation,2,1,8433,baseline,False,0.13252178565001396,0.306857810633651,0.1556699292529398,0.0,False,45.324730141939234,0.0012783886773952702,22,2816,256,3072,6.177656787557853,0.3569935790070078,6.115223172914221,data/problems/fresh_driven_dissipation_04_rep1_r2.npz
fresh_driven_dissipation_04,driven_dissipation,2,1,8433,dicke,False,0.0,0.25072398343984675,0.003720244586824891,0.5966625476177372,True,302.3656125511447,0.002034014206522272,22,2816,256,3072,6.534650366564861,0.0,6.524628591697765,data/problems/fresh_driven_dissipation_04_rep1_r2.npz
fresh_thermal_relaxation_00,thermal_relaxation,1,0,8401,baseline,False,0.12302271082763404,0.43630118310182386,0.13747711423598152,0.0,False,10.020314694124043,0.007965801715795529,20,2560,256,2816,10.873514950675538,1.2230395988163991,10.722229733508701,data/problems/fresh_thermal_relaxation_00_rep0_r1.npz
fresh_thermal_relaxation_00,thermal_relaxation,1,0,8401,dicke,False,0.0,0.3649342280042518,0.008867842354954261,0.5307393145402463,True,359.81022561915165,0.010742194513582826,22,2816,256,3072,12.096554549491938,0.0,12.006786885771152,data/problems/fresh_thermal_relaxation_00_rep0_r1.npz
fresh_thermal_relaxation_00,thermal_relaxation,1,0,8419,baseline,False,0.008775738129897726,0.19876199941153777,0.025350612784842484,0.015491724755294256,False,18.41635764560412,0.006345162740336807,21,2688,256,2944,12.009226658873093,0.0873278906188446,11.84360507677564,data/problems/fresh_thermal_relaxation_00_rep0_r1.npz
fresh_thermal_relaxation_00,thermal_relaxation,1,0,8419,dicke,False,0.0,0.3182802065284326,0.0036783477409986654,0.7227859684390964,True,310.14033121140847,0.028062069835450787,22,2816,256,3072,12.096554549491938,0.0,12.059946681488025,data/problems/fresh_thermal_relaxation_00_rep0_r1.npz
fresh_thermal_relaxation_00,thermal_relaxation,1,0,8433,baseline,False,0.031129722331279936,0.2652004737086154,0.01047984796154508,0.12182643121956727,False,35.68097060179297,0.0059234615309824434,19,2432,256,2688,11.787008355269789,0.3095461942221487,11.992306504763967,data/problems/fresh_thermal_relaxation_00_rep0_r1.npz
fresh_thermal_relaxation_00,thermal_relaxation,1,0,8433,dicke,False,0.05515087327995016,0.34030046313939255,0.007299716972421016,0.5681267331596238,False,355.99751723037207,0.0213088662314993,24,3072,256,3328,11.548303432578301,0.5482511169136366,12.023316331217504,data/problems/fresh_thermal_relaxation_00_rep0_r1.npz
fresh_thermal_relaxation_00,thermal_relaxation,2,0,8401,baseline,False,0.0,0.15998635590134425,0.00993021003654899,0.5770724190529128,True,26.428717766127242,0.011892945199931781,22,2816,256,3072,8.255864274254325,0.0,8.19534202560888,data/problems/fresh_thermal_relaxation_00_rep0_r2.npz
fresh_thermal_relaxation_00,thermal_relaxation,2,0,8401,dicke,False,0.017754114544530457,0.2923636347760541,0.008719308223358948,0.4194462245002808,False,315.39415708851914,0.09735517095629441,19,2432,256,2688,8.147401240549732,0.10846303370459331,8.202872587600101,data/problems/fresh_thermal_relaxation_00_rep0_r2.npz
fresh_thermal_relaxation_00,thermal_relaxation,2,0,8419,baseline,False,0.0,0.19681153259400497,0.03333199731438558,0.1991663452660828,True,36.74164133070589,0.011054325418830002,25,3200,256,3456,8.255864274254325,0.0,8.052068864322628,data/problems/fresh_thermal_relaxation_00_rep0_r2.npz
fresh_thermal_relaxation_00,thermal_relaxation,2,0,8419,dicke,False,0.0064049647066703125,0.2135961968715032,0.0024295886268373393,0.7400011626836434,False,290.1312681498879,0.005984130148540712,25,3200,256,3456,8.217185088206422,0.03867918604790255,8.241129625739312,data/problems/fresh_thermal_relaxation_00_rep0_r2.npz
fresh_thermal_relaxation_00,thermal_relaxation,2,0,8433,baseline,False,0.12018244573810412,0.2843419933878242,0.12063301597020468,0.0,False,9.47221566379521,0.009784005982471436,26,3328,256,3584,7.524016162615139,0.7318481116391862,7.521274419351681,data/problems/fresh_thermal_relaxation_00_rep0_r2.npz
fresh_thermal_relaxation_00,thermal_relaxation,2,0,8433,dicke,False,0.0,0.2782204085571538,0.006851266742153953,0.5041520722184223,True,363.92206826710924,0.09704203842846712,21,2688,256,2944,8.255864274254325,0.0,8.214255039225371,data/problems/fresh_thermal_relaxation_00_rep0_r2.npz
fresh_thermal_relaxation_00,thermal_relaxation,1,1,8401,baseline,False,0.0,0.1641540304319372,0.003574667012585583,0.44807192586218747,True,49.9567897498171,0.17003299980961017,18,2304,256,2560,8.722324352952866,0.0,8.700662927984414,data/problems/fresh_thermal_relaxation_00_rep1_r1.npz
fresh_thermal_relaxation_00,thermal_relaxation,1,1,8401,dicke,False,0.0033613246939022076,0.1935410642142012,0.003206297891770467,0.5068780432440616,False,363.9836447378865,0.044382162135146785,21,2688,256,2944,8.700037272700703,0.02228708025216264,8.702451489299019,data/problems/fresh_thermal_relaxation_00_rep1_r1.npz
fresh_thermal_relaxation_00,thermal_relaxation,1,1,8419,baseline,False,0.03460851073606109,0.11492397288641404,0.023024879387514706,0.0,False,10.206602452183148,0.0029154286970722865,20,2560,256,2816,8.50994007200343,0.2123842809494363,8.581449888867073,data/problems/fresh_thermal_relaxation_00_rep1_r1.npz
fresh_thermal_relaxation_00,thermal_relaxation,1,1,8419,dicke,False,0.0,0.19357372007546272,0.0032007020551226457,0.5073252304093667,True,363.9851789957205,0.04731166430173772,20,2560,256,2816,8.722324352952866,0.0,8.70248411295882,data/problems/fresh_thermal_relaxation_00_rep1_r1.npz
fresh_thermal_relaxation_00,thermal_relaxation,1,1,8433,baseline,False,0.03460851073606109,0.12111247682898685,0.03323701940495327,0.0,False,50.05940993610545,0.025774764738032196,28,3584,256,3840,8.50994007200343,0.2123842809494363,8.518507749001468,data/problems/fresh_thermal_relaxation_00_rep1_r1.npz
fresh_thermal_relaxation_00,thermal_relaxation,1,1,8433,dicke,False,0.0,0.1938816219081706,0.003253719284039058,0.5018406928276189,True,363.93866087051873,0.02534631606766702,19,2432,256,2688,8.722324352952866,0.0,8.70215551620675,data/problems/fresh_thermal_relaxation_00_rep1_r1.npz
fresh_thermal_relaxation_00,thermal_relaxation,2,1,8401,baseline,False,0.03168240047997328,0.11819373874558871,0.023955262732249922,0.0,False,35.76519963839185,0.019498539147405403,24,3072,256,3328,6.8599291066812516,0.15288994299781677,6.897375863247649,data/problems/fresh_thermal_relaxation_00_rep1_r2.npz
fresh_thermal_relaxation_00,thermal_relaxation,2,1,8401,dicke,False,0.0004668798585802038,0.09337822925213246,0.0012709876310603532,0.5402028610634582,False,286.57927932668775,0.0021390702126815597,25,3200,256,3456,7.011593190631245,0.0012258590478229081,7.007066035138999,data/problems/fresh_thermal_relaxation_00_rep1_r2.npz
fresh_thermal_relaxation_00,thermal_relaxation,2,1,8419,baseline,False,0.020853858848240606,0.08052833847451188,0.021641664002423695,0.0,False,24.335643885679545,0.005034111167758759,22,2816,256,3072,6.912353426918741,0.10046562276032756,6.908590067093886,data/problems/fresh_thermal_relaxation_00_rep1_r2.npz
fresh_thermal_relaxation_00,thermal_relaxation,2,1,8419,dicke,False,0.0,0.10319786706309796,0.0011610444009785767,0.5626595573712608,True,282.34468534844837,0.008851606500556386,25,3200,256,3456,7.012819049679068,0.0,7.007582151539109,data/problems/fresh_thermal_relaxation_00_rep1_r2.npz
fresh_thermal_relaxation_00,thermal_relaxation,2,1,8433,baseline,False,0.03978397621779771,0.13006736521161177,0.03899140034779584,0.0,False,32.80872466951693,0.015360733565577434,23,2944,256,3200,6.8204607202939505,0.19235832938511788,6.8244901809929495,data/problems/fresh_thermal_relaxation_00_rep1_r2.npz
fresh_thermal_relaxation_00,thermal_relaxation,2,1,8433,dicke,False,0.005803942285886096,0.10071981735353112,0.0017882401898590874,0.44631676731882053,False,300.83935140694,0.00405848892157934,18,2304,256,2560,6.98531869204304,0.027500357636028205,7.004626815446803,data/problems/fresh_thermal_relaxation_00_rep1_r2.npz
fresh_thermal_relaxation_01,thermal_relaxation,1,0,8401,baseline,False,0.007991737258436127,0.13570730723905686,0.0052268601132060485,0.35951642956987595,False,60.92899016933512,0.006696302536652432,23,2944,256,3200,9.858966534716116,0.059626900597292476,9.879600411744576,data/problems/fresh_thermal_relaxation_01_rep0_r1.npz
fresh_thermal_relaxation_01,thermal_relaxation,1,0,8401,dicke,False,0.0,0.15187455765794983,0.0011753726455021537,0.8084635012214227,True,303.94064309354843,0.0057508948400353255,24,3072,256,3328,9.918593435313408,0.0,9.90983456898164,data/problems/fresh_thermal_relaxation_01_rep0_r1.npz
fresh_thermal_relaxation_01,thermal_relaxation,1,0,8419,baseline,False,0.0,0.17641398221776822,0.0008946196595157452,0.8436082561449968,True,66.80851071495803,0.07052138663145513,22,2816,256,3072,9.918593435313408,0.0,9.911927992950567,data/problems/fresh_thermal_relaxation_01_rep0_r1.npz
fresh_thermal_relaxation_01,thermal_relaxation,1,0,8419,dicke,False,0.007991737258436127,0.17683454964878234,0.002048821096126599,0.6937793103223762,False,338.3696719722657,0.10080033477000949,23,2944,256,3200,9.858966534716116,0.059626900597292476,9.903323225341097,data/problems/fresh_thermal_relaxation_01_rep0_r1.npz
fresh_thermal_relaxation_01,thermal_relaxation,1,0,8433,baseline,False,0.0,0.16789829367972006,0.002234142489561093,0.7008370991592819,True,46.78356660108067,0.02773589899336626,26,3328,256,3584,9.918593435313408,0.0,9.90193063511196,data/problems/fresh_thermal_relaxation_01_rep0_r1.npz
fresh_thermal_relaxation_01,thermal_relaxation,1,0,8433,dicke,False,0.007991737258436127,0.21363588643857157,0.006924081525698485,0.21344970298101584,False,325.2111963495546,0.15120423783683545,18,2304,256,2560,9.858966534716116,0.059626900597292476,9.86697165186599,data/problems/fresh_thermal_relaxation_01_rep0_r1.npz
fresh_thermal_relaxation_01,thermal_relaxation,2,0,8401,baseline,False,0.03693017709856108,0.1601284376393757,0.03697838760017525,0.0,False,38.10338440366305,0.03769896338136758,25,3200,256,3456,8.018826456385634,0.2174954146506476,8.018544878955678,data/problems/fresh_thermal_relaxation_01_rep0_r2.npz
fresh_thermal_relaxation_01,thermal_relaxation,2,0,8401,dicke,False,0.0,0.2522100422372538,0.00324195164922198,0.48981208716993463,True,355.05137279463975,0.024761170009665268,20,2560,256,2816,8.236321871036282,0.0,8.21731687947105,data/problems/fresh_thermal_relaxation_01_rep0_r2.npz
fresh_thermal_relaxation_01,thermal_relaxation,2,0,8419,baseline,False,0.03003621081140535,0.1267980962963033,0.037657611742397026,0.0,False,25.76590804724362,0.05667808256327822,23,2944,256,3200,8.059431419359388,0.17689045167689343,8.014544313934111,data/problems/fresh_thermal_relaxation_01_rep0_r2.npz
fresh_thermal_relaxation_01,thermal_relaxation,2,0,8419,dicke,False,0.0,0.14072778637124436,0.0008564690088376851,0.807296936138272,True,273.986651473719,0.004393490499055908,30,3840,256,4096,8.236321871036282,0.0,8.231311572901884,data/problems/fresh_thermal_relaxation_01_rep0_r2.npz
fresh_thermal_relaxation_01,thermal_relaxation,2,0,8433,baseline,False,0.033881302098300134,0.12879862587443996,0.04006668317569389,0.0,False,15.546321511618528,0.04652298593178428,24,3072,256,3328,8.036792769724181,0.1995291013121001,8.000394224371068,data/problems/fresh_thermal_relaxation_01_rep0_r2.npz
fresh_thermal_relaxation_01,thermal_relaxation,2,0,8433,dicke,False,0.0,0.2380682880286616,0.005902764095541976,0.08880742669216146,True,249.0018371730152,0.0530262368487211,24,3072,256,3328,8.236321871036282,0.0,8.201883227679069,data/problems/fresh_thermal_relaxation_01_rep0_r2.npz
fresh_thermal_relaxation_01,thermal_relaxation,1,1,8401,baseline,False,0.02280305568345431,0.17634799774834564,0.02139792291685573,0.076881944104492,False,49.63835808558796,0.010009381216372848,22,2816,256,3072,9.164165164741572,0.14909956429052507,9.173257575143726,data/problems/fresh_thermal_relaxation_01_rep1_r1.npz
fresh_thermal_relaxation_01,thermal_relaxation,1,1,8401,dicke,False,0.01419417201359012,0.2737838647909436,0.008753647630676414,0.03309885122589906,False,230.97857070352853,0.08489253808883834,18,2304,256,2560,9.220461692954599,0.09280303607749829,9.255756102264282,data/problems/fresh_thermal_relaxation_01_rep1_r1.npz
fresh_thermal_relaxation_01,thermal_relaxation,1,1,8419,baseline,False,0.056307004476326306,0.3046110029932248,0.057880593322819585,0.0,False,59.85377635164746,0.02840283564428514,25,3200,256,3456,8.945222990705076,0.3680417383270207,8.934748033768408,data/problems/fresh_thermal_relaxation_01_rep1_r1.npz
fresh_thermal_relaxation_01,thermal_relaxation,1,1,8419,dicke,False,0.0062685655929586625,0.2591494051540754,0.004496144977241572,0.49082506511718993,False,356.28106234940634,0.030407144204211534,25,3200,256,3456,9.271911099315258,0.041353629716839535,9.283711593110976,data/problems/fresh_thermal_relaxation_01_rep1_r1.npz
fresh_thermal_relaxation_01,thermal_relaxation,1,1,8433,baseline,False,0.0062685655929586625,0.18554064784696978,0.009476308567877009,0.018371841884206153,False,25.86282473093553,0.042270692212586614,25,3200,256,3456,9.271911099315258,0.041353629716839535,9.25039074563028,data/problems/fresh_thermal_relaxation_01_rep1_r1.npz
fresh_thermal_relaxation_01,thermal_relaxation,1,1,8433,dicke,False,0.0062685655929586625,0.2758833193751901,0.004338324485852753,0.4184497381088671,False,312.9671193691016,0.10847527108387034,21,2688,256,2944,9.271911099315258,0.041353629716839535,9.28470690972065,data/problems/fresh_thermal_relaxation_01_rep1_r1.npz
fresh_thermal_relaxation_01,thermal_relaxation,2,1,8401,baseline,False,0.10010336005911855,0.2073964683974897,0.09914990005018577,0.0,False,13.592659460352797,0.0008390860457339056,22,2816,256,3072,7.477885104401728,0.5747563570911849,7.483358752778312,data/problems/fresh_thermal_relaxation_01_rep1_r2.npz
fresh_thermal_relaxation_01,thermal_relaxation,2,1,8401,dicke,False,0.02292247860394451,0.25224593933314526,0.008627598122531813,0.5231613855142807,False,329.5698798587797,0.0066583879889634545,19,2432,256,2688,7.9210449624395425,0.13159649905337023,8.003345905938819,data/problems/fresh_thermal_relaxation_01_rep1_r2.npz
fresh_thermal_relaxation_01,thermal_relaxation,2,1,8419,baseline,False,0.0,0.17086199622206721,0.011414942158724533,0.2958318998409546,True,20.362896966313752,0.0021864041445964766,19,2432,256,2688,8.052641461492913,0.0,7.987733204290986,data/problems/fresh_thermal_relaxation_01_rep1_r2.npz
fresh_thermal_relaxation_01,thermal_relaxation,2,1,8419,dicke,False,0.0,0.2501601824386674,0.008537907268060786,0.5287677592964359,True,314.9608838340109,0.009269219362383785,20,2560,256,2816,8.052641461492913,0.0,8.003842902341166,data/problems/fresh_thermal_relaxation_01_rep1_r2.npz
fresh_thermal_relaxation_01,thermal_relaxation,2,1,8433,baseline,False,0.039549428434978544,0.18293018075153136,0.0225188892135275,0.24569554305557706,False,57.441914434454326,0.0037101151868823568,24,3072,256,3328,7.825624263825805,0.2270171976671076,7.923972028355786,data/problems/fresh_thermal_relaxation_01_rep1_r2.npz
fresh_thermal_relaxation_01,thermal_relaxation,2,1,8433,dicke,False,0.0153506062073759,0.21283156918354906,0.003516553904577995,0.7827343967770635,False,296.4200706910816,0.06718448447164627,21,2688,256,2944,7.96466502272396,0.087976438768953,8.032534083708171,data/problems/fresh_thermal_relaxation_01_rep1_r2.npz
fresh_thermal_relaxation_02,thermal_relaxation,1,0,8401,baseline,False,0.003206048904782701,0.24719876119697712,0.003756921072553397,0.010628849190011502,False,77.34405910668653,0.027933309173197918,22,2816,256,3072,10.754587484937868,0.026682007926176254,10.749786502473507,data/problems/fresh_thermal_relaxation_02_rep0_r1.npz
fresh_thermal_relaxation_02,thermal_relaxation,1,0,8401,dicke,False,0.0,0.16149276385733102,0.0005481655935727256,0.8001946565353546,True,298.9352331347537,0.04280940668847388,25,3200,256,3456,10.781269492864045,0.0,10.776667017541662,data/problems/fresh_thermal_relaxation_02_rep0_r1.npz
fresh_thermal_relaxation_02,thermal_relaxation,1,0,8419,baseline,False,0.018527016877239327,0.13425524930191085,0.0165225272197608,0.0,False,16.50475532063858,0.020180321273612578,24,3072,256,3328,10.627148333462184,0.15412115940186055,10.64390412432495,data/problems/fresh_thermal_relaxation_02_rep0_r1.npz
fresh_thermal_relaxation_02,thermal_relaxation,1,0,8419,dicke,False,0.0,0.1856828854762265,0.0003102949908950747,0.8819264650964553,True,282.7688599978959,0.005567533458189389,24,3072,256,3328,10.781269492864045,0.0,10.778660658564425,data/problems/fresh_thermal_relaxation_02_rep0_r1.npz
fresh_thermal_relaxation_02,thermal_relaxation,1,0,8433,baseline,False,0.018527016877239327,0.13418334607466448,0.01916854113118684,0.0,False,25.94314551442911,0.003505308578506172,24,3072,256,3328,10.627148333462184,0.15412115940186055,10.621416103532574,data/problems/fresh_thermal_relaxation_02_rep0_r1.npz
fresh_thermal_relaxation_02,thermal_relaxation,1,0,8433,dicke,False,0.002496800703010344,0.24558102743482546,0.002157432965682241,0.40628721952819846,False,328.5910368687395,0.06627531413853682,22,2816,256,3072,10.760241199101108,0.02102829376293691,10.763186491857347,data/problems/fresh_thermal_relaxation_02_rep0_r1.npz
fresh_thermal_relaxation_02,thermal_relaxation,2,0,8401,baseline,False,0.023366276900796915,0.13262987600329584,0.018224284136285664,0.0046729709979344,False,24.71060940671581,0.012123982186662108,17,2176,256,2432,7.829794806530579,0.13514543200220164,7.861409598395296,data/problems/fresh_thermal_relaxation_02_rep0_r2.npz
fresh_thermal_relaxation_02,thermal_relaxation,2,0,8401,dicke,False,0.0,0.25295194339548976,0.0007417240394769554,0.7156895296546084,True,277.3551727519095,0.06944801606264672,24,3072,256,3328,7.9649402385327805,0.0,7.96071347886947,data/problems/fresh_thermal_relaxation_02_rep0_r2.npz
fresh_thermal_relaxation_02,thermal_relaxation,2,0,8419,baseline,False,0.002975276734618067,0.1590322621492099,0.0006593868161167513,0.7694608677368089,False,23.817211580144498,0.005128143381397221,21,2688,256,2944,7.957202594290699,0.007737644242081565,7.963178649257313,data/problems/fresh_thermal_relaxation_02_rep0_r2.npz
fresh_thermal_relaxation_02,thermal_relaxation,2,0,8419,dicke,False,0.0,0.2918017732548014,0.0012229661008409285,0.5108924640104748,True,363.59848817569775,0.006662422424347114,19,2432,256,2688,7.9649402385327805,0.0,7.959287462401388,data/problems/fresh_thermal_relaxation_02_rep0_r2.npz
fresh_thermal_relaxation_02,thermal_relaxation,2,0,8433,baseline,False,0.023335784377586568,0.1967959889062216,0.014151484772709114,0.002369871075317165,False,22.653980003621573,0.006261176562351922,20,2560,256,2816,7.825905869815374,0.1390343687174065,7.880340555582902,data/problems/fresh_thermal_relaxation_02_rep0_r2.npz
fresh_thermal_relaxation_02,thermal_relaxation,2,0,8433,dicke,False,0.0,0.20022260452835558,6.659280387147522e-05,0.9252000991939391,True,249.87306346893945,0.016238426815613383,22,2816,256,3072,7.9649402385327805,0.0,7.964561332337966,data/problems/fresh_thermal_relaxation_02_rep0_r2.npz
fresh_thermal_relaxation_02,thermal_relaxation,1,1,8401,baseline,False,0.0,0.08825099918990036,1.1986985492062508e-38,1.0,True,9.015080746193881,0.02497616893746457,20,2560,256,2816,9.592860270517122,0.0,9.592860270517122,data/problems/fresh_thermal_relaxation_02_rep1_r1.npz
fresh_thermal_relaxation_02,thermal_relaxation,1,1,8401,dicke,False,0.0,0.29346011411612616,0.014653481968871335,0.13935313140884664,True,276.08156918179577,0.050798130694941435,21,2688,256,2944,9.592860270517122,0.0,9.510335894799638,data/problems/fresh_thermal_relaxation_02_rep1_r1.npz
fresh_thermal_relaxation_02,thermal_relaxation,1,1,8419,baseline,False,0.09661500963576998,0.2086933528288655,0.07107690448490836,0.015374637154254023,False,43.39819488168774,0.06678430622504727,26,3328,256,3584,9.049625691113702,0.5432345794034195,9.192472182154917,data/problems/fresh_thermal_relaxation_02_rep1_r1.npz
fresh_thermal_relaxation_02,thermal_relaxation,1,1,8419,dicke,False,0.0,0.30019937410297903,0.009805055372229317,0.47708770805632605,True,363.47356310408134,0.031185639249917685,22,2816,256,3072,9.592860270517122,0.0,9.537573919788477,data/problems/fresh_thermal_relaxation_02_rep1_r1.npz
fresh_thermal_relaxation_02,thermal_relaxation,1,1,8433,baseline,False,0.12592523328070407,0.2945298864452315,0.13345466582785342,0.0,False,35.222001405444814,0.013621783750139116,19,2432,256,2688,8.887106673573095,0.7057535969440263,8.841538832866341,data/problems/fresh_thermal_relaxation_02_rep1_r1.npz
fresh_thermal_relaxation_02,thermal_relaxation,1,1,8433,dicke,False,0.01715815564625664,0.24134845447890796,0.0055081043482007475,0.6076904237626244,False,322.40875714918695,0.009906410083610595,20,2560,256,2816,9.496278724439957,0.0965815460771644,9.561865125581427,data/problems/fresh_thermal_relaxation_02_rep1_r1.npz
fresh_thermal_relaxation_02,thermal_relaxation,2,1,8401,baseline,False,0.08315449845524958,0.2269415513994992,0.08379283735657762,0.0,False,20.08595622155124,0.02235081874554279,22,2816,256,3072,7.4313073843819994,0.4881470870453102,7.427362819871785,data/problems/fresh_thermal_relaxation_02_rep1_r2.npz
fresh_thermal_relaxation_02,thermal_relaxation,2,1,8401,dicke,False,0.0,0.23193241555465574,0.001391765042785985,0.666421122629197,True,330.8229955821604,0.04333749068996795,24,3072,256,3328,7.91945447142731,0.0,7.911199884621595,data/problems/fresh_thermal_relaxation_02_rep1_r2.npz
fresh_thermal_relaxation_02,thermal_relaxation,2,1,8419,baseline,False,0.007397418853780702,0.19379667925356975,0.009993635998305953,0.0034585844081381767,False,32.25270194761694,0.07501036009754536,20,2560,256,2816,7.876027787745837,0.04342668368147251,7.860779821679383,data/problems/fresh_thermal_relaxation_02_rep1_r2.npz
fresh_thermal_relaxation_02,thermal_relaxation,2,1,8419,dicke,False,0.012903605796228337,0.24992969080755095,0.002518295980072268,0.582989082568703,False,329.99853524645,0.057294383010519034,20,2560,256,2816,7.843477811843995,0.0759766595833149,7.9046068307696284,data/problems/fresh_thermal_relaxation_02_rep1_r2.npz
fresh_thermal_relaxation_02,thermal_relaxation,2,1,8433,baseline,False,0.002399077925379435,0.12901642568974278,0.005625157335895957,0.36478540318591024,False,32.30883873292356,0.052878663002076554,26,3328,256,3584,7.905027501280644,0.014426970146665496,7.886510222052314,data/problems/fresh_thermal_relaxation_02_rep1_r2.npz
fresh_thermal_relaxation_02,thermal_relaxation,2,1,8433,dicke,False,0.0,0.2505339670138551,0.0028413646104764895,0.5213213791781905,True,363.01118547267424,0.03606048389859895,21,2688,256,2944,7.91945447142731,0.0,7.902690524855903,data/problems/fresh_thermal_relaxation_02_rep1_r2.npz
fresh_thermal_relaxation_03,thermal_relaxation,1,0,8401,baseline,False,0.11252426683830342,0.22526484697316101,0.09584845004468352,0.0,False,31.195162406321668,0.013917038163521411,22,2816,256,3072,8.26767986435844,0.632883326962066,8.361491876644603,data/problems/fresh_thermal_relaxation_03_rep0_r1.npz
fresh_thermal_relaxation_03,thermal_relaxation,1,0,8401,dicke,False,0.0,0.26121570913965375,0.006524783760475235,0.4794938062364982,True,324.6359171307979,0.02631957657968087,18,2304,256,2560,8.900563191320506,0.0,8.863935942011086,data/problems/fresh_thermal_relaxation_03_rep0_r1.npz
fresh_thermal_relaxation_03,thermal_relaxation,1,0,8419,baseline,False,0.07424658964594547,0.23982682036949474,0.07441569394081615,0.0,False,26.453961730181895,0.0013367115936251395,18,2304,256,2560,8.483024013347382,0.4175391779731239,8.4820436343088,data/problems/fresh_thermal_relaxation_03_rep0_r1.npz
fresh_thermal_relaxation_03,thermal_relaxation,1,0,8419,dicke,False,0.03363567936389891,0.2557617199916127,0.007843987907072263,0.4269748842954155,False,285.99239287193666,0.001417844231635712,19,2432,256,2688,8.711491346971158,0.18907184434934798,8.856523452429538,data/problems/fresh_thermal_relaxation_03_rep0_r1.npz
fresh_thermal_relaxation_03,thermal_relaxation,1,0,8433,baseline,False,0.1298471798447828,0.2548230812450697,0.1524969566271695,0.0,False,20.869196239981715,0.004445981873741012,21,2688,256,2944,8.170027940277267,0.7305352510432392,8.043185119659814,data/problems/fresh_thermal_relaxation_03_rep0_r1.npz
fresh_thermal_relaxation_03,thermal_relaxation,1,0,8433,dicke,False,0.0,0.2581660458449506,0.008918673189329322,0.3775516548388399,True,277.4648547554971,0.002237206275779613,23,2944,256,3200,8.900563191320506,0.0,8.850485548061775,data/problems/fresh_thermal_relaxation_03_rep0_r1.npz
fresh_thermal_relaxation_03,thermal_relaxation,2,0,8401,baseline,False,0.0,0.13955762607571476,0.0034509604927984126,0.6769408561653201,True,27.823525040837318,0.004498611691606591,19,2432,256,2688,6.86241280167113,0.0,6.852654661666923,data/problems/fresh_thermal_relaxation_03_rep0_r2.npz
fresh_thermal_relaxation_03,thermal_relaxation,2,0,8401,dicke,False,0.018457858711108416,0.26310338495796043,0.013417142371410815,0.3531461535639956,False,248.5021197530054,0.0480980946312366,20,2560,256,2816,6.810210687999012,0.052202113672118244,6.824473120401672,data/problems/fresh_thermal_relaxation_03_rep0_r2.npz
fresh_thermal_relaxation_03,thermal_relaxation,2,0,8419,baseline,False,0.0,0.184292290064948,0.00014803918481212988,0.9926063539674455,True,44.57019041200216,0.010434776358112074,22,2816,256,3072,6.86241280167113,0.0,6.8619942072910245,data/problems/fresh_thermal_relaxation_03_rep0_r2.npz
fresh_thermal_relaxation_03,thermal_relaxation,2,0,8419,dicke,False,0.010682131826754272,0.2458146130008439,0.00813931293656313,0.5262194803556408,False,279.4539446883741,0.004873185521132584,22,2816,256,3072,6.83220737389906,0.030205427772070692,6.839396643300734,data/problems/fresh_thermal_relaxation_03_rep0_r2.npz
fresh_thermal_relaxation_03,thermal_relaxation,2,0,8433,baseline,False,0.03744926017136161,0.2546891609856242,0.03678322476696551,0.0,False,103.8108594410141,0.020424265689680254,23,2944,256,3200,6.756531961265203,0.10588084040592705,6.758415481192365,data/problems/fresh_thermal_relaxation_03_rep0_r2.npz
fresh_thermal_relaxation_03,thermal_relaxation,2,0,8433,dicke,False,0.018457858711108416,0.2721413310336565,0.013648119829410315,0.3099222301952236,False,283.3288102571421,0.04190536929144795,21,2688,256,2944,6.810210687999012,0.052202113672118244,6.823816538991322,data/problems/fresh_thermal_relaxation_03_rep0_r2.npz
fresh_thermal_relaxation_03,thermal_relaxation,1,1,8401,baseline,False,0.0,0.3291191480413158,4.762524745798926e-07,0.9999811554970647,True,16.789805437470058,0.016855129462466145,20,2560,256,2816,9.142169429419766,0.0,9.142167269117598,data/problems/fresh_thermal_relaxation_03_rep1_r1.npz
fresh_thermal_relaxation_03,thermal_relaxation,1,1,8401,dicke,False,0.0,0.3980523790096991,0.026815485370667,0.5064942211836543,True,358.14391909090176,0.03180946936850759,19,2432,256,2688,9.142169429419766,0.0,9.020529140407785,data/problems/fresh_thermal_relaxation_03_rep1_r1.npz
fresh_thermal_relaxation_03,thermal_relaxation,1,1,8419,baseline,False,0.1824928147519837,0.4007049227412654,0.18404569183270875,0.0,False,50.73866253651589,0.0021704488145992684,21,2688,256,2944,8.314389382726558,0.8277800466932081,8.307353775113173,data/problems/fresh_thermal_relaxation_03_rep1_r1.npz
fresh_thermal_relaxation_03,thermal_relaxation,1,1,8419,dicke,False,0.025272743793610632,0.38004756305406406,0.027578638762382927,0.49165356517729975,False,294.2113794841303,0.0074619858951479046,21,2688,256,2944,9.027531152131342,0.11463827728842446,9.017071737239561,data/problems/fresh_thermal_relaxation_03_rep1_r1.npz
fresh_thermal_relaxation_03,thermal_relaxation,1,1,8433,baseline,False,0.20388312527975871,0.34347293611669066,0.2260932678705027,0.0,False,18.65746330985042,0.0040029592173329576,24,3072,256,3328,8.217369547262113,0.9247998821576537,8.116626814233765,data/problems/fresh_thermal_relaxation_03_rep1_r1.npz
fresh_thermal_relaxation_03,thermal_relaxation,1,1,8433,dicke,False,0.08943302636447072,0.3701399450430463,0.029246089158891122,0.4818989918982115,False,299.3539923906553,0.00019344984730373938,20,2560,256,2816,8.736492344699741,0.4056770847200255,9.009508070789359,data/problems/fresh_thermal_relaxation_03_rep1_r1.npz
fresh_thermal_relaxation_03,thermal_relaxation,2,1,8401,baseline,False,0.07916802046096429,0.16794799741462002,0.0836989016405833,0.0,False,19.570473597898122,0.02865260571246875,24,3072,256,3328,6.600813209681483,0.3819108001728866,6.579236985284229,data/problems/fresh_thermal_relaxation_03_rep1_r2.npz
fresh_thermal_relaxation_03,thermal_relaxation,2,1,8401,dicke,False,0.0,0.2620115579012369,0.0039741012904517155,0.6174064282231715,True,322.81730339309337,0.015066645099542031,20,2560,256,2816,6.98272400985437,0.0,6.963647337002819,data/problems/fresh_thermal_relaxation_03_rep1_r2.npz
fresh_thermal_relaxation_03,thermal_relaxation,2,1,8419,baseline,False,0.04907490271153405,0.15019560857954956,0.050300138726621244,0.0,False,19.513714074936065,0.0019403625752754117,21,2688,256,2944,6.743276064079406,0.2394479457749643,6.737932726550575,data/problems/fresh_thermal_relaxation_03_rep1_r2.npz
fresh_thermal_relaxation_03,thermal_relaxation,2,1,8419,dicke,False,0.0,0.18944154479318265,0.000884902801008927,0.884130347326831,True,268.47432579904074,0.036183899239089046,24,3072,256,3328,6.98272400985437,0.0,6.97848797737228,data/problems/fresh_thermal_relaxation_03_rep1_r2.npz
fresh_thermal_relaxation_03,thermal_relaxation,2,1,8433,baseline,False,0.05048823654513426,0.14601477457973738,0.04812310204720762,0.0,False,22.16839537638985,0.002205983754116847,20,2560,256,2816,6.739287079964291,0.2434369298900787,6.750483027963287,data/problems/fresh_thermal_relaxation_03_rep1_r2.npz
fresh_thermal_relaxation_03,thermal_relaxation,2,1,8433,dicke,False,0.0071253735678049315,0.22291910879699794,0.0017341997359005628,0.7787520994119795,False,264.978087647516,0.03478151718745992,19,2432,256,2688,6.948645864790521,0.034078145063848986,6.974419872316204,data/problems/fresh_thermal_relaxation_03_rep1_r2.npz
fresh_thermal_relaxation_04,thermal_relaxation,1,0,8401,baseline,False,0.0,0.26260071788520256,1.3938997898676109e-05,0.998180872163984,True,87.77597931167125,0.2120903483373342,19,2432,256,2688,10.288077271444577,0.0,10.287963473954397,data/problems/fresh_thermal_relaxation_04_rep0_r1.npz
fresh_thermal_relaxation_04,thermal_relaxation,1,0,8401,dicke,False,0.010916541126082133,0.25445098332269517,0.005423928965266505,0.1862824612001679,False,324.75036650013,0.03008798321465167,21,2688,256,2944,10.198947533558057,0.08912973788651968,10.243779552937553,data/problems/fresh_thermal_relaxation_04_rep0_r1.npz
fresh_thermal_relaxation_04,thermal_relaxation,1,0,8419,baseline,False,0.0,0.23169114144579359,0.0006900169788548614,0.8903059154729994,True,80.26379243182555,0.21599245697303093,19,2432,256,2688,10.288077271444577,0.0,10.282440741188376,data/problems/fresh_thermal_relaxation_04_rep0_r1.npz
fresh_thermal_relaxation_04,thermal_relaxation,1,0,8419,dicke,False,0.005853436059663926,0.2570886213389766,0.0037359146426944353,0.5369106914401862,False,363.2737916240593,0.03374013273907028,19,2432,256,2688,10.240254667973813,0.04782260347076317,10.257569914471167,data/problems/fresh_thermal_relaxation_04_rep0_r1.npz
fresh_thermal_relaxation_04,thermal_relaxation,1,0,8433,baseline,False,0.040113011828931226,0.17803025623133925,0.02954084285324706,0.0,False,44.892578347290495,0.006873331981316788,19,2432,256,2688,9.960587022676462,0.3274902487681146,10.046872298411197,data/problems/fresh_thermal_relaxation_04_rep0_r1.npz
fresh_thermal_relaxation_04,thermal_relaxation,1,0,8433,dicke,False,0.005853436059663926,0.25529712325830656,0.002376013942026908,0.6722119645418871,False,287.41862968248427,0.00565395223298526,20,2560,256,2816,10.240254667973813,0.04782260347076317,10.268676453147133,data/problems/fresh_thermal_relaxation_04_rep0_r1.npz
fresh_thermal_relaxation_04,thermal_relaxation,2,0,8401,baseline,False,0.07313874723689166,0.14736116029963453,0.06685152859373213,0.0,False,14.16840637353789,0.005074108424754975,21,2688,256,2944,7.154215823072721,0.4025049593015497,7.188827429596324,data/problems/fresh_thermal_relaxation_04_rep0_r2.npz
fresh_thermal_relaxation_04,thermal_relaxation,2,0,8401,dicke,False,0.011497882606045097,0.21955950129999244,0.009394827205367322,0.4579619238017152,False,322.81670737927703,0.1406287056420541,21,2688,256,2944,7.493118641765532,0.06360214060873837,7.5049499691587505,data/problems/fresh_thermal_relaxation_04_rep0_r2.npz
fresh_thermal_relaxation_04,thermal_relaxation,2,0,8419,baseline,False,0.020709662246140514,0.20255800351445608,0.022472356358233872,0.0,False,74.79152049003386,0.07180553334595574,25,3200,256,3456,7.442686195536689,0.11403458683758139,7.432940606471331,data/problems/fresh_thermal_relaxation_04_rep0_r2.npz
fresh_thermal_relaxation_04,thermal_relaxation,2,0,8419,dicke,False,0.0,0.2036777589116677,0.008063275098249837,0.4711793502721695,True,318.06892503755586,0.004925284954064413,18,2304,256,2560,7.556720782374271,0.0,7.512243646882682,data/problems/fresh_thermal_relaxation_04_rep0_r2.npz
fresh_thermal_relaxation_04,thermal_relaxation,2,0,8433,baseline,False,0.018017324333760836,0.19109508694221664,0.016041199655600455,0.12147408752191091,False,37.87376057860773,0.052031672145822494,22,2816,256,3072,7.457588613393405,0.09913216898086574,7.468405001513075,data/problems/fresh_thermal_relaxation_04_rep0_r2.npz
fresh_thermal_relaxation_04,thermal_relaxation,2,0,8433,dicke,False,0.018017324333760836,0.2207785022938146,0.008940722792443853,0.4341942556087047,False,335.601286029023,0.04093574690419377,19,2432,256,2688,7.457588613393405,0.09913216898086574,7.507436858132579,data/problems/fresh_thermal_relaxation_04_rep0_r2.npz
fresh_thermal_relaxation_04,thermal_relaxation,1,1,8401,baseline,False,0.028350858594840718,0.24661758113752372,0.034786655011279394,3.366821432759792e-08,False,26.041652110067286,0.07838407793531144,24,3072,256,3328,9.483501380888647,0.21386364402868274,9.434822585319651,data/problems/fresh_thermal_relaxation_04_rep1_r1.npz
fresh_thermal_relaxation_04,thermal_relaxation,1,1,8401,dicke,False,0.0,0.20759425787671631,0.0012651197201446818,0.7243251876877428,True,252.52641070219266,0.07324562802423373,26,3328,256,3584,9.69736502491733,0.0,9.68781004908984,data/problems/fresh_thermal_relaxation_04_rep1_r1.npz
fresh_thermal_relaxation_04,thermal_relaxation,1,1,8419,baseline,False,0.054476229107149485,0.30027353317343075,0.05921019850742475,0.0,False,30.088252934014655,0.001910520876961641,24,3072,256,3328,9.286276390003914,0.4110886349134155,9.250484042107383,data/problems/fresh_thermal_relaxation_04_rep1_r1.npz
fresh_thermal_relaxation_04,thermal_relaxation,1,1,8419,dicke,False,0.0,0.29795363765061444,0.003952007167410706,0.5444166357046674,True,328.44561414407883,0.027725112631531434,22,2816,256,3072,9.69736502491733,0.0,9.667517544530094,data/problems/fresh_thermal_relaxation_04_rep1_r1.npz
fresh_thermal_relaxation_04,thermal_relaxation,1,1,8433,baseline,False,0.05583209826184573,0.262284093446682,0.052372642982278006,0.0,False,84.80140059025503,0.0027314308764436745,25,3200,256,3456,9.275673918228422,0.4216911066889075,9.301941395171099,data/problems/fresh_thermal_relaxation_04_rep1_r1.npz
fresh_thermal_relaxation_04,thermal_relaxation,1,1,8433,dicke,False,0.0,0.3149621661003949,0.007275603163674264,0.18480539179328548,True,224.32515732453416,0.032353542899120846,18,2304,256,2560,9.69736502491733,0.0,9.642390606073672,data/problems/fresh_thermal_relaxation_04_rep1_r1.npz
fresh_thermal_relaxation_04,thermal_relaxation,2,1,8401,baseline,False,0.0,0.08726964229112577,0.0021571860668974426,0.8064630276424647,True,25.798258593690388,0.0031783429014318187,23,2944,256,3200,6.824037386166241,0.0,6.813713967741146,data/problems/fresh_thermal_relaxation_04_rep1_r2.npz
fresh_thermal_relaxation_04,thermal_relaxation,2,1,8401,dicke,False,0.009471597195673576,0.11102012460946421,0.003881582018456252,0.5982410561638842,False,307.03825251870165,0.04056538999444381,22,2816,256,3072,6.778701988235543,0.04533539793069785,6.805462755060196,data/problems/fresh_thermal_relaxation_04_rep1_r2.npz
fresh_thermal_relaxation_04,thermal_relaxation,2,1,8419,baseline,False,0.009471597195673576,0.1021975436138686,0.009471827225142648,0.0,False,40.89200283551804,0.0006941988618267558,24,3072,256,3328,6.778701988235543,0.04533539793069785,6.778700887551404,data/problems/fresh_thermal_relaxation_04_rep1_r2.npz
fresh_thermal_relaxation_04,thermal_relaxation,2,1,8419,dicke,False,0.0151581977568852,0.16594587065524732,0.006343860854584925,0.3939579013959169,False,340.14279174016275,0.024083171447198737,21,2688,256,2944,6.751482416566746,0.07255496959949514,6.793679805110267,data/problems/fresh_thermal_relaxation_04_rep1_r2.npz
fresh_thermal_relaxation_04,thermal_relaxation,2,1,8433,baseline,False,0.031918906832738736,0.13445324795951083,0.031855873455476365,0.0,False,26.564776559758503,0.002800286290966625,27,3456,256,3712,6.671279675689041,0.1527577104772,6.671581750750685,data/problems/fresh_thermal_relaxation_04_rep1_r2.npz
fresh_thermal_relaxation_04,thermal_relaxation,2,1,8433,dicke,False,0.00689204163678868,0.16074375285904666,0.007694295432253397,0.30692758435292,False,317.66126839163746,0.020345168742247566,19,2432,256,2688,6.79107867160848,0.032958714557761226,6.787217040331276,data/problems/fresh_thermal_relaxation_04_rep1_r2.npz
