id,family,round,rep,seed,variant,exact_training,sampled_regret,expected_regret,expected_best_regret,success_probability,optimal,effective_support,selection_noise_penalty,objective_evaluations,objective_shots,final_shots,total_shots,true_gain,gain_regret,expected_best_gain,problem
development_amplitude_damping,amplitude_damping,1,0,8201,baseline,False,0.011822763969488644,0.10718231676299855,0.007395110268419677,0.0013270101798925626,False,15.582969302421317,0.009511625758892528,24,3072,256,3328,8.813737031294714,0.07168332859860094,8.840486542741543,data/problems/development/amplitude_damping_r1_n14_b3.npz
development_amplitude_damping,amplitude_damping,1,0,8201,baseline,True,0.006083722613359881,0.08473833577720041,0.007090067541942406,0.005796602800665629,False,13.898209340852185,0.0,80,0,256,256,8.848408836158507,0.037011523734808094,8.842330589466068,data/problems/development/amplitude_damping_r1_n14_b3.npz
development_amplitude_damping,amplitude_damping,1,0,8201,cvar,False,0.006083722613359881,0.2588996046252244,0.001947346303507654,0.6799090321236134,False,14.12682761379082,0.0506765748552489,18,2304,256,2560,8.848408836158507,0.037011523734808094,8.873573295531484,data/problems/development/amplitude_damping_r1_n14_b3.npz
development_amplitude_damping,amplitude_damping,1,0,8201,cvar,True,0.006083722613359881,0.20631852096186284,0.008412491455994391,0.0304530924709433,False,39.93841187305767,0.0,38,0,256,256,8.848408836158507,0.037011523734808094,8.834010695768248,data/problems/development/amplitude_damping_r1_n14_b3.npz
development_amplitude_damping,amplitude_damping,1,0,8201,dicke,False,0.023649706826489737,0.1820647386127858,0.0044927867207367475,0.1815416536884893,False,277.1995128006297,0.001138547694787384,21,2688,256,2944,8.741328886236639,0.14409147365667607,8.857836589348047,data/problems/development/amplitude_damping_r1_n14_b3.npz
development_amplitude_damping,amplitude_damping,1,0,8201,dicke,True,0.00010992081642709718,0.18000135566435313,0.004808800822743776,0.17055639539090006,False,271.9510125644943,0.0,80,0,256,256,8.884987660222961,0.0004326996703536423,8.855791743856242,data/problems/development/amplitude_damping_r1_n14_b3.npz
development_amplitude_damping,amplitude_damping,1,0,8201,dicke_cvar,False,0.0,0.16836656376171083,0.0016942872519361055,0.5383289624944252,True,343.1582635684204,0.015956351778139144,24,3072,256,3328,8.885420359893315,0.0,8.875073236658496,data/problems/development/amplitude_damping_r1_n14_b3.npz
development_amplitude_damping,amplitude_damping,1,0,8201,dicke_cvar,True,0.020388833500406284,0.1822306953857034,0.00505836500663278,0.1550638309538913,False,273.0992360129257,0.0,28,0,256,256,8.760906030191776,0.12451432970153853,8.854262758863813,data/problems/development/amplitude_damping_r1_n14_b3.npz
development_amplitude_damping,amplitude_damping,1,0,8219,baseline,False,0.0,0.22996749730587188,2.091807233066258e-06,0.993601539211807,True,40.38906732958291,0.06489437263034148,23,2944,256,3200,8.885420359893315,0.0,8.885409023752732,data/problems/development/amplitude_damping_r1_n14_b3.npz
development_amplitude_damping,amplitude_damping,1,0,8219,baseline,True,0.0,0.2103830939464484,0.0038828029799179123,0.3975275701283152,True,18.565984298821995,0.0,30,0,256,256,8.885420359893315,0.0,8.861686495063342,data/problems/development/amplitude_damping_r1_n14_b3.npz
development_amplitude_damping,amplitude_damping,1,0,8219,cvar,False,0.0,0.21724950756478323,0.004075160023985192,0.5020742674368094,True,21.707020160331467,0.004975430085337074,20,2560,256,2816,8.885420359893315,0.0,8.86050067457695,data/problems/development/amplitude_damping_r1_n14_b3.npz
development_amplitude_damping,amplitude_damping,1,0,8219,cvar,True,0.0,0.2354915737241443,0.002326713340542148,0.6980785126059434,True,32.5674623638505,0.0,23,0,256,256,8.885420359893315,0.0,8.871162201924491,data/problems/development/amplitude_damping_r1_n14_b3.npz
development_amplitude_damping,amplitude_damping,1,0,8219,dicke,False,0.008523315174221547,0.1838885136268529,0.004730708014631044,0.16280399818692948,False,254.8568099732796,0.005854726332877647,19,2432,256,2688,8.832475245975594,0.05294511391772083,8.856235164482088,data/problems/development/amplitude_damping_r1_n14_b3.npz
development_amplitude_damping,amplitude_damping,1,0,8219,dicke,True,0.0,0.18000131845894332,0.004821891583385336,0.17046387071944558,True,271.11688885441873,0.0,80,0,256,256,8.885420359893315,0.0,8.855704413496923,data/problems/development/amplitude_damping_r1_n14_b3.npz
development_amplitude_damping,amplitude_damping,1,0,8219,dicke_cvar,False,0.008523315174221547,0.19173772250799967,0.004744081112845373,0.10777271271546984,False,245.2233113243536,0.004725063310696775,19,2432,256,2688,8.832475245975594,0.05294511391772083,8.856227605642802,data/problems/development/amplitude_damping_r1_n14_b3.npz
development_amplitude_damping,amplitude_damping,1,0,8219,dicke_cvar,True,0.0,0.1821986805775126,0.005053875195447038,0.15554329420101243,True,273.18613588031667,0.0,30,0,256,256,8.885420359893315,0.0,8.854290357407821,data/problems/development/amplitude_damping_r1_n14_b3.npz
development_amplitude_damping,amplitude_damping,1,0,8233,baseline,False,0.0,0.18681466448137227,0.006156967072190907,0.40642884686827807,True,76.39778995447456,0.010043738051350282,18,2304,256,2560,8.885420359893315,0.0,8.847879432313912,data/problems/development/amplitude_damping_r1_n14_b3.npz
development_amplitude_damping,amplitude_damping,1,0,8233,baseline,True,0.0,0.18114831443283644,0.01225074125379325,0.24004562231924575,True,43.9825256661393,0.0,80,0,256,256,8.885420359893315,0.0,8.811191051529192,data/problems/development/amplitude_damping_r1_n14_b3.npz
development_amplitude_damping,amplitude_damping,1,0,8233,cvar,False,0.0,0.18679105662108533,0.003726153054621383,0.4516848568206827,True,101.37390943072512,0.018160032666497905,21,2688,256,2944,8.885420359893315,0.0,8.86258884542995,data/problems/development/amplitude_damping_r1_n14_b3.npz
development_amplitude_damping,amplitude_damping,1,0,8233,cvar,True,0.006083722613359881,0.20799168527670953,0.004334506764110501,0.24658056566695463,False,124.82638124100531,0.0,80,0,256,256,8.848408836158507,0.037011523734808094,8.859060093920762,data/problems/development/amplitude_damping_r1_n14_b3.npz
development_amplitude_damping,amplitude_damping,1,0,8233,dicke,False,0.008523315174221547,0.18135823334907886,0.004939724063247061,0.15860762254257987,False,266.0214119763994,0.004059431170000849,19,2432,256,2688,8.832475245975594,0.05294511391772083,8.854958553604407,data/problems/development/amplitude_damping_r1_n14_b3.npz
development_amplitude_damping,amplitude_damping,1,0,8233,dicke,True,0.00010992081642709718,0.1799973707595876,0.004817529972362618,0.17071673696876655,False,271.4439620845808,0.0,71,0,256,256,8.884987660222961,0.0004326996703536423,8.85573310895592,data/problems/development/amplitude_damping_r1_n14_b3.npz
development_amplitude_damping,amplitude_damping,1,0,8233,dicke_cvar,False,0.00010992081642709718,0.19463691023250662,0.002615382807731644,0.4346891649016519,False,352.2787321221477,0.00941116804784592,20,2560,256,2816,8.884987660222961,0.0004326996703536423,8.869454213622522,data/problems/development/amplitude_damping_r1_n14_b3.npz
development_amplitude_damping,amplitude_damping,1,0,8233,dicke_cvar,True,0.00010992081642709718,0.18222160970904724,0.005056208495442729,0.15535958297337482,False,273.198375332636,0.0,47,0,256,256,8.884987660222961,0.0004326996703536423,8.854276317267091,data/problems/development/amplitude_damping_r1_n14_b3.npz
development_amplitude_damping,amplitude_damping,2,0,8201,baseline,False,0.0,0.19248642543310937,0.00013717567755429407,0.9594457366252578,True,41.83733572513565,0.04096510211267734,22,2816,256,3072,7.32432814310178,0.0,7.323646881976279,data/problems/development/amplitude_damping_r2_n14_b3.npz
development_amplitude_damping,amplitude_damping,2,0,8201,baseline,True,0.0,0.17581432601357658,0.00015002194324518727,0.9556478997820188,True,36.98936422045959,0.0,80,0,256,256,7.32432814310178,0.0,7.323583083046475,data/problems/development/amplitude_damping_r2_n14_b3.npz
development_amplitude_damping,amplitude_damping,2,0,8201,cvar,False,0.0,0.18082685255839692,0.000849739345922161,0.7487852522486799,True,41.479638587426706,0.00012493811198277527,21,2688,256,2944,7.32432814310178,0.0,7.320108048158518,data/problems/development/amplitude_damping_r2_n14_b3.npz
development_amplitude_damping,amplitude_damping,2,0,8201,cvar,True,0.0,0.18255113434593734,0.0001011980836477278,0.9700820596592573,True,35.52837799379116,0.0,23,0,256,256,7.32432814310178,0.0,7.323825558958631,data/problems/development/amplitude_damping_r2_n14_b3.npz
development_amplitude_damping,amplitude_damping,2,0,8201,dicke,False,0.0,0.17361708472426535,0.0008326968291548875,0.8029775890407489,True,304.2062227818223,0.07480016691252267,24,3072,256,3328,7.32432814310178,0.0,7.320188036834751,data/problems/development/amplitude_damping_r2_n14_b3.npz
development_amplitude_damping,amplitude_damping,2,0,8201,dicke,True,0.0,0.15616081233492723,0.0006056362962665547,0.8442421043614812,True,274.25238236386855,0.0,39,0,256,256,7.32432814310178,0.0,7.321318427163685,data/problems/development/amplitude_damping_r2_n14_b3.npz
development_amplitude_damping,amplitude_damping,2,0,8201,dicke_cvar,False,0.0,0.19834269096958448,0.0017612484613565595,0.6567270499959016,True,227.2945718006018,0.0013633405648199037,22,2816,256,3072,7.32432814310178,0.0,7.315568200975414,data/problems/development/amplitude_damping_r2_n14_b3.npz
development_amplitude_damping,amplitude_damping,2,0,8201,dicke_cvar,True,0.0,0.16754865111578826,0.0006929130092330785,0.8229586175633214,True,249.174514360777,0.0,61,0,256,256,7.32432814310178,0.0,7.320884776126539,data/problems/development/amplitude_damping_r2_n14_b3.npz
development_amplitude_damping,amplitude_damping,2,0,8219,baseline,False,0.03183151648351503,0.1297866116900275,0.03238890812400845,0.00155277322953562,False,30.763638861525113,0.007597287979841383,22,2816,256,3072,7.16525089195755,0.15907725114422977,7.1624516158787435,data/problems/development/amplitude_damping_r2_n14_b3.npz
development_amplitude_damping,amplitude_damping,2,0,8219,baseline,True,0.030915804056171812,0.1266411232044164,0.03275416702501269,0.0012314629959493395,False,29.59318068297973,0.0,73,0,256,256,7.16988981654659,0.15443832655518985,7.160629627088573,data/problems/development/amplitude_damping_r2_n14_b3.npz
development_amplitude_damping,amplitude_damping,2,0,8219,cvar,False,0.0359361302135255,0.13450624637779993,0.03343313543173476,0.0011568193263259419,False,34.47283517822332,0.010588629832184449,23,2944,256,3200,7.144853129702696,0.17947501339908367,7.157234769677281,data/problems/development/amplitude_damping_r2_n14_b3.npz
development_amplitude_damping,amplitude_damping,2,0,8219,cvar,True,0.027128622007333042,0.1308658295920154,0.031377272537360175,0.0021610915964986877,False,28.07793888444017,0.0,80,0,256,256,7.188658047294975,0.13567009580680445,7.167496454431722,data/problems/development/amplitude_damping_r2_n14_b3.npz
development_amplitude_damping,amplitude_damping,2,0,8219,dicke,False,0.0,0.15912065812550674,0.0007025487563649852,0.8187965900430159,True,282.6838538941176,0.0020261705394348795,22,2816,256,3072,7.32432814310178,0.0,7.320836816435393,data/problems/development/amplitude_damping_r2_n14_b3.npz
development_amplitude_damping,amplitude_damping,2,0,8219,dicke,True,0.0,0.15616326450754853,0.0006105135412604626,0.8429213834866529,True,274.8038712622165,0.0,22,0,256,256,7.32432814310178,0.0,7.321294192738714,data/problems/development/amplitude_damping_r2_n14_b3.npz
development_amplitude_damping,amplitude_damping,2,0,8219,dicke_cvar,False,0.0,0.15634662299473717,0.0006000832661984144,0.8452696284183695,True,271.2816789523495,0.004234067758469795,21,2688,256,2944,7.32432814310178,0.0,7.3213460766149305,data/problems/development/amplitude_damping_r2_n14_b3.npz
development_amplitude_damping,amplitude_damping,2,0,8219,dicke_cvar,True,0.0,0.1674475727529701,0.0006903303062160077,0.8236034601684356,True,249.2979390226997,0.0,46,0,256,256,7.32432814310178,0.0,7.32089761078251,data/problems/development/amplitude_damping_r2_n14_b3.npz
development_amplitude_damping,amplitude_damping,2,0,8233,baseline,False,0.0,0.30998024790417955,0.0004616007980322486,0.9598860482840097,True,25.87494307280424,0.09155927780737727,21,2688,256,2944,7.32432814310178,0.0,7.322023664997605,data/problems/development/amplitude_damping_r2_n14_b3.npz
development_amplitude_damping,amplitude_damping,2,0,8233,baseline,True,0.007370719636636308,0.26842459687934295,0.0061935916514510355,0.0034906433590264907,False,32.0074173455789,0.0,80,0,256,256,7.287636956341619,0.03669118676016048,7.293500784905611,data/problems/development/amplitude_damping_r2_n14_b3.npz
development_amplitude_damping,amplitude_damping,2,0,8233,cvar,False,0.0,0.3101874480805768,0.0005071153451138853,0.9563477267603203,True,25.780530119277323,0.24015463117811553,20,2560,256,2816,7.32432814310178,0.0,7.3217963919770845,data/problems/development/amplitude_damping_r2_n14_b3.npz
development_amplitude_damping,amplitude_damping,2,0,8233,cvar,True,0.0,0.2857560373751189,4.456123958668795e-08,0.999996978349035,True,28.135146381140558,0.0,63,0,256,256,7.32432814310178,0.0,7.324327920487046,data/problems/development/amplitude_damping_r2_n14_b3.npz
development_amplitude_damping,amplitude_damping,2,0,8233,dicke,False,0.0,0.16316286215240952,0.0007698243713890611,0.8059986811698433,True,295.1464785581564,0.01107769065886588,22,2816,256,3072,7.32432814310178,0.0,7.320501947958001,data/problems/development/amplitude_damping_r2_n14_b3.npz
development_amplitude_damping,amplitude_damping,2,0,8233,dicke,True,0.0,0.1561595067044884,0.00060887648215468,0.8433501052298328,True,274.5702740079641,0.0,51,0,256,256,7.32432814310178,0.0,7.3213023287274055,data/problems/development/amplitude_damping_r2_n14_b3.npz
development_amplitude_damping,amplitude_damping,2,0,8233,dicke_cvar,False,0.0033825217409742788,0.21431080314531953,0.002648435557141487,0.5000969667122531,False,233.12393013605836,0.013788668570474893,21,2688,256,2944,7.307529388327081,0.016798754774698388,7.31115446530291,data/problems/development/amplitude_damping_r2_n14_b3.npz
development_amplitude_damping,amplitude_damping,2,0,8233,dicke_cvar,True,0.0,0.16753068728644643,0.0006911060095639413,0.8234466252014998,True,249.21257916441863,0.0,28,0,256,256,7.32432814310178,0.0,7.320893753230646,data/problems/development/amplitude_damping_r2_n14_b3.npz
development_coherent_rotation,coherent_rotation,1,0,8201,baseline,False,0.010208892818065678,0.22473348601169207,0.00950965013994472,0.06648363510588595,False,42.63674219359921,0.0271728720348845,24,3072,256,3328,9.970289877308458,0.03898124135230674,9.972928086672878,data/problems/development/coherent_rotation_r1_n14_b3.npz
development_coherent_rotation,coherent_rotation,1,0,8201,baseline,True,0.0,0.22144238767589142,0.005186397642246457,0.4919733262254602,True,47.931407719520045,0.0,80,0,256,256,10.009271118660765,0.0,9.989467202269218,data/problems/development/coherent_rotation_r1_n14_b3.npz
development_coherent_rotation,coherent_rotation,1,0,8201,cvar,False,0.0,0.28709890440680136,5.5441726800284954e-05,0.9950728030066819,True,102.78419289013672,0.0056878382227787405,24,3072,256,3328,10.009271118660765,0.0,10.009038192918362,data/problems/development/coherent_rotation_r1_n14_b3.npz
development_coherent_rotation,coherent_rotation,1,0,8201,cvar,True,0.0,0.2247217429243407,0.0003738050688492578,0.9631636129586374,True,94.88515353602179,0.0,80,0,256,256,10.009271118660765,0.0,10.007839603003923,data/problems/development/coherent_rotation_r1_n14_b3.npz
development_coherent_rotation,coherent_rotation,1,0,8201,dicke,False,0.0023795131054557732,0.2563616847225844,0.0025084198561326583,0.4498580066133703,False,246.02497494448536,0.011412693448405342,20,2560,256,2816,9.989036567718122,0.020234550942642926,9.993581884487506,data/problems/development/coherent_rotation_r1_n14_b3.npz
development_coherent_rotation,coherent_rotation,1,0,8201,dicke,True,0.0,0.24564777831700219,0.003757037028804254,0.35166649650535187,True,323.879969862175,0.0,80,0,256,256,10.009271118660765,0.0,9.987723752519129,data/problems/development/coherent_rotation_r1_n14_b3.npz
development_coherent_rotation,coherent_rotation,1,0,8201,dicke_cvar,False,0.0,0.25861910526392123,0.0025406884550765643,0.46732091043186597,True,245.01714764468264,0.044409370325471986,20,2560,256,2816,10.009271118660765,0.0,9.993508958970647,data/problems/development/coherent_rotation_r1_n14_b3.npz
development_coherent_rotation,coherent_rotation,1,0,8201,dicke_cvar,True,0.0,0.2470066587466337,0.003639725554558758,0.1936715881202019,True,300.37563946810786,0.0,80,0,256,256,10.009271118660765,0.0,9.986926868761307,data/problems/development/coherent_rotation_r1_n14_b3.npz
development_coherent_rotation,coherent_rotation,1,0,8219,baseline,False,0.10242257827096535,0.16532206681207934,0.10387038451118426,0.0,False,13.781289392495951,0.030689199733704875,21,2688,256,2944,9.394500183148393,0.6147709355123716,9.381320668339852,data/problems/development/coherent_rotation_r1_n14_b3.npz
development_coherent_rotation,coherent_rotation,1,0,8219,baseline,True,0.10447458375367703,0.15681518938880448,0.10342231341285031,0.0,False,7.217899986979184,0.0,80,0,256,256,9.375641129652355,0.6336299890084103,9.385312072000863,data/problems/development/coherent_rotation_r1_n14_b3.npz
development_coherent_rotation,coherent_rotation,1,0,8219,cvar,False,0.10447458375367703,0.1589899062567434,0.1034426900746224,0.0,False,10.001729379323892,0.00102770035532318,23,2944,256,3200,9.375641129652355,0.6336299890084103,9.38512512334119,data/problems/development/coherent_rotation_r1_n14_b3.npz
development_coherent_rotation,coherent_rotation,1,0,8219,cvar,True,0.10447458375367703,0.1578186922197097,0.10359553882641663,0.0,False,6.464536016528069,0.0,77,0,256,256,9.375641129652355,0.6336299890084103,9.383720033885599,data/problems/development/coherent_rotation_r1_n14_b3.npz
development_coherent_rotation,coherent_rotation,1,0,8219,dicke,False,0.0023795131054557732,0.2500367734968055,0.005125582579636749,0.5010458111872345,False,362.0244815141335,0.015336050445045046,23,2944,256,3200,9.989036567718122,0.020234550942642926,9.980305002025736,data/problems/development/coherent_rotation_r1_n14_b3.npz
development_coherent_rotation,coherent_rotation,1,0,8219,dicke,True,0.010208892818065678,0.2468431233172301,0.004907239253137583,0.5052207618392643,False,363.99928791477834,0.0,22,0,256,256,9.970289877308458,0.03898124135230674,9.981095564555153,data/problems/development/coherent_rotation_r1_n14_b3.npz
development_coherent_rotation,coherent_rotation,1,0,8219,dicke_cvar,False,0.018868624806084963,0.2750833800344313,0.008596931101647356,0.4108852352623611,False,266.861056105847,0.052531215476858684,22,2816,256,3072,9.91716286968021,0.09210824898055492,9.96514037554826,data/problems/development/coherent_rotation_r1_n14_b3.npz
development_coherent_rotation,coherent_rotation,1,0,8219,dicke_cvar,True,0.0023795131054557732,0.24813114763812333,0.003860145089333892,0.14519109587088863,False,304.72082456592165,0.0,80,0,256,256,9.989036567718122,0.020234550942642926,9.985538152123723,data/problems/development/coherent_rotation_r1_n14_b3.npz
development_coherent_rotation,coherent_rotation,1,0,8233,baseline,False,0.07832815713384705,0.25645987606092624,0.07599955716192323,0.0,False,20.739886383485942,0.08311343732184273,19,2432,256,2688,9.516044216751991,0.4932269019087734,9.522934524262919,data/problems/development/coherent_rotation_r1_n14_b3.npz
development_coherent_rotation,coherent_rotation,1,0,8233,baseline,True,0.06668396733888557,0.2411056041537043,0.06856797855069319,0.0,False,51.30306327901444,0.0,80,0,256,256,9.552134839839233,0.4571362788215314,9.55876211153216,data/problems/development/coherent_rotation_r1_n14_b3.npz
development_coherent_rotation,coherent_rotation,1,0,8233,cvar,False,0.07832815713384705,0.2547518466983859,0.07696370082242136,0.0,False,30.380794801684626,0.0696609053023578,20,2560,256,2816,9.516044216751991,0.4932269019087734,9.524648959214382,data/problems/development/coherent_rotation_r1_n14_b3.npz
development_coherent_rotation,coherent_rotation,1,0,8233,cvar,True,0.06668396733888557,0.24962780307358254,0.06993050892039507,0.0,False,55.43268825447297,0.0,80,0,256,256,9.552134839839233,0.4571362788215314,9.542684263458774,data/problems/development/coherent_rotation_r1_n14_b3.npz
development_coherent_rotation,coherent_rotation,1,0,8233,dicke,False,0.0,0.1755300693052532,0.0008621991630755662,0.7750816602373447,True,302.37204581544603,0.012820594465404511,22,2816,256,3072,10.009271118660765,0.0,10.003547085420793,data/problems/development/coherent_rotation_r1_n14_b3.npz
development_coherent_rotation,coherent_rotation,1,0,8233,dicke,True,0.0,0.24684306745883863,0.004920374376123604,0.5055426008391557,True,363.99999789096813,0.0,20,0,256,256,10.009271118660765,0.0,9.981017196796415,data/problems/development/coherent_rotation_r1_n14_b3.npz
development_coherent_rotation,coherent_rotation,1,0,8233,dicke_cvar,False,0.0,0.23354385219372908,8.478166083607288e-05,0.9671681335988793,True,226.64489814239857,0.08234773702684528,23,2944,256,3200,10.009271118660765,0.0,10.008579936492257,data/problems/development/coherent_rotation_r1_n14_b3.npz
development_coherent_rotation,coherent_rotation,1,0,8233,dicke_cvar,True,0.0023795131054557732,0.24883035555313054,0.003966683187637342,0.167041897538308,False,313.44214879317303,0.0,80,0,256,256,9.989036567718122,0.020234550942642926,9.985243747761901,data/problems/development/coherent_rotation_r1_n14_b3.npz
development_coherent_rotation,coherent_rotation,2,0,8201,baseline,False,0.1726802722455234,0.33006206320414344,0.14311866402678902,0.0,False,23.46176920995878,0.006437635592620117,23,2944,256,3200,8.618060074691568,1.4681583288113824,8.94309873423663,data/problems/development/coherent_rotation_r2_n14_b3.npz
development_coherent_rotation,coherent_rotation,2,0,8201,baseline,True,0.18299853406977232,0.32876811137168255,0.15364025020254313,0.0,False,21.352203962292915,0.0,80,0,256,256,8.55019672504999,1.5360216784529612,8.864132956207099,data/problems/development/coherent_rotation_r2_n14_b3.npz
development_coherent_rotation,coherent_rotation,2,0,8201,cvar,False,0.1532103794354889,0.40317981143890663,0.1271523906247848,0.0,False,76.4939838921787,0.000249851150816216,20,2560,256,2816,8.964136162186996,1.1220822413159546,9.069998549067542,data/problems/development/coherent_rotation_r2_n14_b3.npz
development_coherent_rotation,coherent_rotation,2,0,8201,cvar,True,0.1106821329847088,0.4133681394162075,0.12742066860459114,0.0,False,76.41943644125368,0.0,80,0,256,256,9.183716033361662,0.9025023701412884,9.070046883707114,data/problems/development/coherent_rotation_r2_n14_b3.npz
development_coherent_rotation,coherent_rotation,2,0,8201,dicke,False,0.0,0.34527416343596656,0.007307408470078152,0.580354917207609,True,356.35609593667976,0.06201608897794575,23,2944,256,3200,10.08621840350295,0.0,10.02256917973771,data/problems/development/coherent_rotation_r2_n14_b3.npz
development_coherent_rotation,coherent_rotation,2,0,8201,dicke,True,0.0,0.26966158724332634,0.003456934833599624,0.7611734458307461,True,268.84261628939134,0.0,80,0,256,256,10.08621840350295,0.0,10.053439773389014,data/problems/development/coherent_rotation_r2_n14_b3.npz
development_coherent_rotation,coherent_rotation,2,0,8201,dicke_cvar,False,0.01428323832413446,0.343155147422382,0.0046841104491668235,0.6904178646057688,False,211.2561055140769,0.00563856297989912,25,3200,256,3456,9.948704495329348,0.13751390817360232,10.042381994370556,data/problems/development/coherent_rotation_r2_n14_b3.npz
development_coherent_rotation,coherent_rotation,2,0,8201,dicke_cvar,True,0.0,0.27899289459925253,0.004613057402411113,0.6822526412248342,True,256.6476423775645,0.0,80,0,256,256,10.08621840350295,0.0,10.042651198511887,data/problems/development/coherent_rotation_r2_n14_b3.npz
development_coherent_rotation,coherent_rotation,2,0,8219,baseline,False,0.0,0.15513507640291901,5.755845835910953e-07,0.9999653004168038,True,12.240005770913788,0.002989298769453752,27,3456,256,3712,10.08621840350295,0.0,10.086213419701002,data/problems/development/coherent_rotation_r2_n14_b3.npz
development_coherent_rotation,coherent_rotation,2,0,8219,baseline,True,0.0,0.15383948333235856,6.653008864482275e-07,0.9999605296073257,True,11.693628774304049,0.0,80,0,256,256,10.08621840350295,0.0,10.08621273725517,data/problems/development/coherent_rotation_r2_n14_b3.npz
development_coherent_rotation,coherent_rotation,2,0,8219,cvar,False,0.0,0.18087612497591715,1.6615865998915904e-20,1.0,True,26.848013205045866,0.0031134820136161923,27,3456,256,3712,10.08621840350295,0.0,10.08621840350295,data/problems/development/coherent_rotation_r2_n14_b3.npz
development_coherent_rotation,coherent_rotation,2,0,8219,cvar,True,0.0,0.16994806725808914,1.2980537830951253e-24,1.0,True,22.33980153018936,0.0,80,0,256,256,10.08621840350295,0.0,10.08621840350295,data/problems/development/coherent_rotation_r2_n14_b3.npz
development_coherent_rotation,coherent_rotation,2,0,8219,dicke,False,0.01428323832413446,0.28693526355354226,0.00558050984436087,0.6160193872442009,False,283.08473870769734,0.021687603467369865,21,2688,256,2944,9.948704495329348,0.13751390817360232,10.033523301928343,data/problems/development/coherent_rotation_r2_n14_b3.npz
development_coherent_rotation,coherent_rotation,2,0,8219,dicke,True,0.0,0.26958877761005556,0.003491147339651858,0.7588349244125003,True,270.2549661807535,0.0,59,0,256,256,10.08621840350295,0.0,10.053117861436563,data/problems/development/coherent_rotation_r2_n14_b3.npz
development_coherent_rotation,coherent_rotation,2,0,8219,dicke_cvar,False,0.01428323832413446,0.28373972398544606,0.00499199049252355,0.6568297711421178,False,290.3482906176388,0.010269680773655088,26,3328,256,3584,9.948704495329348,0.13751390817360232,10.03910657311581,data/problems/development/coherent_rotation_r2_n14_b3.npz
development_coherent_rotation,coherent_rotation,2,0,8219,dicke_cvar,True,0.015979236420989078,0.27851798521784776,0.004546660376414393,0.686755869052051,False,256.8741394798559,0.0,80,0,256,256,9.952021177093197,0.1341972264097535,10.043266564386979,data/problems/development/coherent_rotation_r2_n14_b3.npz
development_coherent_rotation,coherent_rotation,2,0,8233,baseline,False,0.0643272612977159,0.24374616208547817,0.05490356089674349,0.0,False,14.6201165614744,0.0005778034705772317,21,2688,256,2944,9.597850648989883,0.48836775451306735,9.66321449700861,data/problems/development/coherent_rotation_r2_n14_b3.npz
development_coherent_rotation,coherent_rotation,2,0,8233,baseline,True,0.02474095701525796,0.24496823887520414,0.05658241286355886,0.0,False,12.358118355437494,0.0,80,0,256,256,9.91324870955987,0.17296969394308093,9.633033389025975,data/problems/development/coherent_rotation_r2_n14_b3.npz
development_coherent_rotation,coherent_rotation,2,0,8233,cvar,False,0.018276309725763717,0.2498849558417343,0.02827574723286322,0.0,False,22.305219192224783,0.024853927909027407,21,2688,256,2944,9.94318408433853,0.14303431916442122,9.878034752943956,data/problems/development/coherent_rotation_r2_n14_b3.npz
development_coherent_rotation,coherent_rotation,2,0,8233,cvar,True,0.026964367464515297,0.23870997526388107,0.02890663633568269,0.0,False,16.848800503392486,0.0,61,0,256,256,9.889897946848167,0.19632045665478337,9.8740231112982,data/problems/development/coherent_rotation_r2_n14_b3.npz
development_coherent_rotation,coherent_rotation,2,0,8233,dicke,False,0.01428323832413446,0.270883003993603,0.0038841863455763097,0.7316770637812409,False,265.39275787830206,0.007075396110191257,25,3200,256,3456,9.948704495329348,0.13751390817360232,10.049398679608505,data/problems/development/coherent_rotation_r2_n14_b3.npz
development_coherent_rotation,coherent_rotation,2,0,8233,dicke,True,0.0,0.2695874679473387,0.0034888781014794307,0.758990213936544,True,270.18508173762586,0.0,49,0,256,256,10.08621840350295,0.0,10.053139216588615,data/problems/development/coherent_rotation_r2_n14_b3.npz
development_coherent_rotation,coherent_rotation,2,0,8233,dicke_cvar,False,0.0,0.37130847943081496,0.007261463624349911,0.5800873769255213,True,257.27333824650606,0.08255933676858684,20,2560,256,2816,10.08621840350295,0.0,10.023044603602768,data/problems/development/coherent_rotation_r2_n14_b3.npz
development_coherent_rotation,coherent_rotation,2,0,8233,dicke_cvar,True,0.01428323832413446,0.27985127262865855,0.004580437901830979,0.6845207860119265,False,256.75507064574555,0.0,55,0,256,256,9.948704495329348,0.13751390817360232,10.042962389901751,data/problems/development/coherent_rotation_r2_n14_b3.npz
development_dephasing,dephasing,1,0,8201,baseline,False,0.13060290136846,0.48652636371379276,0.1317339553390098,0.0,False,10.330023119690122,0.12353130322249561,18,2304,256,2560,8.7680072659979,1.4982728601107134,8.779491831279504,data/problems/development/dephasing_r1_n14_b3.npz
development_dephasing,dephasing,1,0,8201,baseline,True,0.1337065044540249,0.4608365475211185,0.1286144310021147,0.0,False,16.386811399043943,0.0,37,0,256,256,8.863676407943363,1.4026037181652509,9.049081360994517,data/problems/development/dephasing_r1_n14_b3.npz
development_dephasing,dephasing,1,0,8201,cvar,False,0.12491188389804428,0.46615854842484905,0.1280063543425751,0.0,False,18.488327072363894,0.002997996193375263,18,2304,256,2560,9.266962340246188,0.9993177858624254,9.065940441688412,data/problems/development/dephasing_r1_n14_b3.npz
development_dephasing,dephasing,1,0,8201,cvar,True,0.1337065044540249,0.466565638746976,0.1271534626556395,0.0,False,19.664867915306267,0.0,31,0,256,256,8.863676407943363,1.4026037181652509,9.096377198290554,data/problems/development/dephasing_r1_n14_b3.npz
development_dephasing,dephasing,1,0,8201,dicke,False,0.0,0.2640000605938751,0.0036594895262482656,0.5072432981185879,True,355.9295940428387,0.12723859161256001,24,3072,256,3328,10.266280126108613,0.0,10.224251776652782,data/problems/development/dephasing_r1_n14_b3.npz
development_dephasing,dephasing,1,0,8201,dicke,True,0.0,0.17427417707563364,0.0025154210318344846,0.5662361654987349,True,261.28486121044176,0.0,44,0,256,256,10.266280126108613,0.0,10.239040540936,data/problems/development/dephasing_r1_n14_b3.npz
development_dephasing,dephasing,1,0,8201,dicke_cvar,False,0.004938739429881926,0.19820901619772666,0.002406916052012635,0.6041965050914868,False,228.10172633281948,0.0006082353622787195,28,3584,256,3840,10.21833988236371,0.04794024374490391,10.240786038811605,data/problems/development/dephasing_r1_n14_b3.npz
development_dephasing,dephasing,1,0,8201,dicke_cvar,True,0.0,0.21006647704194853,0.002340917765195333,0.6169093720215821,True,220.34947060414564,0.0,43,0,256,256,10.266280126108613,0.0,10.241692136437257,data/problems/development/dephasing_r1_n14_b3.npz
development_dephasing,dephasing,1,0,8219,baseline,False,0.07044014468316208,0.3155318137700347,0.09856820788306792,0.0,False,50.56772381749305,0.09782465049933814,22,2816,256,3072,7.914463699033902,2.351816427074711,8.253962164694974,data/problems/development/dephasing_r1_n14_b3.npz
development_dephasing,dephasing,1,0,8219,baseline,True,0.11602746820022435,0.27798530663849674,0.12436837447442543,0.0,False,17.446497009780447,0.0,63,0,256,256,9.31665331196515,0.9496268141434641,8.682653280795673,data/problems/development/dephasing_r1_n14_b3.npz
development_dephasing,dephasing,1,0,8219,cvar,False,0.04065872397766006,0.3687983521141123,0.05330788630450865,0.0,False,20.498182294882955,0.003759448136233967,19,2432,256,2688,9.943965980417396,0.32231414569121775,8.946859348017384,data/problems/development/dephasing_r1_n14_b3.npz
development_dephasing,dephasing,1,0,8219,cvar,True,0.04065872397766006,0.37386954328892236,0.052664013163099106,0.0,False,18.83267302772844,0.0,80,0,256,256,9.943965980417396,0.32231414569121775,8.933798534602936,data/problems/development/dephasing_r1_n14_b3.npz
development_dephasing,dephasing,1,0,8219,dicke,False,0.0,0.2575176740958661,0.0018317000372254121,0.684220250273222,True,237.29861448073413,0.03827239550570394,27,3456,256,3712,10.266280126108613,0.0,10.24692026126431,data/problems/development/dephasing_r1_n14_b3.npz
development_dephasing,dephasing,1,0,8219,dicke,True,0.005919721163893154,0.17427336586437153,0.0025147150849273614,0.5663832883621265,False,261.1170677189654,0.0,57,0,256,256,10.176838966092253,0.08944116001636004,10.239050252621778,data/problems/development/dephasing_r1_n14_b3.npz
development_dephasing,dephasing,1,0,8219,dicke_cvar,False,0.0,0.2631629968070997,0.0018500338377831777,0.7079001607488116,True,235.85791403397084,0.0566493589923982,20,2560,256,2816,10.266280126108613,0.0,10.246960831233153,data/problems/development/dephasing_r1_n14_b3.npz
development_dephasing,dephasing,1,0,8219,dicke_cvar,True,0.004938739429881926,0.21077725641836548,0.002330890043256568,0.6182802560438325,False,220.39506913276185,0.0,59,0,256,256,10.21833988236371,0.04794024374490391,10.241816299943897,data/problems/development/dephasing_r1_n14_b3.npz
development_dephasing,dephasing,1,0,8233,baseline,False,0.02322133940136084,0.2043515916917364,0.02771409218792545,0.0,False,22.882159577591523,0.00023323059942970126,21,2688,256,2944,10.077843055101738,0.18843707100687546,9.78911764156684,data/problems/development/dephasing_r1_n14_b3.npz
development_dephasing,dephasing,1,0,8233,baseline,True,0.032059620037532856,0.20435682455184861,0.027831807045069462,0.0,False,22.605315748634435,0.0,80,0,256,256,10.036484348960721,0.229795777147892,9.800711924545071,data/problems/development/dephasing_r1_n14_b3.npz
development_dephasing,dephasing,1,0,8233,cvar,False,0.005919721163893154,0.2450991650277377,0.01172808454149277,0.0,False,69.68411997526478,0.005837471544697603,19,2432,256,2688,10.176838966092253,0.08944116001636004,10.121153709281263,data/problems/development/dephasing_r1_n14_b3.npz
development_dephasing,dephasing,1,0,8233,cvar,True,0.005919721163893154,0.2659162707637995,0.006270173368194781,0.0,False,104.53786327590143,0.0,50,0,256,256,10.176838966092253,0.08944116001636004,10.17351261374851,data/problems/development/dephasing_r1_n14_b3.npz
development_dephasing,dephasing,1,0,8233,dicke,False,0.0,0.25934627611205924,0.00358061069589245,0.5149082720775844,True,346.7114834663578,0.011133700608212671,19,2432,256,2688,10.266280126108613,0.0,10.224627016124808,data/problems/development/dephasing_r1_n14_b3.npz
development_dephasing,dephasing,1,0,8233,dicke,True,0.0,0.174274247286724,0.002515758180892646,0.5661938431907229,True,261.29431567932284,0.0,62,0,256,256,10.266280126108613,0.0,10.2390381577282,data/problems/development/dephasing_r1_n14_b3.npz
development_dephasing,dephasing,1,0,8233,dicke_cvar,False,0.010388347285842713,0.224151168754016,0.0032551762908211396,0.5490240411651451,False,237.62384979802036,0.004055292353753792,24,3072,256,3328,10.1540904693281,0.1121896567805134,10.228944883608548,data/problems/development/dephasing_r1_n14_b3.npz
development_dephasing,dephasing,1,0,8233,dicke_cvar,True,0.0,0.21029499652132014,0.0023372193562896403,0.6174037221383927,True,220.39276167277188,0.0,63,0,256,256,10.266280126108613,0.0,10.241737772895387,data/problems/development/dephasing_r1_n14_b3.npz
development_dephasing,dephasing,2,0,8201,baseline,False,0.016965411220152105,0.23023609464571648,0.00920935197643227,0.08738454512274729,False,22.23207295422925,0.0985051014516598,27,3456,256,3712,8.38319691186038,0.11024679337113596,8.433598617515745,data/problems/development/dephasing_r2_n14_b3.npz
development_dephasing,dephasing,2,0,8201,baseline,True,0.006191800209265289,0.19516239733371396,0.011970753745336403,0.023695103016443175,False,20.574195701711574,0.0,80,0,256,256,8.453207455825746,0.04023624940577086,8.415653917298318,data/problems/development/dephasing_r2_n14_b3.npz
development_dephasing,dephasing,2,0,8201,cvar,False,0.0,0.44759136756485507,0.0012433846684923458,0.7922988132831357,True,61.66638570267078,0.0014729237709314447,20,2560,256,2816,8.493443705231517,0.0,8.485363817948569,data/problems/development/dephasing_r2_n14_b3.npz
development_dephasing,dephasing,2,0,8201,cvar,True,0.0,0.4248407563873843,0.0009564716733032376,0.8403258099131796,True,63.220642041999035,0.0,80,0,256,256,8.493443705231517,0.0,8.487228264625312,data/problems/development/dephasing_r2_n14_b3.npz
development_dephasing,dephasing,2,0,8201,dicke,False,0.0,0.2562276845356454,0.0004702441102398412,0.8057686532046211,True,257.207277924571,0.009312243274921084,23,2944,256,3200,8.493443705231517,0.0,8.490388177743991,data/problems/development/dephasing_r2_n14_b3.npz
development_dephasing,dephasing,2,0,8201,dicke,True,0.0,0.24856156333007035,0.00039749888364849014,0.8311756833806556,True,262.3229382898775,0.0,65,0,256,256,8.493443705231517,0.0,8.49086086425909,data/problems/development/dephasing_r2_n14_b3.npz
development_dephasing,dephasing,2,0,8201,dicke_cvar,False,0.006191800209265289,0.37301913722726254,0.002054431770870628,0.5568294460850172,False,361.4505541307534,0.002127897547327784,20,2560,256,2816,8.453207455825746,0.04023624940577086,8.480093797674181,data/problems/development/dephasing_r2_n14_b3.npz
development_dephasing,dephasing,2,0,8201,dicke_cvar,True,0.0016081118481852017,0.2744500618895752,0.00036181398147061973,0.8390067890554883,False,265.5302089975774,0.0,80,0,256,256,8.48299521633866,0.0104484888928571,8.491092747756138,data/problems/development/dephasing_r2_n14_b3.npz
development_dephasing,dephasing,2,0,8219,baseline,False,0.048243050735814856,0.20724636865968543,0.046931623576254126,0.0,False,40.699398062438014,0.0004613120309400198,25,3200,256,3456,8.179946534621571,0.31349717060994564,8.188468861641311,data/problems/development/dephasing_r2_n14_b3.npz
development_dephasing,dephasing,2,0,8219,baseline,True,0.048243050735814856,0.20552739886359814,0.046945318024467095,0.0,False,40.127635029045095,0.0,36,0,256,256,8.179946534621571,0.31349717060994564,8.188379870852723,data/problems/development/dephasing_r2_n14_b3.npz
development_dephasing,dephasing,2,0,8219,cvar,False,0.05149869984491784,0.2902899393471648,0.04217771141105013,0.0,False,52.563543804351866,0.0023042759992244477,25,3200,256,3456,8.158790475541428,0.3346532296900886,8.219362074737884,data/problems/development/dephasing_r2_n14_b3.npz
development_dephasing,dephasing,2,0,8219,cvar,True,0.048243050735814856,0.23962034709958774,0.042714680127907904,0.0,False,39.59274522137814,0.0,26,0,256,256,8.179946534621571,0.31349717060994564,8.2158725474278,data/problems/development/dephasing_r2_n14_b3.npz
development_dephasing,dephasing,2,0,8219,dicke,False,0.0,0.2578740223075955,0.00047055656705251325,0.8092091411720257,True,263.00242200503715,0.006619765987491144,23,2944,256,3200,8.493443705231517,0.0,8.490386140580785,data/problems/development/dephasing_r2_n14_b3.npz
development_dephasing,dephasing,2,0,8219,dicke,True,0.0016081118481852017,0.24856289425271497,0.0003966740874627902,0.8313906583073236,False,262.2680962052756,0.0,55,0,256,256,8.48299521633866,0.0104484888928571,8.490866223801424,data/problems/development/dephasing_r2_n14_b3.npz
development_dephasing,dephasing,2,0,8219,dicke_cvar,False,0.0,0.27308168413099015,0.0005541249104584776,0.7703218297973538,True,252.077910464123,0.002974487686416172,24,3072,256,3328,8.493443705231517,0.0,8.48984314425177,data/problems/development/dephasing_r2_n14_b3.npz
development_dephasing,dephasing,2,0,8219,dicke_cvar,True,0.0,0.2762401494275922,0.00036156540219311865,0.8392426295268229,True,266.2895605256353,0.0,80,0,256,256,8.493443705231517,0.0,8.491094362637767,data/problems/development/dephasing_r2_n14_b3.npz
development_dephasing,dephasing,2,0,8233,baseline,False,0.010773603902514348,0.3850369966386444,0.015846473938645373,0.006079523231274253,False,48.40301525473437,0.004159343440492513,19,2432,256,2688,8.423433195980097,0.0700105092514196,8.39046927917089,data/problems/development/dephasing_r2_n14_b3.npz
development_dephasing,dephasing,2,0,8233,baseline,True,0.016965411220152105,0.3760906208782584,0.015979371583725196,0.005001598963857545,False,44.67519404661232,0.0,45,0,256,256,8.38319691186038,0.11024679337113596,8.389605722149678,data/problems/development/dephasing_r2_n14_b3.npz
development_dephasing,dephasing,2,0,8233,cvar,False,0.010773603902514348,0.4586558704086214,0.008070519803674247,0.17056515854435872,False,105.88563990342477,0.06218563221853035,22,2816,256,3072,8.423433195980097,0.0700105092514196,8.440998908013897,data/problems/development/dephasing_r2_n14_b3.npz
development_dephasing,dephasing,2,0,8233,cvar,True,0.006191800209265289,0.3833753170037195,0.00781774746970199,0.16366728001550634,False,49.636990227262835,0.0,80,0,256,256,8.453207455825746,0.04023624940577086,8.44264140551698,data/problems/development/dephasing_r2_n14_b3.npz
development_dephasing,dephasing,2,0,8233,dicke,False,0.0,0.2578870704693302,0.00048296290186418254,0.8101295880116894,True,276.58809394915266,0.010578185479460211,19,2432,256,2688,8.493443705231517,0.0,8.490305514570117,data/problems/development/dephasing_r2_n14_b3.npz
development_dephasing,dephasing,2,0,8233,dicke,True,0.010773603902514348,0.2485699795458667,0.0003989613204070752,0.8307907033178786,False,262.4110444220492,0.0,19,0,256,256,8.423433195980097,0.0700105092514196,8.490851361323529,data/problems/development/dephasing_r2_n14_b3.npz
development_dephasing,dephasing,2,0,8233,dicke_cvar,False,0.0,0.28165719827804164,0.0005671746753088981,0.7885299008144255,True,278.8921766967197,0.0017080027860325586,21,2688,256,2944,8.493443705231517,0.0,8.48975830694107,data/problems/development/dephasing_r2_n14_b3.npz
development_dephasing,dephasing,2,0,8233,dicke_cvar,True,0.0,0.2728410982957072,0.0003605271388152249,0.8397218722746258,True,265.674181403793,0.0,80,0,256,256,8.493443705231517,0.0,8.49110110899223,data/problems/development/dephasing_r2_n14_b3.npz
development_depolarizing,depolarizing,1,0,8201,baseline,False,0.10903457547816564,0.22738837869859152,0.10909959605379067,0.0,False,29.339144500658332,0.018580013123250083,21,2688,256,2944,8.403529218949968,0.7125180812844008,8.403105684659826,data/problems/development/depolarizing_r1_n14_b3.npz
development_depolarizing,depolarizing,1,0,8201,baseline,True,0.09886150034288137,0.20771532182836241,0.10632985637528705,0.0,False,10.31592811243412,0.0,61,0,256,256,8.470011028310607,0.6460362719237622,8.42121387471852,data/problems/development/depolarizing_r1_n14_b3.npz
development_depolarizing,depolarizing,1,0,8201,cvar,False,0.10516888267384564,0.24402004815670644,0.10591341968951837,0.0,False,30.627023223327377,0.005238998926677674,23,2944,256,3200,8.428801749593884,0.6872455506404851,8.423950771768041,data/problems/development/depolarizing_r1_n14_b3.npz
development_depolarizing,depolarizing,1,0,8201,cvar,True,0.10903457547816564,0.22871309621817104,0.1086614039750032,0.0,False,54.886391863301284,0.0,25,0,256,256,8.403529218949968,0.7125180812844008,8.405981343327959,data/problems/development/depolarizing_r1_n14_b3.npz
development_depolarizing,depolarizing,1,0,8201,dicke,False,0.0,0.2952292919262588,0.019383357334189374,0.5078645598203997,True,352.8353898252236,0.009515161592170251,19,2432,256,2688,9.116047300234369,0.0,8.989412164015027,data/problems/development/depolarizing_r1_n14_b3.npz
development_depolarizing,depolarizing,1,0,8201,dicke,True,0.041970075533049996,0.2929972824895274,0.018426624590416336,0.5055394226628565,False,363.9999514086822,0.0,23,0,256,256,8.842098535387265,0.27394876484710373,8.995654468275308,data/problems/development/depolarizing_r1_n14_b3.npz
development_depolarizing,depolarizing,1,0,8201,dicke_cvar,False,0.0,0.29900113610300794,0.018487017442233265,0.4936040232713741,True,309.473311846224,0.015377188971428257,19,2432,256,2688,9.116047300234369,0.0,8.995273667402632,data/problems/development/depolarizing_r1_n14_b3.npz
development_depolarizing,depolarizing,1,0,8201,dicke_cvar,True,0.041970075533049996,0.29301197548322694,0.018414651447679318,0.5054441451791756,False,363.9973764415157,0.0,21,0,256,256,8.842098535387265,0.27394876484710373,8.99573267524736,data/problems/development/depolarizing_r1_n14_b3.npz
development_depolarizing,depolarizing,1,0,8219,baseline,False,0.13260200140809944,0.34209917755535274,0.13544862675788757,0.0,False,39.45299501505839,0.0781548145089701,21,2688,256,2944,8.249541652750674,0.8665056474836952,8.230941460145578,data/problems/development/depolarizing_r1_n14_b3.npz
development_depolarizing,depolarizing,1,0,8219,baseline,True,0.13962466365292603,0.30094413008323234,0.14024915207233618,0.0,False,36.204810891150075,0.0,33,0,256,256,8.203650742765578,0.9123965574687904,8.199561419432426,data/problems/development/depolarizing_r1_n14_b3.npz
development_depolarizing,depolarizing,1,0,8219,cvar,False,0.13962466365292603,0.41382837733824923,0.13956089583054732,0.0,False,37.73298687408207,0.04484491112095679,22,2816,256,3072,8.203650742765578,0.9123965574687904,8.20406120734354,data/problems/development/depolarizing_r1_n14_b3.npz
development_depolarizing,depolarizing,1,0,8219,cvar,True,0.13260200140809944,0.3041062120388197,0.14003525461859276,0.0,False,39.4949181231798,0.0,80,0,256,256,8.249541652750674,0.8665056474836952,8.200960440976083,data/problems/development/depolarizing_r1_n14_b3.npz
development_depolarizing,depolarizing,1,0,8219,dicke,False,0.0,0.3070044994917635,0.019185718706568267,0.45353646168329254,True,248.28885510476366,0.08847293476890705,19,2432,256,2688,9.116047300234369,0.0,8.990719770156769,data/problems/development/depolarizing_r1_n14_b3.npz
development_depolarizing,depolarizing,1,0,8219,dicke,True,0.029085974433844,0.2181588602560102,0.015611373538826814,0.5332333271352316,False,277.9453420210148,0.0,80,0,256,256,8.925982908855461,0.19006439137890752,9.014048649149572,data/problems/development/depolarizing_r1_n14_b3.npz
development_depolarizing,depolarizing,1,0,8219,dicke_cvar,False,0.029085974433844,0.2939612565514963,0.01790624955746575,0.4709877349270152,False,282.5590050814842,0.0016072068254535665,26,3328,256,3584,8.925982908855461,0.19006439137890752,8.999055243127705,data/problems/development/depolarizing_r1_n14_b3.npz
development_depolarizing,depolarizing,1,0,8219,dicke_cvar,True,0.029085974433844,0.2944081499628815,0.01853240024840815,0.45602846960945076,False,272.12449386329473,0.0,67,0,256,256,8.925982908855461,0.19006439137890752,8.994966042925984,data/problems/development/depolarizing_r1_n14_b3.npz
development_depolarizing,depolarizing,1,0,8233,baseline,False,0.03958287908208578,0.1554994962430979,0.050640451472740385,0.0,False,16.837830903144738,0.0026077828570851835,24,3072,256,3328,8.857371737487725,0.25867556274664416,8.785134048664386,data/problems/development/depolarizing_r1_n14_b3.npz
development_depolarizing,depolarizing,1,0,8233,baseline,True,0.06723860169123631,0.15343564828583467,0.05423876691985692,0.0,False,15.587895598050256,0.0,80,0,256,256,8.676655966582285,0.43939133365208427,8.761635792229207,data/problems/development/depolarizing_r1_n14_b3.npz
development_depolarizing,depolarizing,1,0,8233,cvar,False,0.0595253628789394,0.22097282224638823,0.04373147241065469,0.0,False,49.51055701787455,0.01059937296261948,20,2560,256,2816,8.727087972571821,0.3889593276625476,8.830300916764056,data/problems/development/depolarizing_r1_n14_b3.npz
development_depolarizing,depolarizing,1,0,8233,cvar,True,0.029085974433844,0.191619915475504,0.030171162618724285,0.0,False,68.9939655807633,0.0,80,0,256,256,8.925982908855461,0.19006439137890752,8.918891006082408,data/problems/development/depolarizing_r1_n14_b3.npz
development_depolarizing,depolarizing,1,0,8233,dicke,False,0.0,0.22203038488007973,0.015812366603044394,0.5330796799315913,True,281.11419455737996,0.02237032021585117,19,2432,256,2688,9.116047300234369,0.0,9.012739420474134,data/problems/development/depolarizing_r1_n14_b3.npz
development_depolarizing,depolarizing,1,0,8233,dicke,True,0.0,0.21814208653267617,0.015614167131358424,0.5330489141368766,True,278.164649699404,0.0,67,0,256,256,9.116047300234369,0.0,9.014030371161134,data/problems/development/depolarizing_r1_n14_b3.npz
development_depolarizing,depolarizing,1,0,8233,dicke_cvar,False,0.0,0.24797020994016963,0.016292644544371994,0.5525246350713353,True,288.1080815109545,0.005039371209115018,21,2688,256,2944,9.116047300234369,0.0,9.00961055061699,data/problems/development/depolarizing_r1_n14_b3.npz
development_depolarizing,depolarizing,1,0,8233,dicke_cvar,True,0.0,0.22207868449690427,0.015598386595446392,0.5382934658073575,True,276.48836564761035,0.0,68,0,256,256,9.116047300234369,0.0,9.014134604052785,data/problems/development/depolarizing_r1_n14_b3.npz
development_depolarizing,depolarizing,2,0,8201,baseline,False,0.022169664916408344,0.16479594346249743,0.02046255934954961,0.0,False,29.943905252972005,0.07895207650391445,20,2560,256,2816,6.88854598197342,0.10708952957762463,6.896817512280558,data/problems/development/depolarizing_r2_n14_b3.npz
development_depolarizing,depolarizing,2,0,8201,baseline,True,0.022169664916408344,0.14564858841793488,0.018440957409397215,0.0,False,31.62565705455313,0.0,80,0,256,256,6.88854598197342,0.10708952957762463,6.906604995148773,data/problems/development/depolarizing_r2_n14_b3.npz
development_depolarizing,depolarizing,2,0,8201,cvar,False,0.022169664916408344,0.16442906791954387,0.020459072878193846,0.0,False,29.872330000190452,0.0016012013502431088,18,2304,256,2560,6.88854598197342,0.10708952957762463,6.8968343727012815,data/problems/development/depolarizing_r2_n14_b3.npz
development_depolarizing,depolarizing,2,0,8201,cvar,True,0.022169664916408344,0.14830721806529704,0.019610875282211816,0.0,False,29.486576915391385,0.0,80,0,256,256,6.88854598197342,0.10708952957762463,6.900941146329821,data/problems/development/depolarizing_r2_n14_b3.npz
development_depolarizing,depolarizing,2,0,8201,dicke,False,0.0,0.21710500235465913,0.005787397568709331,0.531429622685048,True,360.85602215687595,0.016185298584683316,19,2432,256,2688,6.995635511551044,0.0,6.967759176482044,data/problems/development/depolarizing_r2_n14_b3.npz
development_depolarizing,depolarizing,2,0,8201,dicke,True,0.008301049862678414,0.13898958968900288,0.0034473450235157693,0.6663772397338434,False,273.39267001916005,0.0,24,0,256,256,6.955687978989581,0.039947532561463106,6.979033209623696,data/problems/development/depolarizing_r2_n14_b3.npz
development_depolarizing,depolarizing,2,0,8201,dicke_cvar,False,0.0,0.21710500235465913,0.005787397568709331,0.531429622685048,True,360.85602215687595,0.004291062470943796,20,2560,256,2816,6.995635511551044,0.0,6.967759176482044,data/problems/development/depolarizing_r2_n14_b3.npz
development_depolarizing,depolarizing,2,0,8201,dicke_cvar,True,0.012406712580937358,0.21294793825527253,0.004526278766565844,0.6244388728052561,False,290.3421968477097,0.0,56,0,256,256,6.9358058455249205,0.05982966602612372,6.973832504735299,data/problems/development/depolarizing_r2_n14_b3.npz
development_depolarizing,depolarizing,2,0,8219,baseline,False,0.07727432031790396,0.21024503361167782,0.08314347962748854,0.0,False,13.79540511679536,0.039846480021442865,18,2304,256,2560,6.621791412488752,0.37384409906229266,6.593217990262263,data/problems/development/depolarizing_r2_n14_b3.npz
development_depolarizing,depolarizing,2,0,8219,baseline,True,0.0777880116924209,0.194742672671519,0.08230531819824395,0.0,False,24.08791680124386,0.0,46,0,256,256,6.619303445365858,0.3763320661851859,6.597384780729066,data/problems/development/depolarizing_r2_n14_b3.npz
development_depolarizing,depolarizing,2,0,8219,cvar,False,0.08823934796154514,0.19523931193418803,0.08236957576723751,0.0,False,25.00917253609391,0.0046059264873048456,21,2688,256,2944,6.568597305589359,0.4270382059616855,6.597072303403476,data/problems/development/depolarizing_r2_n14_b3.npz
development_depolarizing,depolarizing,2,0,8219,cvar,True,0.08823934796154514,0.236947029408961,0.08880491841868615,0.0,False,11.809979988062222,0.0,66,0,256,256,6.568597305589359,0.4270382059616855,6.5657786784279875,data/problems/development/depolarizing_r2_n14_b3.npz
development_depolarizing,depolarizing,2,0,8219,dicke,False,0.0,0.14057721911557114,0.003379508359532225,0.6796593250987059,True,274.2204314283993,0.008159946160214204,23,2944,256,3200,6.995635511551044,0.0,6.979358717482327,data/problems/development/depolarizing_r2_n14_b3.npz
development_depolarizing,depolarizing,2,0,8219,dicke,True,0.008301049862678414,0.13924861268306116,0.003510776641486269,0.664072518656361,False,276.9357642492523,0.0,80,0,256,256,6.955687978989581,0.039947532561463106,6.978727218711401,data/problems/development/depolarizing_r2_n14_b3.npz
development_depolarizing,depolarizing,2,0,8219,dicke_cvar,False,0.0,0.21326469945419982,0.004835831546990172,0.6124366356823536,True,319.2963585213706,0.00034101230447491915,19,2432,256,2688,6.995635511551044,0.0,6.972341707322631,data/problems/development/depolarizing_r2_n14_b3.npz
development_depolarizing,depolarizing,2,0,8219,dicke_cvar,True,0.008301049862678414,0.2126124050254494,0.004497740091059944,0.6353930237625501,False,292.60047234780103,0.0,80,0,256,256,6.955687978989581,0.039947532561463106,6.973970023536733,data/problems/development/depolarizing_r2_n14_b3.npz
development_depolarizing,depolarizing,2,0,8233,baseline,False,0.02511907236866675,0.14669122144769975,0.03799538403415095,0.0,False,18.3979369235437,0.0044119918786744705,19,2432,256,2688,6.874539607578569,0.12109590397247505,6.812072906114821,data/problems/development/depolarizing_r2_n14_b3.npz
development_depolarizing,depolarizing,2,0,8233,baseline,True,0.05155568227524126,0.1437386872411932,0.03432278825626277,0.0,False,18.254706359626848,0.0,80,0,256,256,6.746354533120327,0.2492809784307175,6.829883323145943,data/problems/development/depolarizing_r2_n14_b3.npz
development_depolarizing,depolarizing,2,0,8233,cvar,False,0.02511907236866675,0.14669122144769975,0.03799538403415095,0.0,False,18.3979369235437,0.00020447196534778556,19,2432,256,2688,6.874539607578569,0.12109590397247505,6.812072906114821,data/problems/development/depolarizing_r2_n14_b3.npz
development_depolarizing,depolarizing,2,0,8233,cvar,True,0.030730918414826187,0.15224866885413588,0.031737644689424825,0.0,False,45.78138742295337,0.0,26,0,256,256,6.847360476554304,0.14827503499674055,6.84243205603023,data/problems/development/depolarizing_r2_n14_b3.npz
development_depolarizing,depolarizing,2,0,8233,dicke,False,0.0,0.16111857434632276,0.003768511322914408,0.6268385749767602,True,290.15444145683114,0.006009233044921736,26,3328,256,3584,6.995635511551044,0.0,6.977487856176401,data/problems/development/depolarizing_r2_n14_b3.npz
development_depolarizing,depolarizing,2,0,8233,dicke,True,0.008301049862678414,0.13891793920203213,0.003471356981052871,0.6659225939131548,False,274.8052161245876,0.0,80,0,256,256,6.955687978989581,0.039947532561463106,6.978917313404435,data/problems/development/depolarizing_r2_n14_b3.npz
development_depolarizing,depolarizing,2,0,8233,dicke_cvar,False,0.008301049862678414,0.2220005608423182,0.008368595504864892,0.37566692712226446,False,328.73866496201197,0.026093063358542334,25,3200,256,3456,6.955687978989581,0.039947532561463106,6.955304488831343,data/problems/development/depolarizing_r2_n14_b3.npz
development_depolarizing,depolarizing,2,0,8233,dicke_cvar,True,0.008301049862678414,0.21269026713448375,0.004490031942919868,0.6330773093388473,False,290.5979553802403,0.0,80,0,256,256,6.955687978989581,0.039947532561463106,6.974007110456505,data/problems/development/depolarizing_r2_n14_b3.npz
development_driven_dissipation,driven_dissipation,1,0,8201,baseline,False,0.0,0.18425551748207203,0.0056410654231444516,0.6266980474876636,True,25.99010116845126,0.006644590818748242,19,2432,256,2688,9.326958158609497,0.0,9.2997827553311,data/problems/development/driven_dissipation_r1_n14_b3.npz
development_driven_dissipation,driven_dissipation,1,0,8201,baseline,True,0.0,0.1798055696129587,0.005957209916114069,0.6057765228525525,True,23.1676222904381,0.0,80,0,256,256,9.326958158609497,0.0,9.298259753397234,data/problems/development/driven_dissipation_r1_n14_b3.npz
development_driven_dissipation,driven_dissipation,1,0,8201,cvar,False,0.0,0.24079472837829147,0.0066586897500565045,0.5598729342540749,True,65.58785372970503,0.017493483235699436,18,2304,256,2560,9.326958158609497,0.0,9.294880386881545,data/problems/development/driven_dissipation_r1_n14_b3.npz
development_driven_dissipation,driven_dissipation,1,0,8201,cvar,True,0.0,0.17991625932100888,0.005754749440542546,0.6191745005585139,True,23.490276850528844,0.0,55,0,256,256,9.326958158609497,0.0,9.299235091349518,data/problems/development/driven_dissipation_r1_n14_b3.npz
development_driven_dissipation,driven_dissipation,1,0,8201,dicke,False,0.048381222028096776,0.34418404085159976,0.04301831653829387,0.09092020625875363,False,272.87668414174107,0.003775440526156082,21,2688,256,2944,9.094969441169782,0.23198871743971416,9.120289922246297,data/problems/development/driven_dissipation_r1_n14_b3.npz
development_driven_dissipation,driven_dissipation,1,0,8201,dicke,True,0.054217652532428995,0.28526776286658667,0.009089679042300989,0.693844483165792,False,292.7789506590048,0.0,75,0,256,256,9.064500882772696,0.2624572758368,9.28321330597927,data/problems/development/driven_dissipation_r1_n14_b3.npz
development_driven_dissipation,driven_dissipation,1,0,8201,dicke_cvar,False,0.0,0.34282867329853994,0.0249699442683853,0.34195882096024854,True,338.1294961651584,0.027307627220542585,20,2560,256,2816,9.326958158609497,0.0,9.206839821282705,data/problems/development/driven_dissipation_r1_n14_b3.npz
development_driven_dissipation,driven_dissipation,1,0,8201,dicke_cvar,True,0.044179051406725615,0.3006499891688888,0.005468713075329819,0.7987653005847272,False,286.3547389936698,0.0,80,0,256,256,9.114154402256519,0.21280375635297766,9.300624457264169,data/problems/development/driven_dissipation_r1_n14_b3.npz
development_driven_dissipation,driven_dissipation,1,0,8219,baseline,False,0.14516640794922328,0.3173391548553338,0.080491198981965,0.007341040788504394,False,83.34891258481404,0.01028438001480847,22,2816,256,3072,8.62677428972401,0.7001838688854871,8.938250637019717,data/problems/development/driven_dissipation_r1_n14_b3.npz
development_driven_dissipation,driven_dissipation,1,0,8219,baseline,True,0.13277173155697272,0.2797785734169231,0.07650903406326953,0.007641772861972762,False,52.81246589202786,0.0,66,0,256,256,8.686283755721588,0.6406744028879086,8.957445414131522,data/problems/development/driven_dissipation_r1_n14_b3.npz
development_driven_dissipation,driven_dissipation,1,0,8219,cvar,False,0.08755453598693189,0.3491044569221666,0.07766283099009108,0.0067812566699291255,False,75.15618794539218,0.04610472236865437,20,2560,256,2816,8.903550082808525,0.42340807580097106,8.951888702264103,data/problems/development/driven_dissipation_r1_n14_b3.npz
development_driven_dissipation,driven_dissipation,1,0,8219,cvar,True,0.13277173155697272,0.2813651846772306,0.0739135271087893,0.007007378035176259,False,51.17010163865474,0.0,80,0,256,256,8.686283755721588,0.6406744028879086,8.969956559087825,data/problems/development/driven_dissipation_r1_n14_b3.npz
development_driven_dissipation,driven_dissipation,1,0,8219,dicke,False,0.0,0.35225235559337587,0.013182605384393947,0.5376180895935836,True,342.9414434109107,0.01220485321372422,23,2944,256,3200,9.326958158609497,0.0,9.263466279970878,data/problems/development/driven_dissipation_r1_n14_b3.npz
development_driven_dissipation,driven_dissipation,1,0,8219,dicke,True,0.048381222028096776,0.3394781955803044,0.023608836006426694,0.3069696815164392,False,259.84259489761024,0.0,80,0,256,256,9.094969441169782,0.23198871743971416,9.213307971367916,data/problems/development/driven_dissipation_r1_n14_b3.npz
development_driven_dissipation,driven_dissipation,1,0,8219,dicke_cvar,False,0.0,0.35195147040495073,0.012773896027474585,0.5060815582160629,True,306.63582895834423,0.002539363791866478,22,2816,256,3072,9.326958158609497,0.0,9.26542431959052,data/problems/development/driven_dissipation_r1_n14_b3.npz
development_driven_dissipation,driven_dissipation,1,0,8219,dicke_cvar,True,0.0,0.3471017594899427,0.014123500477979705,0.47836551789481674,True,289.4429389266309,0.0,45,0,256,256,9.326958158609497,0.0,9.258929937223165,data/problems/development/driven_dissipation_r1_n14_b3.npz
development_driven_dissipation,driven_dissipation,1,0,8233,baseline,False,0.10582579496385941,0.2579049387364042,0.12176380833413293,1.752986524716782e-06,False,33.329722434062155,0.00017719586713571545,22,2816,256,3072,8.815998678170978,0.5109594804385189,8.73917639307724,data/problems/development/driven_dissipation_r1_n14_b3.npz
development_driven_dissipation,driven_dissipation,1,0,8233,baseline,True,0.12907099689545662,0.25745107128660344,0.1207142753804038,2.6409807895033666e-06,False,33.34276673898262,0.0,80,0,256,256,8.703953055723751,0.6230051028857453,8.744243968507458,data/problems/development/driven_dissipation_r1_n14_b3.npz
development_driven_dissipation,driven_dissipation,1,0,8233,cvar,False,0.015111196527740116,0.28919612577142406,0.030599470423249557,0.025120038362533403,False,34.07282803857724,0.021846223420429745,22,2816,256,3072,9.254161121166188,0.07279703744330845,9.179370474031039,data/problems/development/driven_dissipation_r1_n14_b3.npz
development_driven_dissipation,driven_dissipation,1,0,8233,cvar,True,0.015111196527740116,0.2716330223620453,0.03672344305499778,0.05787350360266852,False,20.106285659446836,0.0,64,0,256,256,9.254161121166188,0.07279703744330845,9.149873498024323,data/problems/development/driven_dissipation_r1_n14_b3.npz
development_driven_dissipation,driven_dissipation,1,0,8233,dicke,False,0.015111196527740116,0.3131930822346077,0.013296450202671568,0.6033807283245118,False,295.3672022953316,0.0871875124792556,22,2816,256,3072,9.254161121166188,0.07279703744330845,9.262994718253491,data/problems/development/driven_dissipation_r1_n14_b3.npz
development_driven_dissipation,driven_dissipation,1,0,8233,dicke,True,0.0,0.2852745558272131,0.009159076994405076,0.6919739337179365,True,293.0369754965751,0.0,61,0,256,256,9.326958158609497,0.0,9.28287968239671,data/problems/development/driven_dissipation_r1_n14_b3.npz
development_driven_dissipation,driven_dissipation,1,0,8233,dicke_cvar,False,0.048381222028096776,0.34663128791929554,0.0422923334536882,0.10609300655204135,False,283.3123553488851,0.06011492462235246,20,2560,256,2816,9.094969441169782,0.23198871743971416,9.123859607623068,data/problems/development/driven_dissipation_r1_n14_b3.npz
development_driven_dissipation,driven_dissipation,1,0,8233,dicke_cvar,True,0.0,0.30061080010682345,0.0054103389247335204,0.8002762014818875,True,286.00999949367446,0.0,61,0,256,256,9.326958158609497,0.0,9.300904975534594,data/problems/development/driven_dissipation_r1_n14_b3.npz
development_driven_dissipation,driven_dissipation,2,0,8201,baseline,False,0.1533898825149624,0.3183400102148855,0.16707553547732934,0.0,False,42.50675577419032,0.0009604182256328642,23,2944,256,3200,6.5415422069568905,0.36561068999857316,6.50801590153846,data/problems/development/driven_dissipation_r2_n14_b3.npz
development_driven_dissipation,driven_dissipation,2,0,8201,baseline,True,0.0665849659111591,0.2977453372018891,0.09853228674729361,0.0,False,30.2546190851058,0.0,80,0,256,256,6.748360416754087,0.15879248020137648,6.6718350850097785,data/problems/development/driven_dissipation_r2_n14_b3.npz
development_driven_dissipation,driven_dissipation,2,0,8201,cvar,False,0.1533898825149624,0.3407308446858129,0.13478271318463536,0.0,False,79.60007398254815,0.009532030471508968,24,3072,256,3328,6.5415422069568905,0.36561068999857316,6.585406714803494,data/problems/development/driven_dissipation_r2_n14_b3.npz
development_driven_dissipation,driven_dissipation,2,0,8201,cvar,True,0.0665849659111591,0.2999681389121255,0.10227552980851819,0.0,False,33.900034468302444,0.0,80,0,256,256,6.748360416754087,0.15879248020137648,6.663197274120555,data/problems/development/driven_dissipation_r2_n14_b3.npz
development_driven_dissipation,driven_dissipation,2,0,8201,dicke,False,0.010840528150592775,0.24076491790394325,0.005723669977264494,0.56965673774471,False,304.9934651522893,0.005381649839095282,22,2816,256,3072,6.881124178616516,0.0260287183389476,6.893423933775614,data/problems/development/driven_dissipation_r2_n14_b3.npz
development_driven_dissipation,driven_dissipation,2,0,8201,dicke,True,0.0,0.23867864654996204,0.005593532988908179,0.5768865140358552,True,301.92346823184243,0.0,27,0,256,256,6.907152896955464,0.0,6.893736050080319,data/problems/development/driven_dissipation_r2_n14_b3.npz
development_driven_dissipation,driven_dissipation,2,0,8201,dicke_cvar,False,0.010509809613774665,0.2553883308574685,0.006062223345507552,0.6000963930500809,False,295.5842704336044,0.00523261017553267,21,2688,256,2944,6.881944876480205,0.02520802047525894,6.892624488657029,data/problems/development/driven_dissipation_r2_n14_b3.npz
development_driven_dissipation,driven_dissipation,2,0,8201,dicke_cvar,True,0.0,0.24248746289958867,0.00531159690039274,0.5970251538069518,True,300.4527649809676,0.0,79,0,256,256,6.907152896955464,0.0,6.894413483535173,data/problems/development/driven_dissipation_r2_n14_b3.npz
development_driven_dissipation,driven_dissipation,2,0,8219,baseline,False,0.010509809613774665,0.19411895930139228,0.013103867579373905,0.0,False,83.76537531349823,0.012208661551070144,20,2560,256,2816,6.881944876480205,0.02520802047525894,6.875730318948468,data/problems/development/driven_dissipation_r2_n14_b3.npz
development_driven_dissipation,driven_dissipation,2,0,8219,baseline,True,0.010509809613774665,0.18900878248383135,0.012790137706565244,0.0,False,58.32734192297447,0.0,19,0,256,256,6.881944876480205,0.02520802047525894,6.876497881766021,data/problems/development/driven_dissipation_r2_n14_b3.npz
development_driven_dissipation,driven_dissipation,2,0,8219,cvar,False,0.010509809613774665,0.21078015445666975,0.0220784884046822,0.0,False,32.429900668560165,0.006463376433226031,21,2688,256,2944,6.881944876480205,0.02520802047525894,6.854603787827403,data/problems/development/driven_dissipation_r2_n14_b3.npz
development_driven_dissipation,driven_dissipation,2,0,8219,cvar,True,0.010509809613774665,0.19252432999176994,0.013847515941080787,0.0,False,38.15881814009199,0.0,19,0,256,256,6.881944876480205,0.02520802047525894,6.874020339864396,data/problems/development/driven_dissipation_r2_n14_b3.npz
development_driven_dissipation,driven_dissipation,2,0,8219,dicke,False,0.010509809613774665,0.3323480955226832,0.007228743813540323,0.49145232674686923,False,359.890584829751,0.02191873803897959,20,2560,256,2816,6.881944876480205,0.02520802047525894,6.889820327740148,data/problems/development/driven_dissipation_r2_n14_b3.npz
development_driven_dissipation,driven_dissipation,2,0,8219,dicke,True,0.010509809613774665,0.23843653419763142,0.005557141371980561,0.5779411112922865,False,301.79228535310983,0.0,80,0,256,256,6.881944876480205,0.02520802047525894,6.893823198913289,data/problems/development/driven_dissipation_r2_n14_b3.npz
development_driven_dissipation,driven_dissipation,2,0,8219,dicke_cvar,False,0.010509809613774665,0.325062342692763,0.006733541489455701,0.5083458230190742,False,348.4678070271153,0.0007740995037135434,20,2560,256,2816,6.881944876480205,0.02520802047525894,6.8910111044385935,data/problems/development/driven_dissipation_r2_n14_b3.npz
development_driven_dissipation,driven_dissipation,2,0,8219,dicke_cvar,True,0.010509809613774665,0.24211663104407977,0.005414306854007111,0.5964440456334703,False,298.74441732576156,0.0,80,0,256,256,6.881944876480205,0.02520802047525894,6.894167960657059,data/problems/development/driven_dissipation_r2_n14_b3.npz
development_driven_dissipation,driven_dissipation,2,0,8233,baseline,False,0.030775984276995218,0.1626596479550242,0.0265952182356661,0.0,False,31.85900573132316,0.013910918831268049,32,4096,256,4352,6.8335844660696035,0.07356843088586018,6.843589919106586,data/problems/development/driven_dissipation_r2_n14_b3.npz
development_driven_dissipation,driven_dissipation,2,0,8233,baseline,True,0.030775984276995218,0.14013779987379044,0.027634894066568785,0.0,False,28.47786864028829,0.0,74,0,256,256,6.8335844660696035,0.07356843088586018,6.841105791128097,data/problems/development/driven_dissipation_r2_n14_b3.npz
development_driven_dissipation,driven_dissipation,2,0,8233,cvar,False,0.01968729292967201,0.2633950380132358,0.01903535266621912,0.0,False,55.87994686033442,0.034706000971953976,22,2816,256,3072,6.859749182377344,0.04740371457811943,6.861376296299329,data/problems/development/driven_dissipation_r2_n14_b3.npz
development_driven_dissipation,driven_dissipation,2,0,8233,cvar,True,0.021080514124844466,0.15261533165211943,0.0282075497030333,0.0,False,31.71186845127541,0.0,80,0,256,256,6.856798599702296,0.050354297253167424,6.839723956126744,data/problems/development/driven_dissipation_r2_n14_b3.npz
development_driven_dissipation,driven_dissipation,2,0,8233,dicke,False,0.01968729292967201,0.32704870203390857,0.0075655357694068524,0.4885735280989757,False,316.24560709362174,0.00748238473781182,19,2432,256,2688,6.859749182377344,0.04740371457811943,6.889026281219557,data/problems/development/driven_dissipation_r2_n14_b3.npz
development_driven_dissipation,driven_dissipation,2,0,8233,dicke,True,0.0,0.3077736467971539,0.0049233727582239165,0.5800660466322463,True,282.21275908232946,0.0,80,0,256,256,6.907152896955464,0.0,6.895346206708037,data/problems/development/driven_dissipation_r2_n14_b3.npz
development_driven_dissipation,driven_dissipation,2,0,8233,dicke_cvar,False,0.021080514124844466,0.32439916628537685,0.008389167008599265,0.4781897166149569,False,269.6499820602131,0.015322132108924968,18,2304,256,2560,6.856798599702296,0.050354297253167424,6.887070217646169,data/problems/development/driven_dissipation_r2_n14_b3.npz
development_driven_dissipation,driven_dissipation,2,0,8233,dicke_cvar,True,0.0,0.3084374717505368,0.003872409534440525,0.6492250210821582,True,236.21716041372244,0.0,80,0,256,256,6.907152896955464,0.0,6.897865136033288,data/problems/development/driven_dissipation_r2_n14_b3.npz
development_thermal_relaxation,thermal_relaxation,1,0,8201,baseline,False,0.12634866911065487,0.2551934246457488,0.1299868508993609,0.0,False,19.70266069992192,0.0073122951171471495,21,2688,256,2944,9.076683995432392,0.9684873769930231,9.048769699770975,data/problems/development/thermal_relaxation_r1_n14_b3.npz
development_thermal_relaxation,thermal_relaxation,1,0,8201,baseline,True,0.12634866911065487,0.2540208036174281,0.13053218352649085,0.0,False,20.723640408992797,0.0,20,0,256,256,9.076683995432392,0.9684873769930231,9.044583712910317,data/problems/development/thermal_relaxation_r1_n14_b3.npz
development_thermal_relaxation,thermal_relaxation,1,0,8201,cvar,False,0.12634866911065487,0.2548145413339046,0.13013534514891606,0.0,False,19.89995029638414,0.005742571801285734,23,2944,256,3200,9.076683995432392,0.9684873769930231,9.047629774214492,data/problems/development/thermal_relaxation_r1_n14_b3.npz
development_thermal_relaxation,thermal_relaxation,1,0,8201,cvar,True,0.12634866911065487,0.2740882607902101,0.12859097858431384,0.0,False,16.691557959429126,0.0,18,0,256,256,9.076683995432392,0.9684873769930231,9.059485225748814,data/problems/development/thermal_relaxation_r1_n14_b3.npz
development_thermal_relaxation,thermal_relaxation,1,0,8201,dicke,False,0.0,0.2374644588839335,0.0006984769059607503,0.7592385321640756,True,308.9125036310637,0.0996300128971788,20,2560,256,2816,10.044916925950814,0.00025444647460126646,10.039826798028994,data/problems/development/thermal_relaxation_r1_n14_b3.npz
development_thermal_relaxation,thermal_relaxation,1,0,8201,dicke,True,0.006497951028512652,0.3124140391076978,0.0025247876986893014,0.5167414632028737,False,344.04833863060077,0.0,70,0,256,256,9.99543116903704,0.04974020338837448,10.026048888075596,data/problems/development/thermal_relaxation_r1_n14_b3.npz
development_thermal_relaxation,thermal_relaxation,1,0,8201,dicke_cvar,False,0.0,0.23678665814334843,0.000658837089697203,0.7686937697004302,True,305.96136157114944,0.026926282011925706,20,2560,256,2816,10.044916925950814,0.00025444647460126646,10.04012063404333,data/problems/development/thermal_relaxation_r1_n14_b3.npz
development_thermal_relaxation,thermal_relaxation,1,0,8201,dicke_cvar,True,0.0,0.21901527130132642,0.0003502261060429525,0.8364257615261474,True,260.1381908119589,0.0,48,0,256,256,10.044916925950814,0.00025444647460126646,10.04242202235537,data/problems/development/thermal_relaxation_r1_n14_b3.npz
development_thermal_relaxation,thermal_relaxation,1,0,8219,baseline,False,0.15165703783123946,0.27999719367819087,0.12860927827382096,0.0,False,13.052038362298491,0.008603515206688006,20,2560,256,2816,8.882454999461624,1.162716372963791,9.059490374292002,data/problems/development/thermal_relaxation_r1_n14_b3.npz
development_thermal_relaxation,thermal_relaxation,1,0,8219,baseline,True,0.12685088754160553,0.2645334807108294,0.12388754668877833,0.0,False,11.53683327152583,0.0,80,0,256,256,9.073246823299254,0.971924549126161,9.095837393709653,data/problems/development/thermal_relaxation_r1_n14_b3.npz
development_thermal_relaxation,thermal_relaxation,1,0,8219,cvar,False,0.11284116842800813,0.29030540096852137,0.10480784537873597,0.0,False,37.56331954735941,0.00885602292938048,20,2560,256,2816,9.180667918084964,0.8645034543404506,9.24220055413549,data/problems/development/thermal_relaxation_r1_n14_b3.npz
development_thermal_relaxation,thermal_relaxation,1,0,8219,cvar,True,0.11284116842800813,0.28580550904764945,0.10771926385020798,0.0,False,35.914255088171856,0.0,59,0,256,256,9.180667918084964,0.8645034543404506,9.219890655417398,data/problems/development/thermal_relaxation_r1_n14_b3.npz
development_thermal_relaxation,thermal_relaxation,1,0,8219,dicke,False,0.0,0.3252893672353506,0.0028270021842073407,0.526769462253805,True,275.4734221982865,0.1225506522984402,22,2816,256,3072,10.044916925950814,0.00025444647460126646,10.023718080911507,data/problems/development/thermal_relaxation_r1_n14_b3.npz
development_thermal_relaxation,thermal_relaxation,1,0,8219,dicke,True,0.0,0.31422931415824595,0.0022234589712484404,0.4980276165941143,True,362.1102474112863,0.0,36,0,256,256,10.044916925950814,0.00025444647460126646,10.028420133592737,data/problems/development/thermal_relaxation_r1_n14_b3.npz
development_thermal_relaxation,thermal_relaxation,1,0,8219,dicke_cvar,False,0.00015627113954110432,0.21796437107670633,0.0003775523320561793,0.8322852105657419,False,272.4392585819431,0.0017923631107860105,23,2944,256,3200,10.045171372425415,0.0,10.042215155333501,data/problems/development/thermal_relaxation_r1_n14_b3.npz
development_thermal_relaxation,thermal_relaxation,1,0,8219,dicke_cvar,True,0.0,0.3178285543389889,0.0018249530875361786,0.5270145325490116,True,327.94820960178424,0.0,46,0,256,256,10.044916925950814,0.00025444647460126646,10.031480263036219,data/problems/development/thermal_relaxation_r1_n14_b3.npz
development_thermal_relaxation,thermal_relaxation,1,0,8233,baseline,False,0.14369601403861468,0.3086699891719474,0.15037399903793744,0.0,False,12.316783147697317,0.05248009992012492,21,2688,256,2944,8.943627466680883,1.1015439057445313,8.892309467714085,data/problems/development/thermal_relaxation_r1_n14_b3.npz
development_thermal_relaxation,thermal_relaxation,1,0,8233,baseline,True,0.1298999758327027,0.2936541427290807,0.12649980743195333,0.0,False,5.2368700728240585,0.0,80,0,256,256,9.049234291299417,0.995937081125998,9.07558489636141,data/problems/development/thermal_relaxation_r1_n14_b3.npz
development_thermal_relaxation,thermal_relaxation,1,0,8233,cvar,False,0.14369601403861468,0.31680964088844543,0.1478736143636275,0.0,False,14.65554132108938,0.007907469629902478,21,2688,256,2944,8.943627466680883,1.1015439057445313,8.91148174774736,data/problems/development/thermal_relaxation_r1_n14_b3.npz
development_thermal_relaxation,thermal_relaxation,1,0,8233,cvar,True,0.13432050204654059,0.31326851919882726,0.1362465371420509,0.0,False,18.358666327531342,0.0,80,0,256,256,9.015502393533552,1.0296689788918627,9.000725053194524,data/problems/development/thermal_relaxation_r1_n14_b3.npz
development_thermal_relaxation,thermal_relaxation,1,0,8233,dicke,False,0.0,0.3201773195012106,0.0015141436713799073,0.6756313981754112,True,283.0361311948031,0.03892815957552376,18,2304,256,2560,10.044916925950814,0.00025444647460126646,10.033635730871428,data/problems/development/thermal_relaxation_r1_n14_b3.npz
development_thermal_relaxation,thermal_relaxation,1,0,8233,dicke,True,0.014619451306191605,0.31241664869499003,0.0025206861627828044,0.5169585097826295,False,344.26477505536394,0.0,77,0,256,256,9.933423155634427,0.11174821679098734,10.026080424471216,data/problems/development/thermal_relaxation_r1_n14_b3.npz
development_thermal_relaxation,thermal_relaxation,1,0,8233,dicke_cvar,False,0.0,0.24022200135600902,0.000911968005215288,0.7085259749635884,True,321.3709068976912,0.0248268839579735,21,2688,256,2944,10.044916925950814,0.00025444647460126646,10.038246357982828,data/problems/development/thermal_relaxation_r1_n14_b3.npz
development_thermal_relaxation,thermal_relaxation,1,0,8233,dicke_cvar,True,0.0,0.21856253577263512,0.0003515810684557302,0.8361718939744174,True,260.49959576080283,0.0,59,0,256,256,10.044916925950814,0.00025444647460126646,10.04241183937833,data/problems/development/thermal_relaxation_r1_n14_b3.npz
development_thermal_relaxation,thermal_relaxation,2,0,8201,baseline,False,0.03745510013812818,0.10431831708987832,0.03552029295229597,5.032347871747334e-10,False,33.06607374836775,0.012860362204301978,24,3072,256,3328,7.008381837053818,0.1854219242870272,7.017967018490179,data/problems/development/thermal_relaxation_r2_n14_b3.npz
development_thermal_relaxation,thermal_relaxation,2,0,8201,baseline,True,0.02585363794486179,0.10168998701130047,0.03441694688550785,8.007628726769411e-08,False,34.616614386274435,0.0,20,0,256,256,7.065670505712466,0.12813325562837985,7.023411088788273,data/problems/development/thermal_relaxation_r2_n14_b3.npz
development_thermal_relaxation,thermal_relaxation,2,0,8201,cvar,False,0.044443441350185006,0.15389650989400186,0.035635199605443445,0.012188770861108145,False,20.895660981381198,0.035174333147122816,20,2560,256,2816,6.97433032870173,0.21947343263911545,7.017637129401121,data/problems/development/thermal_relaxation_r2_n14_b3.npz
development_thermal_relaxation,thermal_relaxation,2,0,8201,cvar,True,0.038635301538342055,0.14404615378729835,0.018060950921244594,0.07471834901012175,False,40.012382805496,0.0,80,0,256,256,7.003011498119834,0.19079226322101128,7.104211900193908,data/problems/development/thermal_relaxation_r2_n14_b3.npz
development_thermal_relaxation,thermal_relaxation,2,0,8201,dicke,False,0.0,0.12491583411536132,0.0015921671396216394,0.6300728855639389,True,290.68034408666927,0.03093197718448515,24,3072,256,3328,7.193803761340845,0.0,7.186026537049325,data/problems/development/thermal_relaxation_r2_n14_b3.npz
development_thermal_relaxation,thermal_relaxation,2,0,8201,dicke,True,0.007708639523868146,0.1787898090852749,0.006914138122091812,0.053905945361687135,False,272.9303172601456,0.0,70,0,256,256,7.155184603123271,0.03861915821757478,7.159499889122271,data/problems/development/thermal_relaxation_r2_n14_b3.npz
development_thermal_relaxation,thermal_relaxation,2,0,8201,dicke_cvar,False,0.0,0.18584201344467674,0.0018507569236123184,0.7578753503627058,True,295.85387775625964,0.0007104222374589853,25,3200,256,3456,7.193803761340845,0.0,7.184592735143509,data/problems/development/thermal_relaxation_r2_n14_b3.npz
development_thermal_relaxation,thermal_relaxation,2,0,8201,dicke_cvar,True,0.0,0.18204900079829348,0.004171797874312842,0.4159308553431649,True,292.0103317317123,0.0,80,0,256,256,7.193803761340845,0.0,7.173099080572726,data/problems/development/thermal_relaxation_r2_n14_b3.npz
development_thermal_relaxation,thermal_relaxation,2,0,8219,baseline,False,0.007109866294189936,0.11417794282109885,0.004967055663126415,0.337308059633355,False,46.528759060227664,0.010546018000884061,23,2944,256,3200,7.158467099322194,0.03533666201865149,7.168975744259909,data/problems/development/thermal_relaxation_r2_n14_b3.npz
development_thermal_relaxation,thermal_relaxation,2,0,8219,baseline,True,0.007109866294189936,0.10771564272914282,0.005877125118948533,0.1837582610586289,False,33.6083853553869,0.0,80,0,256,256,7.158467099322194,0.03533666201865149,7.164521827552827,data/problems/development/thermal_relaxation_r2_n14_b3.npz
development_thermal_relaxation,thermal_relaxation,2,0,8219,cvar,False,0.007708639523868146,0.1349394962683313,0.005236580998506587,0.3140594279937692,False,68.31055168812419,0.002602476983709412,17,2176,256,2432,7.155184603123271,0.03861915821757478,7.167589967283879,data/problems/development/thermal_relaxation_r2_n14_b3.npz
development_thermal_relaxation,thermal_relaxation,2,0,8219,cvar,True,0.002554568010000183,0.19875017369679038,0.0038108733484837386,0.042368633992378446,False,54.66805312492736,0.0,80,0,256,256,7.181732797015839,0.012070964325006095,7.17523456276781,data/problems/development/thermal_relaxation_r2_n14_b3.npz
development_thermal_relaxation,thermal_relaxation,2,0,8219,dicke,False,0.0,0.19149796120463217,0.002652933714756842,0.48905994219433113,True,363.95660416588595,0.05171736444959674,21,2688,256,2944,7.193803761340845,0.0,7.180765747512302,data/problems/development/thermal_relaxation_r2_n14_b3.npz
development_thermal_relaxation,thermal_relaxation,2,0,8219,dicke,True,0.0,0.17879320889295483,0.006802591292590375,0.07396368082839322,True,273.21001823561323,0.0,77,0,256,256,7.193803761340845,0.0,7.160059879866899,data/problems/development/thermal_relaxation_r2_n14_b3.npz
development_thermal_relaxation,thermal_relaxation,2,0,8219,dicke_cvar,False,0.002554568010000183,0.19343134653701055,0.001965253198818469,0.6408450407706466,False,345.69142007160235,0.010847950782435944,22,2816,256,3072,7.181732797015839,0.012070964325006095,7.1841156735425775,data/problems/development/thermal_relaxation_r2_n14_b3.npz
development_thermal_relaxation,thermal_relaxation,2,0,8219,dicke_cvar,True,0.008501692810775873,0.18256288456595052,0.003736958567442454,0.48695138029083385,False,291.66077181376255,0.0,53,0,256,256,7.151624880148415,0.04217888119243085,7.175247118794394,data/problems/development/thermal_relaxation_r2_n14_b3.npz
development_thermal_relaxation,thermal_relaxation,2,0,8233,baseline,False,0.04301978819998313,0.15443338485994162,0.0355865126960415,0.0,False,29.918659641570265,0.015202733988976647,23,2944,256,3200,6.981048705648522,0.21275505569232323,7.017685682307757,data/problems/development/thermal_relaxation_r2_n14_b3.npz
development_thermal_relaxation,thermal_relaxation,2,0,8233,baseline,True,0.049367382831336584,0.1504489363821566,0.039412064479317485,0.0,False,18.475432439296178,0.0,80,0,256,256,6.949719322675731,0.24408443866511487,6.998805932611763,data/problems/development/thermal_relaxation_r2_n14_b3.npz
development_thermal_relaxation,thermal_relaxation,2,0,8233,cvar,False,0.04874636007946821,0.15770038586412682,0.03442885890336775,0.0,False,36.79316255678243,0.012677428429026527,22,2816,256,3072,6.9526303413877715,0.24117341995307395,7.023390989215448,data/problems/development/thermal_relaxation_r2_n14_b3.npz
development_thermal_relaxation,thermal_relaxation,2,0,8233,cvar,True,0.016098530035440876,0.17579682992835702,0.03423781927523335,0.0,False,60.11766796033817,0.0,24,0,256,256,7.113744289109855,0.08005947223099064,7.024271657352249,data/problems/development/thermal_relaxation_r2_n14_b3.npz
development_thermal_relaxation,thermal_relaxation,2,0,8233,dicke,False,0.012118705516943981,0.18036068805733338,0.004334818666015066,0.4726937114125309,False,280.3892997576323,0.004162017630669368,19,2432,256,2688,7.133890969852661,0.05991279148818407,7.172319257291395,data/problems/development/thermal_relaxation_r2_n14_b3.npz
development_thermal_relaxation,thermal_relaxation,2,0,8233,dicke,True,0.0,0.17905585036120086,0.006332749991635781,0.17746889189549309,True,272.05595511096567,0.0,80,0,256,256,7.193803761340845,0.0,7.1623956657412595,data/problems/development/thermal_relaxation_r2_n14_b3.npz
development_thermal_relaxation,thermal_relaxation,2,0,8233,dicke_cvar,False,0.0,0.181096363399849,0.005133109594949701,0.45302739631024236,True,265.2054142355841,0.009268686572491802,19,2432,256,2688,7.193803761340845,0.0,7.168319447730889,data/problems/development/thermal_relaxation_r2_n14_b3.npz
development_thermal_relaxation,thermal_relaxation,2,0,8233,dicke_cvar,True,0.0,0.19067616272681143,0.0037389229238522573,0.2812460963845572,True,253.5769895372041,0.0,80,0,256,256,7.193803761340845,0.0,7.175373139755537,data/problems/development/thermal_relaxation_r2_n14_b3.npz
evaluation_amplitude_damping_00,amplitude_damping,1,0,8201,baseline,False,0.043132296051453356,0.20809184437030082,0.03643193331316663,0.0,False,23.886474886201583,0.01437533657341239,22,2816,256,3072,9.16144851398457,0.2990146926786128,9.207955590695148,data/problems/evaluation/amplitude_damping_00_r1_n14_b3.npz
evaluation_amplitude_damping_00,amplitude_damping,1,0,8201,baseline,True,0.042218381182807754,0.17530240447155218,0.03784064316448799,0.0,False,23.309504307234985,0.0,48,0,256,256,9.167782161341137,0.29268104532204653,9.198419810883735,data/problems/evaluation/amplitude_damping_00_r1_n14_b3.npz
evaluation_amplitude_damping_00,amplitude_damping,1,0,8201,cvar,False,0.028101872036183813,0.20595277772055468,0.031072848208585316,0.0,False,47.78438656214402,0.0010563466371928953,23,2944,256,3200,9.265646732433455,0.1948164742297287,9.245162406913813,data/problems/evaluation/amplitude_damping_00_r1_n14_b3.npz
evaluation_amplitude_damping_00,amplitude_damping,1,0,8201,cvar,True,0.03463388964357588,0.2287995428250388,0.03339625566895103,0.0,False,61.9775817678684,0.0,45,0,256,256,9.220456787394987,0.24000641926819632,9.229172024744681,data/problems/evaluation/amplitude_damping_00_r1_n14_b3.npz
evaluation_amplitude_damping_00,amplitude_damping,1,0,8201,dicke,False,0.0,0.26193082598210476,0.0038146292721222418,0.6773872425540637,True,233.91364839234086,0.12655762430068163,20,2560,256,2816,9.460463206663183,0.0,9.434024779915331,data/problems/evaluation/amplitude_damping_00_r1_n14_b3.npz
evaluation_amplitude_damping_00,amplitude_damping,1,0,8201,dicke,True,0.011611145075024568,0.1894403594032053,0.004123357850599105,0.6544451296994135,False,243.8703040433662,0.0,54,0,256,256,9.379990623340706,0.08047258332247686,9.431884760446536,data/problems/evaluation/amplitude_damping_00_r1_n14_b3.npz
evaluation_amplitude_damping_00,amplitude_damping,1,0,8201,dicke_cvar,False,0.011611145075024568,0.2808077395155019,0.005156723380165219,0.5694124756463371,False,224.70596623376633,0.01391764887642477,22,2816,256,3072,9.379990623340706,0.08047258332247686,9.424722483387951,data/problems/evaluation/amplitude_damping_00_r1_n14_b3.npz
evaluation_amplitude_damping_00,amplitude_damping,1,0,8201,dicke_cvar,True,0.011611145075024568,0.2089601165640185,0.00388538063564858,0.6713119796186675,False,215.39780080323104,0.0,80,0,256,256,9.379990623340706,0.08047258332247686,9.43353440930985,data/problems/evaluation/amplitude_damping_00_r1_n14_b3.npz
evaluation_amplitude_damping_00,amplitude_damping,1,0,8219,baseline,False,0.04953051618335842,0.2858685492724699,0.04980543708593535,0.0,False,30.49460699971627,0.027575102768237603,20,2560,256,2816,9.117088813977576,0.34337439268560743,9.115605979259758,data/problems/evaluation/amplitude_damping_00_r1_n14_b3.npz
evaluation_amplitude_damping_00,amplitude_damping,1,0,8219,baseline,True,0.043783579381939705,0.2804071294465501,0.04811532355360164,0.0,False,47.141345915116624,0.0,29,0,256,256,9.157906087229742,0.3025571194334411,9.127440783969215,data/problems/evaluation/amplitude_damping_00_r1_n14_b3.npz
evaluation_amplitude_damping_00,amplitude_damping,1,0,8219,cvar,False,0.05028040441360723,0.2987944870394862,0.04865104255710251,0.0,False,37.19858813000817,0.03889021538993631,23,2944,256,3200,9.111878643014796,0.3485845636483873,9.123411312663368,data/problems/evaluation/amplitude_damping_00_r1_n14_b3.npz
evaluation_amplitude_damping_00,amplitude_damping,1,0,8219,cvar,True,0.04869238754689017,0.3268587781623891,0.04564966694923864,0.0,False,72.11798877469936,0.0,78,0,256,256,9.12345633350267,0.33700687316051336,9.144240870034903,data/problems/evaluation/amplitude_damping_00_r1_n14_b3.npz
evaluation_amplitude_damping_00,amplitude_damping,1,0,8219,dicke,False,0.011611145075024568,0.3039624797009582,0.008864669488413413,0.31949881408567093,False,238.89454933954747,0.04598561882801855,21,2688,256,2944,9.379990623340706,0.08047258332247686,9.399021868431417,data/problems/evaluation/amplitude_damping_00_r1_n14_b3.npz
evaluation_amplitude_damping_00,amplitude_damping,1,0,8219,dicke,True,0.014093103625660998,0.2839324489688472,0.004343452980263543,0.6377371888180894,False,245.68501733636185,0.0,80,0,256,256,9.362758931271717,0.09770427539146631,9.430359265680643,data/problems/evaluation/amplitude_damping_00_r1_n14_b3.npz
evaluation_amplitude_damping_00,amplitude_damping,1,0,8219,dicke_cvar,False,0.011611145075024568,0.3129372344414477,0.005515411867418756,0.6257715734568666,False,298.32536075873924,0.004623787581117367,20,2560,256,2816,9.379990623340706,0.08047258332247686,9.422230195587797,data/problems/evaluation/amplitude_damping_00_r1_n14_b3.npz
evaluation_amplitude_damping_00,amplitude_damping,1,0,8219,dicke_cvar,True,0.014093103625660998,0.2904341363995537,0.0052073433252295695,0.5658890598208465,False,250.75116200728735,0.0,80,0,256,256,9.362758931271717,0.09770427539146631,9.424371786707619,data/problems/evaluation/amplitude_damping_00_r1_n14_b3.npz
evaluation_amplitude_damping_00,amplitude_damping,1,0,8233,baseline,False,0.042218381182807754,0.3190091835549898,0.05230415171820382,0.0,False,35.78475164732218,0.018020483175917423,20,2560,256,2816,9.167782161341137,0.29268104532204653,9.097980769545618,data/problems/evaluation/amplitude_damping_00_r1_n14_b3.npz
evaluation_amplitude_damping_00,amplitude_damping,1,0,8233,baseline,True,0.06297248254060103,0.31457891134161103,0.05388562877206962,0.0,False,42.46021185505736,0.0,45,0,256,256,9.02390939387522,0.4365538127879631,9.087027116615543,data/problems/evaluation/amplitude_damping_00_r1_n14_b3.npz
evaluation_amplitude_damping_00,amplitude_damping,1,0,8233,cvar,False,0.042218381182807754,0.32218449334393445,0.0519297250173069,0.0,False,32.73107485833001,0.031015403099658,21,2688,256,2944,9.167782161341137,0.29268104532204653,9.100573522564156,data/problems/evaluation/amplitude_damping_00_r1_n14_b3.npz
evaluation_amplitude_damping_00,amplitude_damping,1,0,8233,cvar,True,0.06230800212761933,0.31478824510851283,0.05435843658459377,0.0,False,43.29456036699541,0.0,24,0,256,256,9.028812045275338,0.43165116138784576,9.083751065172159,data/problems/evaluation/amplitude_damping_00_r1_n14_b3.npz
evaluation_amplitude_damping_00,amplitude_damping,1,0,8233,dicke,False,0.015030135291810964,0.30871665463252224,0.0046824777554021965,0.7024762506986895,False,276.1564617460705,0.06466132923047518,28,3584,256,3840,9.35626564767462,0.10419755898856309,9.42800364006538,data/problems/evaluation/amplitude_damping_00_r1_n14_b3.npz
evaluation_amplitude_damping_00,amplitude_damping,1,0,8233,dicke,True,0.029490422605138938,0.30531975872238687,0.011029435528169504,0.14545385292340174,False,234.3484847521605,0.0,70,0,256,256,9.256021735377903,0.20444147128528023,9.384019470471163,data/problems/evaluation/amplitude_damping_00_r1_n14_b3.npz
evaluation_amplitude_damping_00,amplitude_damping,1,0,8233,dicke_cvar,False,0.0,0.2883993139434778,0.005063117883231527,0.5778736905895948,True,248.45208088449846,0.0004737080805379268,26,3328,256,3584,9.460463206663183,0.0,9.425371411614888,data/problems/evaluation/amplitude_damping_00_r1_n14_b3.npz
evaluation_amplitude_damping_00,amplitude_damping,1,0,8233,dicke_cvar,True,0.015030135291810964,0.313569807676587,0.00511809780018343,0.6614923013494336,False,265.8636390656412,0.0,60,0,256,256,9.35626564767462,0.10419755898856309,9.424983678162494,data/problems/evaluation/amplitude_damping_00_r1_n14_b3.npz
evaluation_amplitude_damping_00,amplitude_damping,2,0,8201,baseline,False,0.03270401546450296,0.22912531404524422,0.021107140477216714,0.0,False,27.745477856318526,0.20789399259312358,23,2944,256,3200,6.644576603144716,0.15246275626234773,6.698726439126964,data/problems/evaluation/amplitude_damping_00_r2_n14_b3.npz
evaluation_amplitude_damping_00,amplitude_damping,2,0,8201,baseline,True,0.015176709649172528,0.1867599123952196,0.028346406014336117,0.0,False,15.300470609116532,0.0,80,0,256,256,6.726417702897171,0.07062165650989272,6.664923802969238,data/problems/evaluation/amplitude_damping_00_r2_n14_b3.npz
evaluation_amplitude_damping_00,amplitude_damping,2,0,8201,cvar,False,0.015176709649172528,0.2048565701849357,0.023641746021357234,0.0,False,20.833256036561878,0.001482460148110043,24,3072,256,3328,6.726417702897171,0.07062165650989272,6.686891506568662,data/problems/evaluation/amplitude_damping_00_r2_n14_b3.npz
evaluation_amplitude_damping_00,amplitude_damping,2,0,8201,cvar,True,0.015176709649172528,0.1869660641070206,0.027574408227632467,0.0,False,15.06875808274263,0.0,79,0,256,256,6.726417702897171,0.07062165650989272,6.668528530374458,data/problems/evaluation/amplitude_damping_00_r2_n14_b3.npz
evaluation_amplitude_damping_00,amplitude_damping,2,0,8201,dicke,False,0.0,0.22453520035366978,0.00571291445638842,0.48187386951741995,True,358.0478226644292,0.08202271020199792,20,2560,256,2816,6.797039359407064,0.0,6.770450584330195,data/problems/evaluation/amplitude_damping_00_r2_n14_b3.npz
evaluation_amplitude_damping_00,amplitude_damping,2,0,8201,dicke,True,0.0,0.19965421168321817,0.0011825791065445093,0.7061275567682441,True,250.0188874037859,0.0,57,0,256,256,6.797039359407064,0.0,6.791587633981127,data/problems/evaluation/amplitude_damping_00_r2_n14_b3.npz
evaluation_amplitude_damping_00,amplitude_damping,2,0,8201,dicke_cvar,False,0.01954742617435834,0.21693702905571852,0.006926696344903968,0.4782024607854266,False,284.462072953697,0.01863226392224071,23,2944,256,3200,6.706013629709825,0.09102572969723877,6.764797689946224,data/problems/evaluation/amplitude_damping_00_r2_n14_b3.npz
evaluation_amplitude_damping_00,amplitude_damping,2,0,8201,dicke_cvar,True,0.0,0.20039657342582065,0.0011451195913808514,0.7071470067340564,True,240.60358733002823,0.0,45,0,256,256,6.797039359407064,0.0,6.791761958631165,data/problems/evaluation/amplitude_damping_00_r2_n14_b3.npz
evaluation_amplitude_damping_00,amplitude_damping,2,0,8219,baseline,False,0.0024030368610427066,0.11654033640323974,0.0023554382199151656,0.07093337558372037,False,14.100647618586116,0.008587795860598213,24,3072,256,3328,6.7860691742670936,0.01097018513997039,6.786273611948754,data/problems/evaluation/amplitude_damping_00_r2_n14_b3.npz
evaluation_amplitude_damping_00,amplitude_damping,2,0,8219,baseline,True,0.04203199478290431,0.13157463789899743,0.029589456585340013,7.730005872474965e-05,False,14.08366327389109,0.0,22,0,256,256,6.600811589775361,0.19622776963170274,6.658877323878135,data/problems/evaluation/amplitude_damping_00_r2_n14_b3.npz
evaluation_amplitude_damping_00,amplitude_damping,2,0,8219,cvar,False,0.0024030368610427066,0.11454399345678225,0.0022721493603753812,0.07644226847972757,False,14.339908164076776,0.016396469851228,26,3328,256,3584,6.7860691742670936,0.01097018513997039,6.786661167781586,data/problems/evaluation/amplitude_damping_00_r2_n14_b3.npz
evaluation_amplitude_damping_00,amplitude_damping,2,0,8219,cvar,True,0.0024030368610427066,0.12192667468369597,0.0024572346946759487,0.0653578357872896,False,12.427963702588261,0.0,60,0,256,256,6.7860691742670936,0.01097018513997039,6.785799646881669,data/problems/evaluation/amplitude_damping_00_r2_n14_b3.npz
evaluation_amplitude_damping_00,amplitude_damping,2,0,8219,dicke,False,0.0,0.1659430897154399,0.0031492824811924854,0.5958452006512562,True,316.65284665191666,0.0798287236095323,19,2432,256,2688,6.797039359407064,0.0,6.7824228724331785,data/problems/evaluation/amplitude_damping_00_r2_n14_b3.npz
evaluation_amplitude_damping_00,amplitude_damping,2,0,8219,dicke,True,0.0024030368610427066,0.1477976660099478,0.0029416312571148157,0.6527523970148588,False,282.28117390227084,0.0,59,0,256,256,6.7860691742670936,0.01097018513997039,6.783382150242162,data/problems/evaluation/amplitude_damping_00_r2_n14_b3.npz
evaluation_amplitude_damping_00,amplitude_damping,2,0,8219,dicke_cvar,False,0.0024030368610427066,0.16200947818368064,0.0030812482492096494,0.6033077038313424,False,310.2728962847118,0.009521959518856704,20,2560,256,2816,6.7860691742670936,0.01097018513997039,6.782739594297199,data/problems/evaluation/amplitude_damping_00_r2_n14_b3.npz
evaluation_amplitude_damping_00,amplitude_damping,2,0,8219,dicke_cvar,True,0.0024030368610427066,0.15760284677004235,0.0028394937286616347,0.6484684453795142,False,279.26507438207665,0.0,80,0,256,256,6.7860691742670936,0.01097018513997039,6.783862295760315,data/problems/evaluation/amplitude_damping_00_r2_n14_b3.npz
evaluation_amplitude_damping_00,amplitude_damping,2,0,8233,baseline,False,0.03270401546450296,0.15552038734701573,0.037360263674551086,0.0,False,43.64138087566986,0.017669086658821165,22,2816,256,3072,6.644576603144716,0.15246275626234773,6.6225616957341575,data/problems/evaluation/amplitude_damping_00_r2_n14_b3.npz
evaluation_amplitude_damping_00,amplitude_damping,2,0,8233,baseline,True,0.033912514322279,0.15253328331968344,0.03746545872270933,0.0,False,38.762223906498456,0.0,23,0,256,256,6.638011608502234,0.1590277509048299,6.622121165339438,data/problems/evaluation/amplitude_damping_00_r2_n14_b3.npz
evaluation_amplitude_damping_00,amplitude_damping,2,0,8233,cvar,False,0.03270401546450296,0.25534285558084513,0.031108547888113257,0.0,False,20.01096100839294,0.002811032363125854,20,2560,256,2816,6.644576603144716,0.15246275626234773,6.651896160131149,data/problems/evaluation/amplitude_damping_00_r2_n14_b3.npz
evaluation_amplitude_damping_00,amplitude_damping,2,0,8233,cvar,True,0.03270401546450296,0.2430201022560189,0.03266241068547595,0.0,False,24.28079620704346,0.0,80,0,256,256,6.644576603144716,0.15246275626234773,6.644664193460451,data/problems/evaluation/amplitude_damping_00_r2_n14_b3.npz
evaluation_amplitude_damping_00,amplitude_damping,2,0,8233,dicke,False,0.0024030368610427066,0.20368627555231353,0.0020439407643163174,0.6499340263809665,False,273.47946225374636,0.0020739261112634466,19,2432,256,2688,6.7860691742670936,0.01097018513997039,6.787575771915558,data/problems/evaluation/amplitude_damping_00_r2_n14_b3.npz
evaluation_amplitude_damping_00,amplitude_damping,2,0,8233,dicke,True,0.0,0.14777811809467592,0.0029378148528535716,0.6533709199214479,True,281.90375563970457,0.0,74,0,256,256,6.797039359407064,0.0,6.783399885545786,data/problems/evaluation/amplitude_damping_00_r2_n14_b3.npz
evaluation_amplitude_damping_00,amplitude_damping,2,0,8233,dicke_cvar,False,0.0,0.22735117393308066,0.0057987405389818315,0.48186939852636024,True,362.03763190376804,0.060631498744625034,22,2816,256,3072,6.797039359407064,0.0,6.770042841443436,data/problems/evaluation/amplitude_damping_00_r2_n14_b3.npz
evaluation_amplitude_damping_00,amplitude_damping,2,0,8233,dicke_cvar,True,0.0,0.19986458030679716,0.0011365455313560283,0.7092341863620399,True,243.11915914446013,0.0,80,0,256,256,6.797039359407064,0.0,6.79180176031355,data/problems/evaluation/amplitude_damping_00_r2_n14_b3.npz
evaluation_amplitude_damping_01,amplitude_damping,1,0,8201,baseline,False,0.04060116589290288,0.18115300760257685,0.039336547303537056,0.0,False,50.10303246419641,0.01660988777254202,18,2304,256,2560,9.34879842912167,0.29739095440274355,9.358050734853421,data/problems/evaluation/amplitude_damping_01_r1_n14_b3.npz
evaluation_amplitude_damping_01,amplitude_damping,1,0,8201,baseline,True,0.04060116589290288,0.1701820455798948,0.03719165506448982,0.0,False,30.818274177540662,0.0,80,0,256,256,9.34879842912167,0.29739095440274355,9.373760320300633,data/problems/evaluation/amplitude_damping_01_r1_n14_b3.npz
evaluation_amplitude_damping_01,amplitude_damping,1,0,8201,cvar,False,0.04060116589290288,0.1896146753703166,0.03967746848648349,0.0,False,67.10267169515191,0.006476283288371132,21,2688,256,2944,9.34879842912167,0.29739095440274355,9.35554943999565,data/problems/evaluation/amplitude_damping_01_r1_n14_b3.npz
evaluation_amplitude_damping_01,amplitude_damping,1,0,8201,cvar,True,0.04060116589290288,0.18022268491005108,0.038426769938985736,0.0,False,62.212363634726934,0.0,80,0,256,256,9.34879842912167,0.29739095440274355,9.364709357153574,data/problems/evaluation/amplitude_damping_01_r1_n14_b3.npz
evaluation_amplitude_damping_01,amplitude_damping,1,0,8201,dicke,False,0.005327813342604211,0.2609187296750677,0.0027244304712027287,0.5915804690898758,False,266.93342892941075,0.11038280706748083,19,2432,256,2688,9.607129711631371,0.03905967189304249,9.62622282500045,data/problems/evaluation/amplitude_damping_01_r1_n14_b3.npz
evaluation_amplitude_damping_01,amplitude_damping,1,0,8201,dicke,True,0.007078375937588326,0.24199448547997954,0.005375427106067847,0.1802461277356736,False,286.1802407419067,0.0,66,0,256,256,9.594332983490927,0.05185640003348624,9.60679629189643,data/problems/evaluation/amplitude_damping_01_r1_n14_b3.npz
evaluation_amplitude_damping_01,amplitude_damping,1,0,8201,dicke_cvar,False,0.005327813342604211,0.24405684197546296,0.005223431009183575,0.20067675205352364,False,280.60801555458556,0.012591955595748994,21,2688,256,2944,9.607129711631371,0.03905967189304249,9.607908754107786,data/problems/evaluation/amplitude_damping_01_r1_n14_b3.npz
evaluation_amplitude_damping_01,amplitude_damping,1,0,8201,dicke_cvar,True,0.008129310813666324,0.24189840612461985,0.0032276781017679204,0.540866740808048,False,278.6972282611538,0.0,36,0,256,256,9.586653851641973,0.05953553188244065,9.622538364735053,data/problems/evaluation/amplitude_damping_01_r1_n14_b3.npz
evaluation_amplitude_damping_01,amplitude_damping,1,0,8219,baseline,False,0.013367849126887944,0.14063540231002897,0.011010478552908255,0.0,False,34.76393580268044,0.14977532539595462,21,2688,256,2944,9.548220528360345,0.09796885516406917,9.56551739879585,data/problems/evaluation/amplitude_damping_01_r1_n14_b3.npz
evaluation_amplitude_damping_01,amplitude_damping,1,0,8219,baseline,True,0.013367849126887944,0.1076724022493385,0.0122517185566391,0.0,False,12.203652147103584,0.0,24,0,256,256,9.548220528360345,0.09796885516406917,9.556409225983717,data/problems/evaluation/amplitude_damping_01_r1_n14_b3.npz
evaluation_amplitude_damping_01,amplitude_damping,1,0,8219,cvar,False,0.013367849126887944,0.1322643111792931,0.010995036534408784,0.0,False,31.906821763195545,0.0014448079322597618,21,2688,256,2944,9.548220528360345,0.09796885516406917,9.565629622290588,data/problems/evaluation/amplitude_damping_01_r1_n14_b3.npz
evaluation_amplitude_damping_01,amplitude_damping,1,0,8219,cvar,True,0.013367849126887944,0.12355059137483017,0.009309116782371157,0.0,False,29.677505826524474,0.0,40,0,256,256,9.548220528360345,0.09796885516406917,9.577998192533885,data/problems/evaluation/amplitude_damping_01_r1_n14_b3.npz
evaluation_amplitude_damping_01,amplitude_damping,1,0,8219,dicke,False,0.007078375937588326,0.23366572876896666,0.0024399888979824104,0.6103038195399861,False,298.3018944546143,0.18566685682851247,21,2688,256,2944,9.594332983490927,0.05185640003348624,9.628307748975773,data/problems/evaluation/amplitude_damping_01_r1_n14_b3.npz
evaluation_amplitude_damping_01,amplitude_damping,1,0,8219,dicke,True,0.0,0.13809000933666962,0.0011240433660471805,0.8099270187231244,True,257.7671684946351,0.0,42,0,256,256,9.646189383524414,0.0,9.637950989232683,data/problems/evaluation/amplitude_damping_01_r1_n14_b3.npz
evaluation_amplitude_damping_01,amplitude_damping,1,0,8219,dicke_cvar,False,0.008129310813666324,0.2467118598021385,0.00393887937651214,0.43293283360877033,False,358.15192396295487,0.003319026804158076,20,2560,256,2816,9.586653851641973,0.05953553188244065,9.617325561346266,data/problems/evaluation/amplitude_damping_01_r1_n14_b3.npz
evaluation_amplitude_damping_01,amplitude_damping,1,0,8219,dicke_cvar,True,0.0,0.15773963563165821,0.0010164877173126144,0.825618465521427,True,246.01970426147503,0.0,51,0,256,256,9.646189383524414,0.0,9.638739055124635,data/problems/evaluation/amplitude_damping_01_r1_n14_b3.npz
evaluation_amplitude_damping_01,amplitude_damping,1,0,8233,baseline,False,0.03257408904274758,0.19293161288741947,0.03165755754709561,0.0,False,42.42199674310863,0.07293135439606724,20,2560,256,2816,9.40758672549064,0.23860265803377345,9.41460965370508,data/problems/evaluation/amplitude_damping_01_r1_n14_b3.npz
evaluation_amplitude_damping_01,amplitude_damping,1,0,8233,baseline,True,0.035574248242352,0.18137818707411468,0.03067774734154014,0.0,False,30.839988813410077,0.0,22,0,256,256,9.386145564655287,0.26004381886912675,9.421818855181082,data/problems/evaluation/amplitude_damping_01_r1_n14_b3.npz
evaluation_amplitude_damping_01,amplitude_damping,1,0,8233,cvar,False,0.02806985868958636,0.20313367100626353,0.031568310391696996,0.0,False,51.10792357759162,0.0027604655879505113,19,2432,256,2688,9.440532464309014,0.20565691921540008,9.415209126909527,data/problems/evaluation/amplitude_damping_01_r1_n14_b3.npz
evaluation_amplitude_damping_01,amplitude_damping,1,0,8233,cvar,True,0.035574248242352,0.20765921723002526,0.03167866750780716,0.0,False,44.80218255047819,0.0,54,0,256,256,9.386145564655287,0.26004381886912675,9.414432215505602,data/problems/evaluation/amplitude_damping_01_r1_n14_b3.npz
evaluation_amplitude_damping_01,amplitude_damping,1,0,8233,dicke,False,0.007078375937588326,0.24571433994012626,0.0027824842810562946,0.6000126850926548,False,269.61596443287027,0.021254486861764565,20,2560,256,2816,9.594332983490927,0.05185640003348624,9.625801460094486,data/problems/evaluation/amplitude_damping_01_r1_n14_b3.npz
evaluation_amplitude_damping_01,amplitude_damping,1,0,8233,dicke,True,0.0,0.2386248431708925,0.004205098258293582,0.4201556618341301,True,284.7966298384748,0.0,62,0,256,256,9.646189383524414,0.0,9.615372011782497,data/problems/evaluation/amplitude_damping_01_r1_n14_b3.npz
evaluation_amplitude_damping_01,amplitude_damping,1,0,8233,dicke_cvar,False,0.005327813342604211,0.24769857475823057,0.004490509567187223,0.31915042920372694,False,285.62791006898016,0.006587776219558084,21,2688,256,2944,9.607129711631371,0.03905967189304249,9.613279534886322,data/problems/evaluation/amplitude_damping_01_r1_n14_b3.npz
evaluation_amplitude_damping_01,amplitude_damping,1,0,8233,dicke_cvar,True,0.0,0.2713953768333801,0.002403098626713574,0.6560774473974973,True,233.64895381817738,0.0,49,0,256,256,9.646189383524414,0.0,9.62858093854633,data/problems/evaluation/amplitude_damping_01_r1_n14_b3.npz
evaluation_amplitude_damping_01,amplitude_damping,2,0,8201,baseline,False,0.025975349090938665,0.21022660765933643,0.02194700125874873,0.0,False,67.84315824058142,0.0016199738329101265,19,2432,256,2688,8.72603775916102,0.1790132492212262,8.753875983250321,data/problems/evaluation/amplitude_damping_01_r2_n14_b3.npz
evaluation_amplitude_damping_01,amplitude_damping,2,0,8201,baseline,True,0.025975349090938665,0.21007498470006536,0.02147311105354668,0.0,False,68.02197799509612,0.0,27,0,256,256,8.72603775916102,0.1790132492212262,8.757148498557928,data/problems/evaluation/amplitude_damping_01_r2_n14_b3.npz
evaluation_amplitude_damping_01,amplitude_damping,2,0,8201,cvar,False,0.026528707612548802,0.22881300893334522,0.032347996922294994,0.0,False,27.52687082721142,0.0017368144816427566,19,2432,256,2688,8.722362242829767,0.18268876555247893,8.682297039920368,data/problems/evaluation/amplitude_damping_01_r2_n14_b3.npz
evaluation_amplitude_damping_01,amplitude_damping,2,0,8201,cvar,True,0.03677316130501472,0.23865875053143568,0.03115789863582151,0.0,False,27.07160613575378,0.0,28,0,256,256,8.651803138809735,0.2532478695725118,8.690531802717935,data/problems/evaluation/amplitude_damping_01_r2_n14_b3.npz
evaluation_amplitude_damping_01,amplitude_damping,2,0,8201,dicke,False,0.0,0.19356691341831248,0.0012178943073996248,0.8213083216061818,True,282.94217647551756,0.0777551869043609,26,3328,256,3584,8.905051008382246,0.0,8.8966666664237,data/problems/evaluation/amplitude_damping_01_r2_n14_b3.npz
evaluation_amplitude_damping_01,amplitude_damping,2,0,8201,dicke,True,0.0,0.24077093953131748,0.0016394939820568266,0.7508731373975158,True,283.4131470362463,0.0,31,0,256,256,8.905051008382246,0.0,8.893762008248633,data/problems/evaluation/amplitude_damping_01_r2_n14_b3.npz
evaluation_amplitude_damping_01,amplitude_damping,2,0,8201,dicke_cvar,False,0.008783771664004365,0.2880034215782827,0.0037282754431347447,0.4678234242965199,False,298.7232115898189,0.014594401748046992,23,2944,256,3200,8.844639575813272,0.06041143256897463,8.879363691487908,data/problems/evaluation/amplitude_damping_01_r2_n14_b3.npz
evaluation_amplitude_damping_01,amplitude_damping,2,0,8201,dicke_cvar,True,0.008783771664004365,0.2783550170359174,0.004587299527522584,0.12994582254635356,False,292.05379405749113,0.0,36,0,256,256,8.844639575813272,0.06041143256897463,8.873434526716306,data/problems/evaluation/amplitude_damping_01_r2_n14_b3.npz
evaluation_amplitude_damping_01,amplitude_damping,2,0,8219,baseline,False,0.0690480231321606,0.16254692791099778,0.037586881834650566,0.0,False,25.846341922795194,0.01344008734797053,20,2560,256,2816,8.429359224776608,0.47569178360563846,8.646281301052587,data/problems/evaluation/amplitude_damping_01_r2_n14_b3.npz
evaluation_amplitude_damping_01,amplitude_damping,2,0,8219,baseline,True,0.02311895504223798,0.16073749119115233,0.042224934169208486,0.0,False,18.96541269870726,0.0,25,0,256,256,8.745993621901839,0.15905738648040746,8.614334392142677,data/problems/evaluation/amplitude_damping_01_r2_n14_b3.npz
evaluation_amplitude_damping_01,amplitude_damping,2,0,8219,cvar,False,0.0690480231321606,0.16171447292751612,0.03862500618060845,0.0,False,23.65672217075744,0.013930769688504818,21,2688,256,2944,8.429359224776608,0.47569178360563846,8.639130826799999,data/problems/evaluation/amplitude_damping_01_r2_n14_b3.npz
evaluation_amplitude_damping_01,amplitude_damping,2,0,8219,cvar,True,0.02311895504223798,0.17066735770670938,0.028192179085562298,0.0,False,60.16801964528075,0.0,58,0,256,256,8.745993621901839,0.15905738648040746,8.71099531747831,data/problems/evaluation/amplitude_damping_01_r2_n14_b3.npz
evaluation_amplitude_damping_01,amplitude_damping,2,0,8219,dicke,False,0.0,0.21445297411218425,0.0014687430987848913,0.7836962859328,True,262.0394539157237,0.15695226790644656,31,3968,256,4224,8.905051008382246,0.0,8.894940128245771,data/problems/evaluation/amplitude_damping_01_r2_n14_b3.npz
evaluation_amplitude_damping_01,amplitude_damping,2,0,8219,dicke,True,0.0034078389107725705,0.24077110037157493,0.0016402621282408621,0.7509118028442245,False,283.2557255058106,0.0,29,0,256,256,8.88151297543447,0.023538032947776344,8.893756748035058,data/problems/evaluation/amplitude_damping_01_r2_n14_b3.npz
evaluation_amplitude_damping_01,amplitude_damping,2,0,8219,dicke_cvar,False,0.008783771664004365,0.2658955073527452,0.0017755370214737004,0.7266624854917751,False,281.54151188981496,0.05414931299287368,20,2560,256,2816,8.844639575813272,0.06041143256897463,8.892824541905883,data/problems/evaluation/amplitude_damping_01_r2_n14_b3.npz
evaluation_amplitude_damping_01,amplitude_damping,2,0,8219,dicke_cvar,True,0.0034078389107725705,0.24277711209025402,0.0014829695882411574,0.7685673146348323,False,281.3700602567403,0.0,30,0,256,256,8.88151297543447,0.023538032947776344,8.894839118615932,data/problems/evaluation/amplitude_damping_01_r2_n14_b3.npz
evaluation_amplitude_damping_01,amplitude_damping,2,0,8233,baseline,False,0.008783771664004365,0.13018842126796354,0.0029681949192356862,0.5681695858983997,False,39.593534457696016,0.04391654186166827,21,2688,256,2944,8.844639575813272,0.06041143256897463,8.884618062452944,data/problems/evaluation/amplitude_damping_01_r2_n14_b3.npz
evaluation_amplitude_damping_01,amplitude_damping,2,0,8233,baseline,True,0.008783771664004365,0.12266559735999681,0.004164259713937431,0.40904763230310814,False,34.349421866631175,0.0,25,0,256,256,8.844639575813272,0.06041143256897463,8.87637742191837,data/problems/evaluation/amplitude_damping_01_r2_n14_b3.npz
evaluation_amplitude_damping_01,amplitude_damping,2,0,8233,cvar,False,0.0,0.19812174173001582,0.0025014886225528956,0.7105337627606672,True,47.035258579972215,0.008265526285428315,22,2816,256,3072,8.905051008382246,0.0,8.887845955476342,data/problems/evaluation/amplitude_damping_01_r2_n14_b3.npz
evaluation_amplitude_damping_01,amplitude_damping,2,0,8233,cvar,True,0.008783771664004365,0.16239657317705786,0.001528594370058097,0.8145061065948369,False,43.244934523600016,0.0,28,0,256,256,8.844639575813272,0.06041143256897463,8.894536038728967,data/problems/evaluation/amplitude_damping_01_r2_n14_b3.npz
evaluation_amplitude_damping_01,amplitude_damping,2,0,8233,dicke,False,0.0,0.19215442307509123,0.0010979601037101347,0.817991286701325,True,283.21766236933365,0.06235822561507276,21,2688,256,2944,8.905051008382246,0.0,8.897488871599203,data/problems/evaluation/amplitude_damping_01_r2_n14_b3.npz
evaluation_amplitude_damping_01,amplitude_damping,2,0,8233,dicke,True,0.0,0.1861647329110444,0.0009820758955598142,0.8416691871953152,True,269.7705804409236,0.0,21,0,256,256,8.905051008382246,0.0,8.89828801656456,data/problems/evaluation/amplitude_damping_01_r2_n14_b3.npz
evaluation_amplitude_damping_01,amplitude_damping,2,0,8233,dicke_cvar,False,0.0,0.2100653607738003,0.0010776585565016943,0.8258423246370459,True,266.8291716474621,0.01767436965719482,20,2560,256,2816,8.905051008382246,0.0,8.897629975285305,data/problems/evaluation/amplitude_damping_01_r2_n14_b3.npz
evaluation_amplitude_damping_01,amplitude_damping,2,0,8233,dicke_cvar,True,0.0,0.19257932153776905,0.0009297444737344566,0.8474123247670525,True,265.58863264981164,0.0,33,0,256,256,8.905051008382246,0.0,8.89864813578626,data/problems/evaluation/amplitude_damping_01_r2_n14_b3.npz
evaluation_amplitude_damping_02,amplitude_damping,1,0,8201,baseline,False,0.012304100604464185,0.1185812719632078,0.012726169331974891,0.0,False,30.81444661472047,0.03204618716029639,21,2688,256,2944,9.599754546278275,0.0809595470348512,9.596979351614367,data/problems/evaluation/amplitude_damping_02_r1_n14_b3.npz
evaluation_amplitude_damping_02,amplitude_damping,1,0,8201,baseline,True,0.012304100604464185,0.11366011687960975,0.012592857251462319,0.0,False,31.268389168321175,0.0,80,0,256,256,9.599754546278275,0.0809595470348512,9.59785485638572,data/problems/evaluation/amplitude_damping_02_r1_n14_b3.npz
evaluation_amplitude_damping_02,amplitude_damping,1,0,8201,cvar,False,0.012304100604464185,0.12669498082262412,0.012352365088191066,0.0,False,45.084453437978986,0.0002413122317639349,23,2944,256,3200,9.599754546278275,0.0809595470348512,9.599429325474746,data/problems/evaluation/amplitude_damping_02_r1_n14_b3.npz
evaluation_amplitude_damping_02,amplitude_damping,1,0,8201,cvar,True,0.012304100604464185,0.13625472543704698,0.012306495878117048,0.0,False,52.74625478182736,0.0,27,0,256,256,9.599754546278275,0.0809595470348512,9.599727343442034,data/problems/evaluation/amplitude_damping_02_r1_n14_b3.npz
evaluation_amplitude_damping_02,amplitude_damping,1,0,8201,dicke,False,0.0,0.19938087187384998,0.003934821626700358,0.3379140862932931,True,339.699171208639,0.00624927613796622,21,2688,256,2944,9.680714093313126,0.0,9.654855599629471,data/problems/evaluation/amplitude_damping_02_r1_n14_b3.npz
evaluation_amplitude_damping_02,amplitude_damping,1,0,8201,dicke,True,0.00455278184040637,0.1969362103971852,0.0038790271762268774,0.30978315252438204,False,322.19168476880026,0.0,80,0,256,256,9.65084337299442,0.029870720318706745,9.65523025976573,data/problems/evaluation/amplitude_damping_02_r1_n14_b3.npz
evaluation_amplitude_damping_02,amplitude_damping,1,0,8201,dicke_cvar,False,0.0,0.19808041484741393,0.003638810184933867,0.37406760367376857,True,349.2135270568628,0.004992125802953495,21,2688,256,2944,9.680714093313126,0.0,9.656802728239729,data/problems/evaluation/amplitude_damping_02_r1_n14_b3.npz
evaluation_amplitude_damping_02,amplitude_damping,1,0,8201,dicke_cvar,True,0.0,0.20337774758516802,0.0024686438247374636,0.6139282474511895,True,351.0505834180533,0.0,80,0,256,256,9.680714093313126,0.0,9.664485885071178,data/problems/evaluation/amplitude_damping_02_r1_n14_b3.npz
evaluation_amplitude_damping_02,amplitude_damping,1,0,8219,baseline,False,0.022126544539401816,0.13024691446380232,0.011213572182437691,7.755246402507687e-06,False,42.18548156021695,0.03410768134129505,21,2688,256,2944,9.534904432514233,0.1458096607988928,9.606879095054778,data/problems/evaluation/amplitude_damping_02_r1_n14_b3.npz
evaluation_amplitude_damping_02,amplitude_damping,1,0,8219,baseline,True,0.010279312644754126,0.12195115545082283,0.008780477117066603,2.8597507643168818e-05,False,47.75933822433315,0.0,80,0,256,256,9.612956050516589,0.06775804279653741,9.622882916503816,data/problems/evaluation/amplitude_damping_02_r1_n14_b3.npz
evaluation_amplitude_damping_02,amplitude_damping,1,0,8219,cvar,False,0.010279312644754126,0.1311505289019923,0.012456422135294456,3.2414842800920773e-05,False,41.04124697349978,0.03542185221637073,24,3072,256,3328,9.612956050516589,0.06775804279653741,9.598698502091711,data/problems/evaluation/amplitude_damping_02_r1_n14_b3.npz
evaluation_amplitude_damping_02,amplitude_damping,1,0,8219,cvar,True,0.010279312644754126,0.16961756922167878,0.008865264986007947,0.020165156148276298,False,113.8702823467674,0.0,80,0,256,256,9.612956050516589,0.06775804279653741,9.62230328356716,data/problems/evaluation/amplitude_damping_02_r1_n14_b3.npz
evaluation_amplitude_damping_02,amplitude_damping,1,0,8219,dicke,False,0.005477331481589222,0.1976945615053011,0.0031531406555258207,0.43803435440072236,False,347.82320785484694,0.0034769654168878006,22,2816,256,3072,9.644689074861398,0.036025018451727675,9.659998866393082,data/problems/evaluation/amplitude_damping_02_r1_n14_b3.npz
evaluation_amplitude_damping_02,amplitude_damping,1,0,8219,dicke,True,0.0,0.19706261079744353,0.0034589562959300648,0.3718538881417408,True,323.89830419212296,0.0,80,0,256,256,9.680714093313126,0.0,9.65799283608985,data/problems/evaluation/amplitude_damping_02_r1_n14_b3.npz
evaluation_amplitude_damping_02,amplitude_damping,1,0,8219,dicke_cvar,False,0.0,0.1569373466938944,0.0011053502759744275,0.7785100050763408,True,271.6042443982275,0.004554600358592786,22,2816,256,3072,9.680714093313126,0.0,9.673455192306252,data/problems/evaluation/amplitude_damping_02_r1_n14_b3.npz
evaluation_amplitude_damping_02,amplitude_damping,1,0,8219,dicke_cvar,True,0.0,0.21068995313397446,0.0020173795525361767,0.6033033980458185,True,251.44965525295936,0.0,60,0,256,256,9.680714093313126,0.0,9.667467809432244,data/problems/evaluation/amplitude_damping_02_r1_n14_b3.npz
evaluation_amplitude_damping_02,amplitude_damping,1,0,8233,baseline,False,0.01779759693464268,0.1676684276131124,0.02246328982773839,0.0,False,44.101418615036984,0.05383444242883417,21,2688,256,2944,9.56372667093255,0.11698742238057669,9.533011427718156,data/problems/evaluation/amplitude_damping_02_r1_n14_b3.npz
evaluation_amplitude_damping_02,amplitude_damping,1,0,8233,baseline,True,0.024769071365902964,0.14294944709846188,0.024438053894793605,0.0,False,25.71830436785916,0.0,80,0,256,256,9.517861767195916,0.16285232611721057,9.520030267540882,data/problems/evaluation/amplitude_damping_02_r1_n14_b3.npz
evaluation_amplitude_damping_02,amplitude_damping,1,0,8233,cvar,False,0.022126544539401816,0.1842053398538634,0.0102584036948308,0.0,False,84.67491575413018,0.006454456300125422,22,2816,256,3072,9.534904432514233,0.1458096607988928,9.613247841157627,data/problems/evaluation/amplitude_damping_02_r1_n14_b3.npz
evaluation_amplitude_damping_02,amplitude_damping,1,0,8233,cvar,True,0.006774469567105477,0.1922106051095518,0.007249328822895641,0.0,False,72.8506117870945,0.0,80,0,256,256,9.636155059458359,0.04455903385476745,9.633038211395887,data/problems/evaluation/amplitude_damping_02_r1_n14_b3.npz
evaluation_amplitude_damping_02,amplitude_damping,1,0,8233,dicke,False,0.012304100604464185,0.1981573872533526,0.0021834068378116618,0.6550647390700072,False,336.8564244568202,0.0027331776091417126,21,2688,256,2944,9.599754546278275,0.0809595470348512,9.666358701781345,data/problems/evaluation/amplitude_damping_02_r1_n14_b3.npz
evaluation_amplitude_damping_02,amplitude_damping,1,0,8233,dicke,True,0.0,0.1970069264404227,0.0035609324391229764,0.355140793071237,True,323.0955963368084,0.0,80,0,256,256,9.680714093313126,0.0,9.657322563847792,data/problems/evaluation/amplitude_damping_02_r1_n14_b3.npz
evaluation_amplitude_damping_02,amplitude_damping,1,0,8233,dicke_cvar,False,0.006774469567105477,0.2146117582219483,0.0035965575953066163,0.3081981057059563,False,259.47565331804316,0.00672444386001203,19,2432,256,2688,9.636155059458359,0.04455903385476745,9.657096227097794,data/problems/evaluation/amplitude_damping_02_r1_n14_b3.npz
evaluation_amplitude_damping_02,amplitude_damping,1,0,8233,dicke_cvar,True,0.0,0.11583457509024017,0.001066917505920406,0.7780521614391894,True,267.6989152753806,0.0,57,0,256,256,9.680714093313126,0.0,9.673709831781421,data/problems/evaluation/amplitude_damping_02_r1_n14_b3.npz
evaluation_amplitude_damping_02,amplitude_damping,2,0,8201,baseline,False,0.0,0.1400144952784747,6.080275014303067e-08,0.9999285813195049,True,24.887917130218067,0.0014132847745003119,21,2688,256,2944,9.329578813408562,0.0,9.329578367850864,data/problems/evaluation/amplitude_damping_02_r2_n14_b3.npz
evaluation_amplitude_damping_02,amplitude_damping,2,0,8201,baseline,True,0.0,0.13453996846751196,3.949482292019484e-08,0.9999536095302809,True,20.08857537624701,0.0,80,0,256,256,9.329578813408562,0.0,9.329578523993652,data/problems/evaluation/amplitude_damping_02_r2_n14_b3.npz
evaluation_amplitude_damping_02,amplitude_damping,2,0,8201,cvar,False,0.0,0.14956285800576802,3.2605085966660607e-07,0.9996170218926462,True,30.660839761077035,0.0003454136762282012,20,2560,256,2816,9.329578813408562,0.0,9.329576424133895,data/problems/evaluation/amplitude_damping_02_r2_n14_b3.npz
evaluation_amplitude_damping_02,amplitude_damping,2,0,8201,cvar,True,0.0,0.14855030125395827,3.092817813553435e-08,0.9999636718788647,True,23.257122074048745,0.0,20,0,256,256,9.329578813408562,0.0,9.32957858676934,data/problems/evaluation/amplitude_damping_02_r2_n14_b3.npz
evaluation_amplitude_damping_02,amplitude_damping,2,0,8201,dicke,False,0.0,0.2319466771644259,0.005277896868125376,0.5290737368490437,True,337.46351126627724,0.2901339788195516,22,2816,256,3072,9.329578813408562,0.0,9.291179713685061,data/problems/evaluation/amplitude_damping_02_r2_n14_b3.npz
evaluation_amplitude_damping_02,amplitude_damping,2,0,8201,dicke,True,0.0,0.16431642762249657,0.0012973563834179783,0.7926752708790877,True,282.9150348764801,0.0,45,0,256,256,9.329578813408562,0.0,9.320133979475548,data/problems/evaluation/amplitude_damping_02_r2_n14_b3.npz
evaluation_amplitude_damping_02,amplitude_damping,2,0,8201,dicke_cvar,False,0.0,0.26333560810892276,0.0030043426801640103,0.7783051241891232,True,249.64416941834915,0.16681918923943861,25,3200,256,3456,9.329578813408562,0.0,9.307724221969297,data/problems/evaluation/amplitude_damping_02_r2_n14_b3.npz
evaluation_amplitude_damping_02,amplitude_damping,2,0,8201,dicke_cvar,True,0.0,0.1701521427383177,0.0011870628011665853,0.8044685403125906,True,278.8964489229019,0.0,34,0,256,256,9.329578813408562,0.0,9.320936612169431,data/problems/evaluation/amplitude_damping_02_r2_n14_b3.npz
evaluation_amplitude_damping_02,amplitude_damping,2,0,8219,baseline,False,0.050680330203371524,0.20075187175792739,0.025634531256922458,0.06967829989071173,False,24.177357605506632,0.05869375053213588,19,2432,256,2688,8.961418448627311,0.36816036478125014,9.1432234673952,data/problems/evaluation/amplitude_damping_02_r2_n14_b3.npz
evaluation_amplitude_damping_02,amplitude_damping,2,0,8219,baseline,True,0.0,0.17294538690426825,0.00179717880365557,0.717260396295822,True,34.62298025910976,0.0,40,0,256,256,9.329578813408562,0.0,9.316511359146437,data/problems/evaluation/amplitude_damping_02_r2_n14_b3.npz
evaluation_amplitude_damping_02,amplitude_damping,2,0,8219,cvar,False,0.013125457927763196,0.19494021279463525,0.003990699564854467,0.5504907806961377,False,70.40876863108998,0.05841166204146475,21,2688,256,2944,9.234070268705088,0.09550854470347403,9.300559092756606,data/problems/evaluation/amplitude_damping_02_r2_n14_b3.npz
evaluation_amplitude_damping_02,amplitude_damping,2,0,8219,cvar,True,0.0,0.17412160930967985,0.00246501912599655,0.6805416351581365,True,40.32991362506274,0.0,48,0,256,256,9.329578813408562,0.0,9.311658260246723,data/problems/evaluation/amplitude_damping_02_r2_n14_b3.npz
evaluation_amplitude_damping_02,amplitude_damping,2,0,8219,dicke,False,0.013125457927763196,0.23064147129743512,0.005528365246800615,0.4173582318195572,False,260.6541577534109,0.08281403649864227,20,2560,256,2816,9.234070268705088,0.09550854470347403,9.289350161327297,data/problems/evaluation/amplitude_damping_02_r2_n14_b3.npz
evaluation_amplitude_damping_02,amplitude_damping,2,0,8219,dicke,True,0.012268974782002938,0.21615941899156918,0.0017155596713991379,0.6693027463096125,False,260.9542515140277,0.0,26,0,256,256,9.240302373926319,0.08927643948224251,9.317087477109279,data/problems/evaluation/amplitude_damping_02_r2_n14_b3.npz
evaluation_amplitude_damping_02,amplitude_damping,2,0,8219,dicke_cvar,False,0.012268974782002938,0.22312233261876335,0.004528547074517657,0.4433956919858978,False,267.1239988155939,0.040088737890952686,19,2432,256,2688,9.240302373926319,0.08927643948224251,9.296620135788796,data/problems/evaluation/amplitude_damping_02_r2_n14_b3.npz
evaluation_amplitude_damping_02,amplitude_damping,2,0,8219,dicke_cvar,True,0.0008513563919343688,0.22581461622008075,0.0008204039631092731,0.6834270790779019,False,244.27883173904982,0.0,36,0,256,256,9.323340141741657,0.006238671666904949,9.32359764584185,data/problems/evaluation/amplitude_damping_02_r2_n14_b3.npz
evaluation_amplitude_damping_02,amplitude_damping,2,0,8233,baseline,False,0.03640100823455701,0.12773107602658593,0.03619635893773907,0.0,False,24.169121142940366,0.0011022390789028336,18,2304,256,2560,9.06489827285827,0.264680540550291,9.066388637075091,data/problems/evaluation/amplitude_damping_02_r2_n14_b3.npz
evaluation_amplitude_damping_02,amplitude_damping,2,0,8233,baseline,True,0.03640100823455701,0.12093929098936176,0.03613363815427587,0.0,False,18.060091188046737,0.0,80,0,256,256,9.06489827285827,0.264680540550291,9.066843156455379,data/problems/evaluation/amplitude_damping_02_r2_n14_b3.npz
evaluation_amplitude_damping_02,amplitude_damping,2,0,8233,cvar,False,0.03640100823455701,0.13075407904231007,0.03605591623005985,0.0,False,24.737764199664955,0.0008955189720492029,19,2432,256,2688,9.06489827285827,0.264680540550291,9.067416279698845,data/problems/evaluation/amplitude_damping_02_r2_n14_b3.npz
evaluation_amplitude_damping_02,amplitude_damping,2,0,8233,cvar,True,0.03640100823455701,0.12678963193083945,0.036195460717859354,0.0,False,23.427522366509695,0.0,80,0,256,256,9.06489827285827,0.264680540550291,9.066394807253273,data/problems/evaluation/amplitude_damping_02_r2_n14_b3.npz
evaluation_amplitude_damping_02,amplitude_damping,2,0,8233,dicke,False,0.0008513563919343688,0.2371078686958165,0.002485710106676188,0.5190437594057709,False,285.7506067907477,0.05354075235652456,21,2688,256,2944,9.323340141741657,0.006238671666904949,9.311481568363426,data/problems/evaluation/amplitude_damping_02_r2_n14_b3.npz
evaluation_amplitude_damping_02,amplitude_damping,2,0,8233,dicke,True,0.0,0.2312967314707549,0.003173427940541742,0.519186260568337,True,304.3928029119058,0.0,80,0,256,256,9.329578813408562,0.0,9.306481625917254,data/problems/evaluation/amplitude_damping_02_r2_n14_b3.npz
evaluation_amplitude_damping_02,amplitude_damping,2,0,8233,dicke_cvar,False,0.0,0.23732943291794534,0.0029463806159344646,0.5026136797934356,True,306.9306768442758,0.018532515886707124,20,2560,256,2816,9.329578813408562,0.0,9.30813112760401,data/problems/evaluation/amplitude_damping_02_r2_n14_b3.npz
evaluation_amplitude_damping_02,amplitude_damping,2,0,8233,dicke_cvar,True,0.0,0.23826078697475003,0.002372289309713012,0.5079236917919634,True,242.56221460442853,0.0,50,0,256,256,9.329578813408562,0.0,9.312307040614828,data/problems/evaluation/amplitude_damping_02_r2_n14_b3.npz
evaluation_amplitude_damping_03,amplitude_damping,1,0,8201,baseline,False,0.02824591336086683,0.21566764741306063,0.030740273356339363,0.0,False,25.871292783115134,0.0827852846730277,21,2688,256,2944,10.117038740003045,0.18823275647962312,10.10033147728463,data/problems/evaluation/amplitude_damping_03_r1_n14_b3.npz
evaluation_amplitude_damping_03,amplitude_damping,1,0,8201,baseline,True,0.0314521084283342,0.1896993449540969,0.02966895617350457,0.0,False,19.9957936506001,0.0,61,0,256,256,10.095763619804977,0.20950787667769077,10.107455037158783,data/problems/evaluation/amplitude_damping_03_r1_n14_b3.npz
evaluation_amplitude_damping_03,amplitude_damping,1,0,8201,cvar,False,0.02824591336086683,0.23062104505073802,0.030402431267940025,0.0,False,35.42317671322098,0.012833674965283315,21,2688,256,2944,10.117038740003045,0.18823275647962312,10.102527435599615,data/problems/evaluation/amplitude_damping_03_r1_n14_b3.npz
evaluation_amplitude_damping_03,amplitude_damping,1,0,8201,cvar,True,0.0314521084283342,0.21670632655929561,0.030937701763978937,0.0,False,25.6025255318817,0.0,80,0,256,256,10.095763619804977,0.20950787667769077,10.099017016486563,data/problems/evaluation/amplitude_damping_03_r1_n14_b3.npz
evaluation_amplitude_damping_03,amplitude_damping,1,0,8201,dicke,False,0.0006118958489657977,0.20437101705785468,0.0011736014790971463,0.49379195753786465,False,356.5916100283101,0.06442939306249063,21,2688,256,2944,10.301703969516245,0.003567526966422818,10.297633966728528,data/problems/evaluation/amplitude_damping_03_r1_n14_b3.npz
evaluation_amplitude_damping_03,amplitude_damping,1,0,8201,dicke,True,0.00197971454561659,0.1878470802105708,0.0018868519612909064,0.24945356195477442,False,273.02295632074225,0.0,80,0,256,256,10.292550057355443,0.012721439127224343,10.292985662610404,data/problems/evaluation/amplitude_damping_03_r1_n14_b3.npz
evaluation_amplitude_damping_03,amplitude_damping,1,0,8201,dicke_cvar,False,0.0,0.22409523339032544,0.0010938016080129045,0.5393096947987681,True,228.05981158817673,0.003460071598672343,22,2816,256,3072,10.305271496482668,0.0,10.297946948964672,data/problems/evaluation/amplitude_damping_03_r1_n14_b3.npz
evaluation_amplitude_damping_03,amplitude_damping,1,0,8201,dicke_cvar,True,0.0010319947510707998,0.1291438280948612,0.0003077452061165493,0.7227729716745659,False,271.65574231643615,0.0,47,0,256,256,10.29822294991611,0.0070485465665584,10.303296843803011,data/problems/evaluation/amplitude_damping_03_r1_n14_b3.npz
evaluation_amplitude_damping_03,amplitude_damping,1,0,8219,baseline,False,0.015962947957151547,0.09714419232705786,0.015889664696067264,0.00016210724562504275,False,13.876511630883401,0.01724586134565609,18,2304,256,2560,10.199295886243638,0.1059756102390299,10.199617441331661,data/problems/evaluation/amplitude_damping_03_r1_n14_b3.npz
evaluation_amplitude_damping_03,amplitude_damping,1,0,8219,baseline,True,0.015811974834708628,0.0936415148650018,0.01513708950858246,0.003921845854563788,False,11.490853731283472,0.0,38,0,256,256,10.19866752563333,0.10660397084933848,10.204137318355972,data/problems/evaluation/amplitude_damping_03_r1_n14_b3.npz
evaluation_amplitude_damping_03,amplitude_damping,1,0,8219,cvar,False,0.015045295580786338,0.11816463991129263,0.01196066267819891,0.057980308323376306,False,40.50953637589772,0.0007021432964000596,22,2816,256,3072,10.204081463140065,0.10119003334260235,10.224993937890208,data/problems/evaluation/amplitude_damping_03_r1_n14_b3.npz
evaluation_amplitude_damping_03,amplitude_damping,1,0,8219,cvar,True,0.015045295580786338,0.12629355637906428,0.011931820132124332,0.056343996657457596,False,48.91528297312103,0.0,80,0,256,256,10.204081463140065,0.10119003334260235,10.225212603260498,data/problems/evaluation/amplitude_damping_03_r1_n14_b3.npz
evaluation_amplitude_damping_03,amplitude_damping,1,0,8219,dicke,False,0.0006118958489657977,0.1434112260519284,0.0006418068900568687,0.5360778445745805,False,318.4820103695271,0.03187287065121325,18,2304,256,2560,10.301703969516245,0.003567526966422818,10.301100889810783,data/problems/evaluation/amplitude_damping_03_r1_n14_b3.npz
evaluation_amplitude_damping_03,amplitude_damping,1,0,8219,dicke,True,0.0,0.1877359567389994,0.0017734068790672911,0.26050698310514686,True,273.22723799075067,0.0,80,0,256,256,10.305271496482668,0.0,10.29371797079584,data/problems/evaluation/amplitude_damping_03_r1_n14_b3.npz
evaluation_amplitude_damping_03,amplitude_damping,1,0,8219,dicke_cvar,False,0.0,0.2093447201032022,0.0007294314170297317,0.5771052664690517,True,259.67540439020684,0.02026152731595765,19,2432,256,2688,10.305271496482668,0.0,10.300355428824423,data/problems/evaluation/amplitude_damping_03_r1_n14_b3.npz
evaluation_amplitude_damping_03,amplitude_damping,1,0,8219,dicke_cvar,True,0.0,0.1276775666492015,0.0003113021822739678,0.7181253616910046,True,270.6796731660362,0.0,63,0,256,256,10.305271496482668,0.0,10.303273388268149,data/problems/evaluation/amplitude_damping_03_r1_n14_b3.npz
evaluation_amplitude_damping_03,amplitude_damping,1,0,8233,baseline,False,0.03144461890617629,0.24571760056055886,0.02832494783915099,0.0,False,91.35294334279408,0.06281712017141317,20,2560,256,2816,10.096788451961075,0.20848304452159283,10.117065098597903,data/problems/evaluation/amplitude_damping_03_r1_n14_b3.npz
evaluation_amplitude_damping_03,amplitude_damping,1,0,8233,baseline,True,0.03361909173647273,0.17174086068287922,0.029886295665143836,0.0,False,47.9248052022046,0.0,62,0,256,256,10.080869539086084,0.22440195739658364,10.106402581333576,data/problems/evaluation/amplitude_damping_03_r1_n14_b3.npz
evaluation_amplitude_damping_03,amplitude_damping,1,0,8233,cvar,False,0.021254824183527945,0.26056604900126196,0.020464200381459744,0.0,False,36.277149135519366,0.03336997127587438,18,2304,256,2560,10.163635000858115,0.14163649562455305,10.169431657464418,data/problems/evaluation/amplitude_damping_03_r1_n14_b3.npz
evaluation_amplitude_damping_03,amplitude_damping,1,0,8233,cvar,True,0.025900471273407586,0.24678686665732907,0.024922975446010444,0.0,False,45.58706398474506,0.0,80,0,256,256,10.133467940789062,0.1718035556936055,10.139838804751006,data/problems/evaluation/amplitude_damping_03_r1_n14_b3.npz
evaluation_amplitude_damping_03,amplitude_damping,1,0,8233,dicke,False,0.0006118958489657977,0.13397506992052197,0.0004567338366091936,0.6022069025452298,False,290.0303988594818,0.022790414075022802,22,2816,256,3072,10.301703969516245,0.003567526966422818,10.302306680554059,data/problems/evaluation/amplitude_damping_03_r1_n14_b3.npz
evaluation_amplitude_damping_03,amplitude_damping,1,0,8233,dicke,True,0.0,0.12043386519880067,0.00039543483487951617,0.6531305906778122,True,272.83631701609085,0.0,31,0,256,256,10.305271496482668,0.0,10.302724270203726,data/problems/evaluation/amplitude_damping_03_r1_n14_b3.npz
evaluation_amplitude_damping_03,amplitude_damping,1,0,8233,dicke_cvar,False,0.0,0.20861813188822312,0.0006394556046334463,0.638341795992933,True,343.57436890371,0.005543610214903794,25,3200,256,3456,10.305271496482668,0.0,10.301127549415368,data/problems/evaluation/amplitude_damping_03_r1_n14_b3.npz
evaluation_amplitude_damping_03,amplitude_damping,1,0,8233,dicke_cvar,True,0.0,0.12852792479115302,0.0003083040017334525,0.7213395299796632,True,271.11422720288135,0.0,40,0,256,256,10.305271496482668,0.0,10.303292993381621,data/problems/evaluation/amplitude_damping_03_r1_n14_b3.npz
evaluation_amplitude_damping_03,amplitude_damping,2,0,8201,baseline,False,0.0,0.2020096033536171,0.0009099295290832232,0.8320654935089962,True,68.39211991903176,0.04621977306157188,19,2432,256,2688,9.281976012621863,0.0,9.27546212172799,data/problems/evaluation/amplitude_damping_03_r2_n14_b3.npz
evaluation_amplitude_damping_03,amplitude_damping,2,0,8201,baseline,True,0.006506735771411329,0.1245163230599526,0.006470220162103911,0.004007661351499214,False,39.833552657878585,0.0,63,0,256,256,9.23535675416389,0.04661925845797299,9.235619391125915,data/problems/evaluation/amplitude_damping_03_r2_n14_b3.npz
evaluation_amplitude_damping_03,amplitude_damping,2,0,8201,cvar,False,0.0,0.2020096033536171,0.0009099295290832232,0.8320654935089962,True,68.39211991903176,0.0032609991183010223,18,2304,256,2560,9.281976012621863,0.0,9.27546212172799,data/problems/evaluation/amplitude_damping_03_r2_n14_b3.npz
evaluation_amplitude_damping_03,amplitude_damping,2,0,8201,cvar,True,0.0,0.20730024793071924,0.0014223647340915837,0.7651939474785413,True,45.78334685826622,0.0,80,0,256,256,9.281976012621863,0.0,9.271788229202468,data/problems/evaluation/amplitude_damping_03_r2_n14_b3.npz
evaluation_amplitude_damping_03,amplitude_damping,2,0,8201,dicke,False,0.0,0.1265582194667792,0.000934861802285314,0.7395990036931668,True,257.6717316433013,0.006199912847248967,23,2944,256,3200,9.281976012621863,0.0,9.27532007445027,data/problems/evaluation/amplitude_damping_03_r2_n14_b3.npz
evaluation_amplitude_damping_03,amplitude_damping,2,0,8201,dicke,True,0.0,0.12555375240348907,0.0008857812667743991,0.7491870809289749,True,252.7720414292855,0.0,48,0,256,256,9.281976012621863,0.0,9.27567049812092,data/problems/evaluation/amplitude_damping_03_r2_n14_b3.npz
evaluation_amplitude_damping_03,amplitude_damping,2,0,8201,dicke_cvar,False,0.0023684465463749862,0.16678804102117722,0.0010302753477559896,0.7049249438327059,False,231.39547211116803,0.0018590908487658986,21,2688,256,2944,9.26512940240945,0.016846610212413182,9.274646467875272,data/problems/evaluation/amplitude_damping_03_r2_n14_b3.npz
evaluation_amplitude_damping_03,amplitude_damping,2,0,8201,dicke_cvar,True,0.0,0.1755766864038037,0.0008966894954005593,0.7305748847219331,True,234.34125461817482,0.0,35,0,256,256,9.281976012621863,0.0,9.275594873468421,data/problems/evaluation/amplitude_damping_03_r2_n14_b3.npz
evaluation_amplitude_damping_03,amplitude_damping,2,0,8219,baseline,False,0.05001560528813164,0.13193344494575202,0.043801662663901536,0.0,False,9.54365249118382,0.002075175186782463,19,2432,256,2688,8.925805502962348,0.35617050965951513,8.96981429384869,data/problems/evaluation/amplitude_damping_03_r2_n14_b3.npz
evaluation_amplitude_damping_03,amplitude_damping,2,0,8219,baseline,True,0.04698709615826943,0.13096715994097066,0.044291974632837794,0.0,False,9.413695224829052,0.0,80,0,256,256,8.94696731895284,0.33500869366902286,8.96632267949636,data/problems/evaluation/amplitude_damping_03_r2_n14_b3.npz
evaluation_amplitude_damping_03,amplitude_damping,2,0,8219,cvar,False,0.026742829165031946,0.1704211334084786,0.025858422305654175,0.0,False,25.329483314921386,0.0013360082324842537,23,2944,256,3200,9.091076169152828,0.190899843469035,9.097435977412829,data/problems/evaluation/amplitude_damping_03_r2_n14_b3.npz
evaluation_amplitude_damping_03,amplitude_damping,2,0,8219,cvar,True,0.026742829165031946,0.14720455237428368,0.025174733120583444,0.0,False,26.333247769919225,0.0,80,0,256,256,9.091076169152828,0.190899843469035,9.102352414855027,data/problems/evaluation/amplitude_damping_03_r2_n14_b3.npz
evaluation_amplitude_damping_03,amplitude_damping,2,0,8219,dicke,False,0.0023684465463749862,0.21821645642851428,0.004508329524280808,0.37499961791762504,False,276.6441016290651,0.00803440789904597,21,2688,256,2944,9.26512940240945,0.016846610212413182,9.2498718474797,data/problems/evaluation/amplitude_damping_03_r2_n14_b3.npz
evaluation_amplitude_damping_03,amplitude_damping,2,0,8219,dicke,True,0.0,0.21296078695650228,0.009731904910014667,0.23753987248695796,True,294.2492797262116,0.0,48,0,256,256,9.281976012621863,0.0,9.212771124403274,data/problems/evaluation/amplitude_damping_03_r2_n14_b3.npz
evaluation_amplitude_damping_03,amplitude_damping,2,0,8219,dicke_cvar,False,0.0,0.22015687118056293,0.002767162596173794,0.48472821690107215,True,316.310157792962,0.029088619001280236,19,2432,256,2688,9.281976012621863,0.0,9.262272051589342,data/problems/evaluation/amplitude_damping_03_r2_n14_b3.npz
evaluation_amplitude_damping_03,amplitude_damping,2,0,8219,dicke_cvar,True,0.007336435207847762,0.17575061819998655,0.0008938536813985257,0.7311765262196903,False,234.4736244956299,0.0,34,0,256,256,9.23026669082299,0.051709321798872665,9.27561501683806,data/problems/evaluation/amplitude_damping_03_r2_n14_b3.npz
evaluation_amplitude_damping_03,amplitude_damping,2,0,8233,baseline,False,0.0627579803243399,0.21366338838997265,0.05889321950541078,0.0,False,27.952374931639362,0.038675547248836484,22,2816,256,3072,8.834555253535436,0.44742075908642676,8.862152748066404,data/problems/evaluation/amplitude_damping_03_r2_n14_b3.npz
evaluation_amplitude_damping_03,amplitude_damping,2,0,8233,baseline,True,0.05001560528813164,0.1924697987031429,0.0435065962980703,0.0,False,26.64934609469352,0.0,47,0,256,256,8.925805502962348,0.35617050965951513,8.971841670984931,data/problems/evaluation/amplitude_damping_03_r2_n14_b3.npz
evaluation_amplitude_damping_03,amplitude_damping,2,0,8233,cvar,False,0.022770533308837906,0.30300273017135154,0.027512025760167667,0.0,False,29.20082032217449,0.007979833041940054,22,2816,256,3072,9.119641118285891,0.16233489433597192,9.08586229725666,data/problems/evaluation/amplitude_damping_03_r2_n14_b3.npz
evaluation_amplitude_damping_03,amplitude_damping,2,0,8233,cvar,True,0.022770533308837906,0.29346605496687045,0.026831810748567483,0.0,False,27.212927699829763,0.0,80,0,256,256,9.119641118285891,0.16233489433597192,9.090696482009589,data/problems/evaluation/amplitude_damping_03_r2_n14_b3.npz
evaluation_amplitude_damping_03,amplitude_damping,2,0,8233,dicke,False,0.0,0.12636531900029116,0.0008705052843930463,0.7518197502381649,True,248.8114554264132,0.0032179846924877964,20,2560,256,2816,9.281976012621863,0.0,9.275779582298362,data/problems/evaluation/amplitude_damping_03_r2_n14_b3.npz
evaluation_amplitude_damping_03,amplitude_damping,2,0,8233,dicke,True,0.0,0.12555750132709653,0.0008874884133519364,0.7488846266443167,True,253.3544386596466,0.0,32,0,256,256,9.281976012621863,0.0,9.275658339715058,data/problems/evaluation/amplitude_damping_03_r2_n14_b3.npz
evaluation_amplitude_damping_03,amplitude_damping,2,0,8233,dicke_cvar,False,0.0,0.1482220842283868,0.000775918640494954,0.7664564559947855,True,238.80770134831025,0.0045827848940842575,27,3456,256,3712,9.281976012621863,0.0,9.276455915472726,data/problems/evaluation/amplitude_damping_03_r2_n14_b3.npz
evaluation_amplitude_damping_03,amplitude_damping,2,0,8233,dicke_cvar,True,0.0,0.17554626753892322,0.0008961840971295034,0.730698931274109,True,234.34348563186126,0.0,38,0,256,256,9.281976012621863,0.0,9.275598473171675,data/problems/evaluation/amplitude_damping_03_r2_n14_b3.npz
evaluation_amplitude_damping_04,amplitude_damping,1,0,8201,baseline,False,0.029956197730480832,0.28085986323031353,0.0334719624072268,0.0,False,44.16533889324473,0.002070459697214755,24,3072,256,3328,8.986603773407323,0.1938907754376391,8.963849718046834,data/problems/evaluation/amplitude_damping_04_r1_n14_b3.npz
evaluation_amplitude_damping_04,amplitude_damping,1,0,8201,baseline,True,0.030767996263515594,0.2803837549906627,0.03540524472949077,0.0,False,44.070477911500255,0.0,18,0,256,256,8.981371032091037,0.19912351675392514,8.951334780885333,data/problems/evaluation/amplitude_damping_04_r1_n14_b3.npz
evaluation_amplitude_damping_04,amplitude_damping,1,0,8201,cvar,False,0.02168486735995473,0.3107522197154389,0.024119708890601804,0.0,False,90.43836702121439,0.000938728864672056,22,2816,256,3072,9.040138928951809,0.14035561989315326,9.024379754513456,data/problems/evaluation/amplitude_damping_04_r1_n14_b3.npz
evaluation_amplitude_damping_04,amplitude_damping,1,0,8201,cvar,True,0.024274432772683287,0.32322994520486115,0.016810674466443458,0.0,False,47.68347824785092,0.0,80,0,256,256,9.023376549269859,0.15711799957510308,9.071694215001004,data/problems/evaluation/amplitude_damping_04_r1_n14_b3.npz
evaluation_amplitude_damping_04,amplitude_damping,1,0,8201,dicke,False,0.010022297626845528,0.25717456808119504,0.0050265876353678025,0.5068700960370589,False,361.8882893756956,0.006556442998462364,21,2688,256,2944,9.115617740069792,0.06487680877516944,9.147958795842845,data/problems/evaluation/amplitude_damping_04_r1_n14_b3.npz
evaluation_amplitude_damping_04,amplitude_damping,1,0,8201,dicke,True,0.0,0.2553546185175472,0.005061585987371127,0.5067694188042091,True,363.99670694044005,0.0,20,0,256,256,9.180494548844962,0.0,9.147732363569462,data/problems/evaluation/amplitude_damping_04_r1_n14_b3.npz
evaluation_amplitude_damping_04,amplitude_damping,1,0,8201,dicke_cvar,False,0.0,0.2553539704846456,0.0050635918185736204,0.5066338575496707,True,363.99745023974015,0.0013147817992205102,21,2688,256,2944,9.180494548844962,0.0,9.147719380883085,data/problems/evaluation/amplitude_damping_04_r1_n14_b3.npz
evaluation_amplitude_damping_04,amplitude_damping,1,0,8201,dicke_cvar,True,0.0,0.2504445161949841,0.0036818845217982906,0.7011957994730929,True,286.06359226631054,0.0,80,0,256,256,9.180494548844962,0.0,9.156663633191789,data/problems/evaluation/amplitude_damping_04_r1_n14_b3.npz
evaluation_amplitude_damping_04,amplitude_damping,1,0,8219,baseline,False,0.008493414329502616,0.10526827294743232,0.004038148662455521,0.5245569259752764,False,28.630649986720805,0.0025861036062928555,29,3712,256,3968,9.12551754912323,0.05497699972173109,9.154356026744782,data/problems/evaluation/amplitude_damping_04_r1_n14_b3.npz
evaluation_amplitude_damping_04,amplitude_damping,1,0,8219,baseline,True,0.02168486735995473,0.2644067687239171,0.010082854063348473,0.43028452851876575,False,24.301040178058745,0.0,80,0,256,256,9.040138928951809,0.14035561989315326,9.115232678260389,data/problems/evaluation/amplitude_damping_04_r1_n14_b3.npz
evaluation_amplitude_damping_04,amplitude_damping,1,0,8219,cvar,False,0.0,0.13410386732013624,0.0034874433420834182,0.5893966675643592,True,34.391951038618636,4.794210524261544e-05,25,3200,256,3456,9.180494548844962,0.0,9.15792068578104,data/problems/evaluation/amplitude_damping_04_r1_n14_b3.npz
evaluation_amplitude_damping_04,amplitude_damping,1,0,8219,cvar,True,0.0,0.161315441253018,0.003742832184438054,0.5593253738444279,True,53.883200142824364,0.0,80,0,256,256,9.180494548844962,0.0,9.156267580045432,data/problems/evaluation/amplitude_damping_04_r1_n14_b3.npz
evaluation_amplitude_damping_04,amplitude_damping,1,0,8219,dicke,False,0.0,0.2610696233605731,0.007943756074871858,0.5029458379611189,True,260.03666514824965,0.03487747953091236,20,2560,256,2816,9.180494548844962,0.0,9.129078322400268,data/problems/evaluation/amplitude_damping_04_r1_n14_b3.npz
evaluation_amplitude_damping_04,amplitude_damping,1,0,8219,dicke,True,0.0,0.23857614012811384,0.006564445410845852,0.5655112712177947,True,262.3981348514894,0.0,80,0,256,256,9.180494548844962,0.0,9.138005828695647,data/problems/evaluation/amplitude_damping_04_r1_n14_b3.npz
evaluation_amplitude_damping_04,amplitude_damping,1,0,8219,dicke_cvar,False,0.008493414329502616,0.2519344048693506,0.007319360794448267,0.5717020852719843,False,248.60472075293592,0.007957758539872017,20,2560,256,2816,9.12551754912323,0.05497699972173109,9.133120949570934,data/problems/evaluation/amplitude_damping_04_r1_n14_b3.npz
evaluation_amplitude_damping_04,amplitude_damping,1,0,8219,dicke_cvar,True,0.019974696872612455,0.24894176087846298,0.003812468274407581,0.7050758804373651,False,282.0435576141104,0.0,45,0,256,256,9.051207639035228,0.12928690980973379,9.155818578106215,data/problems/evaluation/amplitude_damping_04_r1_n14_b3.npz
evaluation_amplitude_damping_04,amplitude_damping,1,0,8233,baseline,False,0.06540994450813144,0.1386949230932286,0.06099301423024909,0.0,False,13.970841841687108,0.0014078577887430832,22,2816,256,3072,8.757140010060333,0.42335453878462914,8.785730536692215,data/problems/evaluation/amplitude_damping_04_r1_n14_b3.npz
evaluation_amplitude_damping_04,amplitude_damping,1,0,8233,baseline,True,0.06540994450813144,0.134770606098699,0.0608538552260987,0.0,False,12.378212221465214,0.0,80,0,256,256,8.757140010060333,0.42335453878462914,8.786631292344017,data/problems/evaluation/amplitude_damping_04_r1_n14_b3.npz
evaluation_amplitude_damping_04,amplitude_damping,1,0,8233,cvar,False,0.07109589552393308,0.18034098072914978,0.06782596985056391,0.0,False,15.95599895398675,0.0003679770919780001,21,2688,256,2944,8.720337891226384,0.4601566576185778,8.74150115122009,data/problems/evaluation/amplitude_damping_04_r1_n14_b3.npz
evaluation_amplitude_damping_04,amplitude_damping,1,0,8233,cvar,True,0.07109589552393308,0.1580089308385528,0.06853768249100367,0.0,False,14.901608610335753,0.0,80,0,256,256,8.720337891226384,0.4601566576185778,8.736895522091562,data/problems/evaluation/amplitude_damping_04_r1_n14_b3.npz
evaluation_amplitude_damping_04,amplitude_damping,1,0,8233,dicke,False,0.013111679545263134,0.2647591928137225,0.006715547769172529,0.37343445847129997,False,339.8673533732354,0.04047062646902977,23,2944,256,3200,9.09562563008226,0.08486891876270164,9.137026324704143,data/problems/evaluation/amplitude_damping_04_r1_n14_b3.npz
evaluation_amplitude_damping_04,amplitude_damping,1,0,8233,dicke,True,0.02168486735995473,0.23848204829682718,0.0065803569666166226,0.5616220666201448,False,261.9510931854914,0.0,80,0,256,256,9.040138928951809,0.14035561989315326,9.137902779799884,data/problems/evaluation/amplitude_damping_04_r1_n14_b3.npz
evaluation_amplitude_damping_04,amplitude_damping,1,0,8233,dicke_cvar,False,0.008493414329502616,0.1388743435628829,0.0020836409648968407,0.764616146780472,False,258.83804845914506,0.017899075691837574,28,3584,256,3840,9.12551754912323,0.05497699972173109,9.167007371977729,data/problems/evaluation/amplitude_damping_04_r1_n14_b3.npz
evaluation_amplitude_damping_04,amplitude_damping,1,0,8233,dicke_cvar,True,0.0,0.24955265772309232,0.003765081279005442,0.7038913107856053,True,282.7601578376111,0.0,80,0,256,256,9.180494548844962,0.0,9.156125239382646,data/problems/evaluation/amplitude_damping_04_r1_n14_b3.npz
evaluation_amplitude_damping_04,amplitude_damping,2,0,8201,baseline,False,0.005182686372452806,0.15705244256084666,0.006639749537057942,4.5010380911314485e-06,False,42.46696041834914,0.023964403220120722,27,3456,256,3712,8.831932435935263,0.03510744676454891,8.822472915944104,data/problems/evaluation/amplitude_damping_04_r2_n14_b3.npz
evaluation_amplitude_damping_04,amplitude_damping,2,0,8201,baseline,True,0.006990427059898651,0.145501048861833,0.006781358365418785,5.2277425394930965e-05,False,35.41204330896619,0.0,42,0,256,256,8.819737129995913,0.04730275270389939,8.821455072409698,data/problems/evaluation/amplitude_damping_04_r2_n14_b3.npz
evaluation_amplitude_damping_04,amplitude_damping,2,0,8201,cvar,False,0.014346798171172378,0.17727916231082264,0.008888809160410922,3.848389283422904e-05,False,30.975719678943264,0.009970722715763214,21,2688,256,2944,8.769732856057885,0.0973070266419267,8.80712312548355,data/problems/evaluation/amplitude_damping_04_r2_n14_b3.npz
evaluation_amplitude_damping_04,amplitude_damping,2,0,8201,cvar,True,0.00016933682322947875,0.17558006469944318,0.008619650433909349,0.0033045152336051986,False,48.114387842459074,0.0,80,0,256,256,8.866190932386141,0.0008489503136708265,8.80882179435947,data/problems/evaluation/amplitude_damping_04_r2_n14_b3.npz
evaluation_amplitude_damping_04,amplitude_damping,2,0,8201,dicke,False,0.0,0.2555786740725358,0.001020773391077555,0.5244487327480403,True,340.8571373365036,0.04288541675470281,20,2560,256,2816,8.867039882699812,0.0,8.860236719546043,data/problems/evaluation/amplitude_damping_04_r2_n14_b3.npz
evaluation_amplitude_damping_04,amplitude_damping,2,0,8201,dicke,True,0.0,0.1654789525272315,0.00044060910263149196,0.6886110177651299,True,285.3824366220275,0.0,32,0,256,256,8.867039882699812,0.0,8.86411829184896,data/problems/evaluation/amplitude_damping_04_r2_n14_b3.npz
evaluation_amplitude_damping_04,amplitude_damping,2,0,8201,dicke_cvar,False,0.0031382974930962175,0.2454932676177433,0.0022977107878983157,0.13999336024526798,False,229.73469449018552,0.06473576568091932,22,2816,256,3072,8.845709106152722,0.02133077654709048,8.851483432023592,data/problems/evaluation/amplitude_damping_04_r2_n14_b3.npz
evaluation_amplitude_damping_04,amplitude_damping,2,0,8201,dicke_cvar,True,0.00016933682322947875,0.22088830766996612,0.0009263130498104869,0.5127415759636735,False,248.23489350316004,0.0,35,0,256,256,8.866190932386141,0.0008489503136708265,8.860816465706701,data/problems/evaluation/amplitude_damping_04_r2_n14_b3.npz
evaluation_amplitude_damping_04,amplitude_damping,2,0,8219,baseline,False,0.040963989229509855,0.2671881592161208,0.017249322549428788,0.13750805762628937,False,57.280972418370844,0.04429094532056066,20,2560,256,2816,8.588745846105821,0.27829403659399077,8.749485077588645,data/problems/evaluation/amplitude_damping_04_r2_n14_b3.npz
evaluation_amplitude_damping_04,amplitude_damping,2,0,8219,baseline,True,0.012833120493874329,0.25762902142121263,0.009769391724915984,0.12013995829178137,False,22.821425633980265,0.0,72,0,256,256,8.779935773334225,0.08710410936558688,8.800517062474531,data/problems/evaluation/amplitude_damping_04_r2_n14_b3.npz
evaluation_amplitude_damping_04,amplitude_damping,2,0,8219,cvar,False,0.0031382974930962175,0.2784831140929097,0.008279292591648798,0.027422419232222772,False,61.45917257803572,0.00915545742012469,20,2560,256,2816,8.845709106152722,0.02133077654709048,8.810615464759925,data/problems/evaluation/amplitude_damping_04_r2_n14_b3.npz
evaluation_amplitude_damping_04,amplitude_damping,2,0,8219,cvar,True,0.026796593890024995,0.2583748287450903,0.009846496117565832,0.16668966155949472,False,24.934553124646495,0.0,78,0,256,256,8.68492947323903,0.1821104094607815,8.79997239583211,data/problems/evaluation/amplitude_damping_04_r2_n14_b3.npz
evaluation_amplitude_damping_04,amplitude_damping,2,0,8219,dicke,False,0.0031382974930962175,0.24269315943907377,0.001511627755292456,0.32176061232339737,False,283.1876663045714,0.012071045637715772,23,2944,256,3200,8.845709106152722,0.02133077654709048,8.856861052254544,data/problems/evaluation/amplitude_damping_04_r2_n14_b3.npz
evaluation_amplitude_damping_04,amplitude_damping,2,0,8219,dicke,True,0.0,0.16547892414224072,0.0004406242946074232,0.6886007633247448,True,285.38196735389056,0.0,32,0,256,256,8.867039882699812,0.0,8.864118190815836,data/problems/evaluation/amplitude_damping_04_r2_n14_b3.npz
evaluation_amplitude_damping_04,amplitude_damping,2,0,8219,dicke_cvar,False,0.0,0.33299616652655367,0.0023893157891434085,0.34939427475690554,True,256.24217915420104,0.1995303023378145,20,2560,256,2816,8.867039882699812,0.0,8.850997880854589,data/problems/evaluation/amplitude_damping_04_r2_n14_b3.npz
evaluation_amplitude_damping_04,amplitude_damping,2,0,8219,dicke_cvar,True,0.00016933682322947875,0.22126002567510764,0.0009329117496936753,0.5106939694665225,False,248.05873240477536,0.0,30,0,256,256,8.866190932386141,0.0008489503136708265,8.86077160238402,data/problems/evaluation/amplitude_damping_04_r2_n14_b3.npz
evaluation_amplitude_damping_04,amplitude_damping,2,0,8233,baseline,False,0.0,0.26544120771312574,3.482231546610226e-05,0.898871165746965,True,87.86570416735117,0.004817524788649941,22,2816,256,3072,8.867039882699812,0.0,8.866833636364774,data/problems/evaluation/amplitude_damping_04_r2_n14_b3.npz
evaluation_amplitude_damping_04,amplitude_damping,2,0,8233,baseline,True,0.0,0.25897236614489333,1.8984813116995908e-05,0.9392945632672409,True,85.33555423409051,0.0,42,0,256,256,8.867039882699812,0.0,8.866929012963412,data/problems/evaluation/amplitude_damping_04_r2_n14_b3.npz
evaluation_amplitude_damping_04,amplitude_damping,2,0,8233,cvar,False,0.0,0.26581560202413723,3.617217026132079e-05,0.8722404821423676,True,105.81282952706472,0.0408063431612512,23,2944,256,3200,8.867039882699812,0.0,8.866832378932237,data/problems/evaluation/amplitude_damping_04_r2_n14_b3.npz
evaluation_amplitude_damping_04,amplitude_damping,2,0,8233,cvar,True,0.0,0.2617010671701213,1.562603224014825e-05,0.959473644609492,True,45.50941069202853,0.0,39,0,256,256,8.867039882699812,0.0,8.86694573591788,data/problems/evaluation/amplitude_damping_04_r2_n14_b3.npz
evaluation_amplitude_damping_04,amplitude_damping,2,0,8233,dicke,False,0.0031382974930962175,0.25708986331261224,0.001949781028316406,0.3929839860100185,False,276.6297119974409,0.11393187239723201,25,3200,256,3456,8.845709106152722,0.02133077654709048,8.853980125882682,data/problems/evaluation/amplitude_damping_04_r2_n14_b3.npz
evaluation_amplitude_damping_04,amplitude_damping,2,0,8233,dicke,True,0.00345057584511563,0.24339105499580824,0.0008352737967215092,0.5884784591013024,False,331.75902669894293,0.0,22,0,256,256,8.844127151021969,0.022912731677843468,8.861458687351437,data/problems/evaluation/amplitude_damping_04_r2_n14_b3.npz
evaluation_amplitude_damping_04,amplitude_damping,2,0,8233,dicke_cvar,False,0.00016933682322947875,0.2443321700462908,0.0009310144350324089,0.5383751138688714,False,360.6713038126367,0.09537197699477318,19,2432,256,2688,8.866190932386141,0.0008489503136708265,8.860827791221352,data/problems/evaluation/amplitude_damping_04_r2_n14_b3.npz
evaluation_amplitude_damping_04,amplitude_damping,2,0,8233,dicke_cvar,True,0.0,0.22134059532202446,0.0009343559286056488,0.5102463637566738,True,248.02031187134173,0.0,50,0,256,256,8.867039882699812,0.0,8.860761783501692,data/problems/evaluation/amplitude_damping_04_r2_n14_b3.npz
evaluation_coherent_rotation_00,coherent_rotation,1,0,8201,baseline,False,0.03148357801847627,0.28981467537376976,0.032997002556508004,0.0,False,67.98468579626379,0.003396895301167824,23,2944,256,3200,9.67682667843344,0.18183002403304904,9.677148762024538,data/problems/evaluation/coherent_rotation_00_r1_n14_b3.npz
evaluation_coherent_rotation_00,coherent_rotation,1,0,8201,baseline,True,0.03148357801847627,0.2788316770380095,0.032162992448103375,0.0,False,53.22101162497338,0.0,80,0,256,256,9.67682667843344,0.18183002403304904,9.680079070016113,data/problems/evaluation/coherent_rotation_00_r1_n14_b3.npz
evaluation_coherent_rotation_00,coherent_rotation,1,0,8201,cvar,False,0.06158624305332263,0.2690316411914118,0.060874119870575276,0.0,False,43.53302078951655,0.008347657367416161,29,3712,256,3968,9.560202990932682,0.2984537115338064,9.563583954233644,data/problems/evaluation/coherent_rotation_00_r1_n14_b3.npz
evaluation_coherent_rotation_00,coherent_rotation,1,0,8201,cvar,True,0.06511713253355891,0.33607117542895454,0.06129538878104694,0.0,False,29.45917188802547,0.0,30,0,256,256,9.543194854815868,0.3154618476506208,9.561401525696635,data/problems/evaluation/coherent_rotation_00_r1_n14_b3.npz
evaluation_coherent_rotation_00,coherent_rotation,1,0,8201,dicke,False,0.05072876047680338,0.3147335746863795,0.030726862162043327,0.1709305344440052,False,254.5372680182671,0.018747757403448695,19,2432,256,2688,9.611161777240143,0.24749492522634498,9.703964669323039,data/problems/evaluation/coherent_rotation_00_r1_n14_b3.npz
evaluation_coherent_rotation_00,coherent_rotation,1,0,8201,dicke,True,0.02571609314994816,0.22787650267608583,0.007636317319329065,0.7250720323762547,False,271.2595675213701,0.0,80,0,256,256,9.734302887556463,0.12435381491002495,9.82044806439744,data/problems/evaluation/coherent_rotation_00_r1_n14_b3.npz
evaluation_coherent_rotation_00,coherent_rotation,1,0,8201,dicke_cvar,False,0.02571609314994816,0.3160468128912084,0.01456712391598584,0.5022699223654837,False,357.993109285318,0.02605053443063632,20,2560,256,2816,9.734302887556463,0.12435381491002495,9.785498327927996,data/problems/evaluation/coherent_rotation_00_r1_n14_b3.npz
evaluation_coherent_rotation_00,coherent_rotation,1,0,8201,dicke_cvar,True,0.030447196533844444,0.32133943590716235,0.025244653385384862,0.23166135540731791,False,250.4070300997882,0.0,80,0,256,256,9.701886202123838,0.15677050034265072,9.72830707982708,data/problems/evaluation/coherent_rotation_00_r1_n14_b3.npz
evaluation_coherent_rotation_00,coherent_rotation,1,0,8219,baseline,False,0.06511713253355891,0.30129018614149283,0.07395783402056857,0.0,False,24.689920435458394,0.053231598630691934,20,2560,256,2816,9.543194854815868,0.3154618476506208,9.500470938189766,data/problems/evaluation/coherent_rotation_00_r1_n14_b3.npz
evaluation_coherent_rotation_00,coherent_rotation,1,0,8219,baseline,True,0.09594733509089232,0.2142639041864729,0.09463588420762627,0.0,False,20.877990154798542,0.0,80,0,256,256,9.394201590049327,0.464455112417161,9.400439962259876,data/problems/evaluation/coherent_rotation_00_r1_n14_b3.npz
evaluation_coherent_rotation_00,coherent_rotation,1,0,8219,cvar,False,0.08537365900425209,0.2896702434267992,0.06951068498876822,0.0,False,57.138646969682405,0.029961086956388883,19,2432,256,2688,9.445248735898373,0.4134079665681156,9.521933752443712,data/problems/evaluation/coherent_rotation_00_r1_n14_b3.npz
evaluation_coherent_rotation_00,coherent_rotation,1,0,8219,cvar,True,0.08306816311281796,0.2641324410094577,0.07734034561911546,0.0,False,40.15811087870931,0.0,28,0,256,256,9.456548158206665,0.4021085442598231,9.484119936600212,data/problems/evaluation/coherent_rotation_00_r1_n14_b3.npz
evaluation_coherent_rotation_00,coherent_rotation,1,0,8219,dicke,False,0.0,0.25043742225231763,0.008244002246293031,0.7081178391259049,True,275.4953045009604,0.0457077629589655,20,2560,256,2816,9.858656702466488,0.0,9.817410259860864,data/problems/evaluation/coherent_rotation_00_r1_n14_b3.npz
evaluation_coherent_rotation_00,coherent_rotation,1,0,8219,dicke,True,0.02571609314994816,0.2276981705496747,0.007438028885659729,0.7317754627386457,False,269.48353066841787,0.0,80,0,256,256,9.734302887556463,0.12435381491002495,9.821463671429054,data/problems/evaluation/coherent_rotation_00_r1_n14_b3.npz
evaluation_coherent_rotation_00,coherent_rotation,1,0,8219,dicke_cvar,False,0.0,0.3144851646822154,0.016047730788861653,0.4728108169410986,True,351.5088310271368,0.02765788709174366,21,2688,256,2944,9.858656702466488,0.0,9.777268207880422,data/problems/evaluation/coherent_rotation_00_r1_n14_b3.npz
evaluation_coherent_rotation_00,coherent_rotation,1,0,8219,dicke_cvar,True,0.02571609314994816,0.23935550018862967,0.005160601683418491,0.8109260567035115,False,257.2109277558499,0.0,80,0,256,256,9.734302887556463,0.12435381491002495,9.833041195149713,data/problems/evaluation/coherent_rotation_00_r1_n14_b3.npz
evaluation_coherent_rotation_00,coherent_rotation,1,0,8233,baseline,False,0.06511713253355891,0.20326398131019846,0.09316910735834263,0.0,False,14.15708903575447,0.013486354866269146,19,2432,256,2688,9.543194854815868,0.3154618476506208,9.40642456200874,data/problems/evaluation/coherent_rotation_00_r1_n14_b3.npz
evaluation_coherent_rotation_00,coherent_rotation,1,0,8233,baseline,True,0.11660728134892946,0.1957868423251226,0.09492188109926351,0.0,False,14.045085136887577,0.0,80,0,256,256,9.292015839554107,0.5666408629123811,9.397921145853484,data/problems/evaluation/coherent_rotation_00_r1_n14_b3.npz
evaluation_coherent_rotation_00,coherent_rotation,1,0,8233,cvar,False,0.06158624305332263,0.21633262134005132,0.0954595059769287,0.0,False,24.929343665376802,0.0017746571559866808,19,2432,256,2688,9.560202990932682,0.2984537115338064,9.39577664877146,data/problems/evaluation/coherent_rotation_00_r1_n14_b3.npz
evaluation_coherent_rotation_00,coherent_rotation,1,0,8233,cvar,True,0.09594733509089232,0.2935819432526701,0.0879560816218121,0.0,False,39.81150274647564,0.0,24,0,256,256,9.394201590049327,0.464455112417161,9.432618473205872,data/problems/evaluation/coherent_rotation_00_r1_n14_b3.npz
evaluation_coherent_rotation_00,coherent_rotation,1,0,8233,dicke,False,0.0,0.31303965280617124,0.020206845903932083,0.3717024245003797,True,310.36412893560794,0.0031547277740742175,19,2432,256,2688,9.858656702466488,0.0,9.755460338582637,data/problems/evaluation/coherent_rotation_00_r1_n14_b3.npz
evaluation_coherent_rotation_00,coherent_rotation,1,0,8233,dicke,True,0.02571609314994816,0.30975998865838905,0.026188087634911626,0.2644805504955309,False,276.53741187904353,0.0,65,0,256,256,9.734302887556463,0.12435381491002495,9.727542838940728,data/problems/evaluation/coherent_rotation_00_r1_n14_b3.npz
evaluation_coherent_rotation_00,coherent_rotation,1,0,8233,dicke_cvar,False,0.0,0.31296214459092264,0.020422715675432985,0.3664271593273364,True,308.90055407065313,0.01781099413356113,19,2432,256,2688,9.858656702466488,0.0,9.754341957210961,data/problems/evaluation/coherent_rotation_00_r1_n14_b3.npz
evaluation_coherent_rotation_00,coherent_rotation,1,0,8233,dicke_cvar,True,0.0,0.3206821668392843,0.011604246352458634,0.6226963406162747,True,256.0530818584703,0.0,80,0,256,256,9.858656702466488,0.0,9.798980654637507,data/problems/evaluation/coherent_rotation_00_r1_n14_b3.npz
evaluation_coherent_rotation_00,coherent_rotation,2,0,8201,baseline,False,0.0,0.11105245496193263,3.887916661116166e-39,1.0,True,21.20303903439248,0.006236338489022497,19,2432,256,2688,9.819044410682759,0.0,9.819044410682759,data/problems/evaluation/coherent_rotation_00_r2_n14_b3.npz
evaluation_coherent_rotation_00,coherent_rotation,2,0,8201,baseline,True,0.0,0.09949710410184445,1.4899987467925675e-43,1.0,True,18.343997243695064,0.0,80,0,256,256,9.819044410682759,0.0,9.819044410682759,data/problems/evaluation/coherent_rotation_00_r2_n14_b3.npz
evaluation_coherent_rotation_00,coherent_rotation,2,0,8201,cvar,False,0.0,0.10641441787131985,1.93038435140806e-39,1.0,True,19.90646540130723,0.0,9,1152,256,1408,9.819044410682759,0.0,9.819044410682759,data/problems/evaluation/coherent_rotation_00_r2_n14_b3.npz
evaluation_coherent_rotation_00,coherent_rotation,2,0,8201,cvar,True,0.0,0.10641441787131985,1.93038435140806e-39,1.0,True,19.90646540130723,0.0,8,0,256,256,9.819044410682759,0.0,9.819044410682759,data/problems/evaluation/coherent_rotation_00_r2_n14_b3.npz
evaluation_coherent_rotation_00,coherent_rotation,2,0,8201,dicke,False,0.0,0.23969451240500095,0.0004602851033970418,0.9090868056034993,True,259.75052842747624,0.0037223816271452215,22,2816,256,3072,9.819044410682759,0.0,9.81553414320871,data/problems/evaluation/coherent_rotation_00_r2_n14_b3.npz
evaluation_coherent_rotation_00,coherent_rotation,2,0,8201,dicke,True,0.0,0.23566875549862595,0.00022435378743223706,0.9490113671591429,True,243.01791142860688,0.0,72,0,256,256,9.819044410682759,0.0,9.817457292501315,data/problems/evaluation/coherent_rotation_00_r2_n14_b3.npz
evaluation_coherent_rotation_00,coherent_rotation,2,0,8201,dicke_cvar,False,0.0,0.3189719582603224,0.0033807770952982963,0.7515562725586016,True,333.02999174279756,0.09836977100384692,21,2688,256,2944,9.819044410682759,0.0,9.78030917356128,data/problems/evaluation/coherent_rotation_00_r2_n14_b3.npz
evaluation_coherent_rotation_00,coherent_rotation,2,0,8201,dicke_cvar,True,0.0,0.25313591901214594,4.25174797023337e-05,0.9890471958204143,True,227.92992812144152,0.0,80,0,256,256,9.819044410682759,0.0,9.818761273910386,data/problems/evaluation/coherent_rotation_00_r2_n14_b3.npz
evaluation_coherent_rotation_00,coherent_rotation,2,0,8219,baseline,False,0.13401649278288164,0.35621054954344267,0.11096426008623876,0.0,False,55.754127697922655,0.006640558601211932,20,2560,256,2816,8.944126813477473,0.8749175972052861,9.078632561916429,data/problems/evaluation/coherent_rotation_00_r2_n14_b3.npz
evaluation_coherent_rotation_00,coherent_rotation,2,0,8219,baseline,True,0.13401649278288164,0.3537667165844193,0.09900806049977481,0.0,False,41.032846866308105,0.0,80,0,256,256,8.944126813477473,0.8749175972052861,9.146694635951837,data/problems/evaluation/coherent_rotation_00_r2_n14_b3.npz
evaluation_coherent_rotation_00,coherent_rotation,2,0,8219,cvar,False,0.13401649278288164,0.3556081314150607,0.11160464387886872,0.0,False,42.231948959098354,0.041590588046998,23,2944,256,3200,8.944126813477473,0.8749175972052861,9.074579642736609,data/problems/evaluation/coherent_rotation_00_r2_n14_b3.npz
evaluation_coherent_rotation_00,coherent_rotation,2,0,8219,cvar,True,0.09291737722383624,0.3643649222348845,0.08835215361595328,0.0,False,32.358295951712044,0.0,80,0,256,256,9.154566329646961,0.6644780810357975,9.200059842780455,data/problems/evaluation/coherent_rotation_00_r2_n14_b3.npz
evaluation_coherent_rotation_00,coherent_rotation,2,0,8219,dicke,False,0.0,0.2428320202596158,0.00043976847825807496,0.9123799418423033,True,261.2552071391651,0.0016800253475657279,22,2816,256,3072,9.819044410682759,0.0,9.815741412462147,data/problems/evaluation/coherent_rotation_00_r2_n14_b3.npz
evaluation_coherent_rotation_00,coherent_rotation,2,0,8219,dicke,True,0.0,0.23567171796471492,0.00021692640397790887,0.950402340227936,True,242.40176564182462,0.0,54,0,256,256,9.819044410682759,0.0,9.817514523836808,data/problems/evaluation/coherent_rotation_00_r2_n14_b3.npz
evaluation_coherent_rotation_00,coherent_rotation,2,0,8219,dicke_cvar,False,0.0,0.23747713742326856,0.0002836264009030407,0.937708929703635,True,247.59238939380947,0.026207228850787745,23,2944,256,3200,9.819044410682759,0.0,9.816973017133378,data/problems/evaluation/coherent_rotation_00_r2_n14_b3.npz
evaluation_coherent_rotation_00,coherent_rotation,2,0,8219,dicke_cvar,True,0.0,0.2531874495243417,4.2591265932611645e-05,0.989007119027051,True,227.9191718599725,0.0,80,0,256,256,9.819044410682759,0.0,9.818761437286481,data/problems/evaluation/coherent_rotation_00_r2_n14_b3.npz
evaluation_coherent_rotation_00,coherent_rotation,2,0,8233,baseline,False,0.18821903012517724,0.35915086358716614,0.20613259585866825,0.0,False,39.57864687273755,0.018092063680605452,18,2304,256,2560,8.60713088608794,1.2119135245948183,8.485721484210137,data/problems/evaluation/coherent_rotation_00_r2_n14_b3.npz
evaluation_coherent_rotation_00,coherent_rotation,2,0,8233,baseline,True,0.18821903012517724,0.3544910222100341,0.213773191464796,0.0,False,18.97399873090134,0.0,56,0,256,256,8.60713088608794,1.2119135245948183,8.433007897527123,data/problems/evaluation/coherent_rotation_00_r2_n14_b3.npz
evaluation_coherent_rotation_00,coherent_rotation,2,0,8233,cvar,False,0.22356687310355594,0.362190254238962,0.20635230589097092,0.0,False,40.669168234547804,0.006202710971066505,19,2432,256,2688,8.369238561273288,1.4498058494094703,8.484241607397825,data/problems/evaluation/coherent_rotation_00_r2_n14_b3.npz
evaluation_coherent_rotation_00,coherent_rotation,2,0,8233,cvar,True,0.18821903012517724,0.3594194667441823,0.2060352450920394,0.0,False,40.24176344890003,0.0,18,0,256,256,8.60713088608794,1.2119135245948183,8.486430001265036,data/problems/evaluation/coherent_rotation_00_r2_n14_b3.npz
evaluation_coherent_rotation_00,coherent_rotation,2,0,8233,dicke,False,0.0034605971181164677,0.29632881048947624,0.000997780328041359,0.8437356334327649,False,289.1279694270967,0.0382731751175287,20,2560,256,2816,9.799786966171881,0.01925744451087752,9.811143809039466,data/problems/evaluation/coherent_rotation_00_r2_n14_b3.npz
evaluation_coherent_rotation_00,coherent_rotation,2,0,8233,dicke,True,0.0,0.23568398745391975,0.0002254062789834278,0.9488299553880124,True,243.1351920584619,0.0,80,0,256,256,9.819044410682759,0.0,9.817449347764974,data/problems/evaluation/coherent_rotation_00_r2_n14_b3.npz
evaluation_coherent_rotation_00,coherent_rotation,2,0,8233,dicke_cvar,False,0.0,0.28669625230350515,0.0005352766136513872,0.9062564931474879,True,273.90987755197176,0.0035853370914638028,21,2688,256,2944,9.819044410682759,0.0,9.814810917818521,data/problems/evaluation/coherent_rotation_00_r2_n14_b3.npz
evaluation_coherent_rotation_00,coherent_rotation,2,0,8233,dicke_cvar,True,0.0,0.25300119010721317,4.263735682898346e-05,0.9890306691732844,True,227.96961679370932,0.0,80,0,256,256,9.819044410682759,0.0,9.818760105744458,data/problems/evaluation/coherent_rotation_00_r2_n14_b3.npz
evaluation_coherent_rotation_01,coherent_rotation,1,0,8201,baseline,False,0.08540461501214604,0.36938225298193667,0.08843324582453856,0.0,False,40.28498728259897,0.01081536652427495,21,2688,256,2944,10.106071102650112,0.37167068706280304,10.092606920281755,data/problems/evaluation/coherent_rotation_01_r1_n14_b3.npz
evaluation_coherent_rotation_01,coherent_rotation,1,0,8201,baseline,True,0.09105520050780039,0.3172037376530648,0.11089144132460595,0.0,False,41.861875495006586,0.0,25,0,256,256,10.079229720864001,0.3985120688489143,9.990551260844645,data/problems/evaluation/coherent_rotation_01_r1_n14_b3.npz
evaluation_coherent_rotation_01,coherent_rotation,1,0,8201,cvar,False,0.08540461501214604,0.36950729015700395,0.08806527966983649,0.0,False,38.61553334172416,0.005598053132325198,20,2560,256,2816,10.106071102650112,0.37167068706280304,10.094249294317823,data/problems/evaluation/coherent_rotation_01_r1_n14_b3.npz
evaluation_coherent_rotation_01,coherent_rotation,1,0,8201,cvar,True,0.11864554404702839,0.36846351743334527,0.09268930897071029,0.0,False,55.52952395149223,0.0,28,0,256,256,9.961044959221175,0.5166968304917408,10.0737339997108,data/problems/evaluation/coherent_rotation_01_r1_n14_b3.npz
evaluation_coherent_rotation_01,coherent_rotation,1,0,8201,dicke,False,0.0,0.2837556877907946,0.002228980449365767,0.727481463562806,True,280.5358171802365,0.025911035450707054,19,2432,256,2688,10.474443921484768,0.0032978682281470384,10.466688312126157,data/problems/evaluation/coherent_rotation_01_r1_n14_b3.npz
evaluation_coherent_rotation_01,coherent_rotation,1,0,8201,dicke,True,0.0,0.26621201397290867,0.0052899665212163905,0.5088260750349176,True,363.9650746001492,0.0,23,0,256,256,10.474443921484768,0.0032978682281470384,10.454805883024891,data/problems/evaluation/coherent_rotation_01_r1_n14_b3.npz
evaluation_coherent_rotation_01,coherent_rotation,1,0,8201,dicke_cvar,False,0.03167917338974317,0.2758905309844429,0.00535386138899728,0.5188987669799765,False,334.17904791843836,0.0202908379634561,22,2816,256,3072,10.342809778041689,0.1349320116712267,10.454265257078864,data/problems/evaluation/coherent_rotation_01_r1_n14_b3.npz
evaluation_coherent_rotation_01,coherent_rotation,1,0,8201,dicke_cvar,True,0.0,0.24900955518096304,0.00033109627717520327,0.898191111988407,True,244.12179120816336,0.0,80,0,256,256,10.474443921484768,0.0032978682281470384,10.473795969117456,data/problems/evaluation/coherent_rotation_01_r1_n14_b3.npz
evaluation_coherent_rotation_01,coherent_rotation,1,0,8219,baseline,False,0.0,0.14919650911068882,0.0039977120999172494,0.787327757724009,True,11.454319318217442,0.006651732765103446,23,2944,256,3200,10.474443921484768,0.0032978682281470384,10.458438687787806,data/problems/evaluation/coherent_rotation_01_r1_n14_b3.npz
evaluation_coherent_rotation_01,coherent_rotation,1,0,8219,baseline,True,0.0,0.14558186077734475,0.002270467794886679,0.8287697807551335,True,10.712070153665909,0.0,24,0,256,256,10.474443921484768,0.0032978682281470384,10.46575515126,data/problems/evaluation/coherent_rotation_01_r1_n14_b3.npz
evaluation_coherent_rotation_01,coherent_rotation,1,0,8219,cvar,False,0.0010575413688012506,0.20864701803772048,0.001818027783442843,0.7571227645015912,False,48.16088059083635,0.0030322423133215537,21,2688,256,2944,10.477741789712915,0.0,10.468359542145317,data/problems/evaluation/coherent_rotation_01_r1_n14_b3.npz
evaluation_coherent_rotation_01,coherent_rotation,1,0,8219,cvar,True,0.0,0.18098227007061052,0.000845593442788504,0.8251391169029303,True,40.07758465286269,0.0,80,0,256,256,10.474443921484768,0.0032978682281470384,10.472108905672252,data/problems/evaluation/coherent_rotation_01_r1_n14_b3.npz
evaluation_coherent_rotation_01,coherent_rotation,1,0,8219,dicke,False,0.0,0.20715827712389082,0.001473630249016628,0.7807633333013204,True,315.073481677213,0.0026293742969105693,28,3584,256,3840,10.474443921484768,0.0032978682281470384,10.46966257278334,data/problems/evaluation/coherent_rotation_01_r1_n14_b3.npz
evaluation_coherent_rotation_01,coherent_rotation,1,0,8219,dicke,True,0.0,0.206060954701619,0.0012294211649784862,0.80698895354653,True,308.4421419923723,0.0,24,0,256,256,10.474443921484768,0.0032978682281470384,10.470539826282268,data/problems/evaluation/coherent_rotation_01_r1_n14_b3.npz
evaluation_coherent_rotation_01,coherent_rotation,1,0,8219,dicke_cvar,False,0.0,0.28378347652710256,0.0013045195215748695,0.8162378689752445,True,257.07011652412837,0.021785080924716205,18,2304,256,2560,10.474443921484768,0.0032978682281470384,10.470157982536678,data/problems/evaluation/coherent_rotation_01_r1_n14_b3.npz
evaluation_coherent_rotation_01,coherent_rotation,1,0,8219,dicke_cvar,True,0.0,0.2404357039395192,0.0003712396876328143,0.8944534771391767,True,253.4749097747182,0.0,80,0,256,256,10.474443921484768,0.0032978682281470384,10.473648241713917,data/problems/evaluation/coherent_rotation_01_r1_n14_b3.npz
evaluation_coherent_rotation_01,coherent_rotation,1,0,8233,baseline,False,0.04860601864841409,0.21265286915193277,0.03330105965283263,0.13012002778680176,False,60.452886089615326,0.002500667863928996,19,2432,256,2688,10.269255180725386,0.20848660898752946,10.334701389301033,data/problems/evaluation/coherent_rotation_01_r1_n14_b3.npz
evaluation_coherent_rotation_01,coherent_rotation,1,0,8233,baseline,True,0.0,0.1815693173553615,0.02621911691976403,0.1453646976997337,True,35.67260672535919,0.0,80,0,256,256,10.474443921484768,0.0032978682281470384,10.365771480156138,data/problems/evaluation/coherent_rotation_01_r1_n14_b3.npz
evaluation_coherent_rotation_01,coherent_rotation,1,0,8233,cvar,False,0.04860601864841409,0.2146116867461681,0.033008616931046675,0.13031171197789693,False,61.4477571906815,0.004195921911291478,19,2432,256,2688,10.269255180725386,0.20848660898752946,10.335984365859852,data/problems/evaluation/coherent_rotation_01_r1_n14_b3.npz
evaluation_coherent_rotation_01,coherent_rotation,1,0,8233,cvar,True,0.0010575413688012506,0.18416491335233415,0.02045491014916024,0.1479639352344535,False,32.076259191122304,0.0,52,0,256,256,10.477741789712915,0.0,10.391121398712915,data/problems/evaluation/coherent_rotation_01_r1_n14_b3.npz
evaluation_coherent_rotation_01,coherent_rotation,1,0,8233,dicke,False,0.0,0.21143996683876878,0.0015905271310014352,0.8125662899712023,True,312.2253770544788,0.009935123905156829,21,2688,256,2944,10.474443921484768,0.0032978682281470384,10.468890289509678,data/problems/evaluation/coherent_rotation_01_r1_n14_b3.npz
evaluation_coherent_rotation_01,coherent_rotation,1,0,8233,dicke,True,0.0,0.2062987399842711,0.0013475736000636742,0.8008210232350388,True,310.85384330411375,0.0,61,0,256,256,10.474443921484768,0.0032978682281470384,10.470063726431619,data/problems/evaluation/coherent_rotation_01_r1_n14_b3.npz
evaluation_coherent_rotation_01,coherent_rotation,1,0,8233,dicke_cvar,False,0.0,0.28084623805348635,0.0016964168802267895,0.761879816674492,True,284.1404255758762,0.02373195538187911,22,2816,256,3072,10.474443921484768,0.0032978682281470384,10.468843230401786,data/problems/evaluation/coherent_rotation_01_r1_n14_b3.npz
evaluation_coherent_rotation_01,coherent_rotation,1,0,8233,dicke_cvar,True,0.0,0.2391651592705579,0.00037724296429138493,0.8923711570968131,True,254.58332150060656,0.0,80,0,256,256,10.474443921484768,0.0032978682281470384,10.473638257391228,data/problems/evaluation/coherent_rotation_01_r1_n14_b3.npz
evaluation_coherent_rotation_01,coherent_rotation,2,0,8201,baseline,False,0.11161484675706593,0.28493079770704505,0.038870997151716366,0.4849880100693934,False,62.970478626068086,0.05505541848507578,24,3072,256,3328,9.343337292002667,0.6163225078668546,9.751150656846502,data/problems/evaluation/coherent_rotation_01_r2_n14_b3.npz
evaluation_coherent_rotation_01,coherent_rotation,2,0,8201,baseline,True,0.08259544296946301,0.2648325871850849,0.03557571315074918,0.10191451200685653,False,50.39236023354087,0.0,80,0,256,256,9.51640650531238,0.4432532945571417,9.761829068338425,data/problems/evaluation/coherent_rotation_01_r2_n14_b3.npz
evaluation_coherent_rotation_01,coherent_rotation,2,0,8201,cvar,False,0.0,0.31313919901506376,1.9271791038709117e-05,0.9990389748731224,True,44.62310422266909,0.05657928451565786,21,2688,256,2944,9.959659799869522,0.0,9.959550764157608,data/problems/evaluation/coherent_rotation_01_r2_n14_b3.npz
evaluation_coherent_rotation_01,coherent_rotation,2,0,8201,cvar,True,0.0,0.30125310733716926,3.970754017557467e-11,0.9999999973711486,True,26.454233615987704,0.0,43,0,256,256,9.959659799869522,0.0,9.959659799618695,data/problems/evaluation/coherent_rotation_01_r2_n14_b3.npz
evaluation_coherent_rotation_01,coherent_rotation,2,0,8201,dicke,False,0.010121827401776357,0.2859423266628428,0.00406763542955271,0.6039973105696994,False,245.00775501440503,0.0343603382183173,22,2816,256,3072,9.886522721291662,0.07313707857785978,9.93041505274562,data/problems/evaluation/coherent_rotation_01_r2_n14_b3.npz
evaluation_coherent_rotation_01,coherent_rotation,2,0,8201,dicke,True,0.0,0.2584495226273504,0.0018923802329999897,0.8251282545943981,True,239.36136842258657,0.0,60,0,256,256,9.959659799869522,0.0,9.946314320174626,data/problems/evaluation/coherent_rotation_01_r2_n14_b3.npz
evaluation_coherent_rotation_01,coherent_rotation,2,0,8201,dicke_cvar,False,0.0,0.25955636623418615,0.0018848591929264713,0.8297707743622947,True,240.98598385014495,0.04336078430408685,27,3456,256,3712,9.959659799869522,0.0,9.946483236596954,data/problems/evaluation/coherent_rotation_01_r2_n14_b3.npz
evaluation_coherent_rotation_01,coherent_rotation,2,0,8201,dicke_cvar,True,0.010121827401776357,0.276105991386038,0.004621420118126589,0.5502639578266715,False,210.66104020025446,0.0,42,0,256,256,9.886522721291662,0.07313707857785978,9.926430463481243,data/problems/evaluation/coherent_rotation_01_r2_n14_b3.npz
evaluation_coherent_rotation_01,coherent_rotation,2,0,8219,baseline,False,0.0,0.24849381735865866,0.03483422758507214,0.3773349684373887,True,25.78488820707049,0.003964250638186506,23,2944,256,3200,9.959659799869522,0.0,9.765322759649932,data/problems/evaluation/coherent_rotation_01_r2_n14_b3.npz
evaluation_coherent_rotation_01,coherent_rotation,2,0,8219,baseline,True,0.0,0.241766901463424,0.03293744976140149,0.3379528243769667,True,20.79886558706805,0.0,60,0,256,256,9.959659799869522,0.0,9.776603656440816,data/problems/evaluation/coherent_rotation_01_r2_n14_b3.npz
evaluation_coherent_rotation_01,coherent_rotation,2,0,8219,cvar,False,0.08259544296946301,0.2923986089199912,0.05427347235952733,0.08147412555788358,False,52.22523800214105,0.09460078055744958,21,2688,256,2944,9.51640650531238,0.4432532945571417,9.656656630033101,data/problems/evaluation/coherent_rotation_01_r2_n14_b3.npz
evaluation_coherent_rotation_01,coherent_rotation,2,0,8219,cvar,True,0.0251853157656209,0.24244213366817205,0.03388060613264163,0.3056428621967807,False,21.382925920509123,0.0,59,0,256,256,9.81233109336848,0.14732870650104246,9.771243785140184,data/problems/evaluation/coherent_rotation_01_r2_n14_b3.npz
evaluation_coherent_rotation_01,coherent_rotation,2,0,8219,dicke,False,0.010121827401776357,0.25919051236955803,0.002013059614537124,0.8105388713532017,False,236.12074763041448,0.0016931846706187414,25,3200,256,3456,9.886522721291662,0.07313707857785978,9.94536332495823,data/problems/evaluation/coherent_rotation_01_r2_n14_b3.npz
evaluation_coherent_rotation_01,coherent_rotation,2,0,8219,dicke,True,0.010121827401776357,0.25844374617415794,0.0018878905406111814,0.8258285112616156,False,239.5190576009697,0.0,73,0,256,256,9.886522721291662,0.07313707857785978,9.9463543258916,data/problems/evaluation/coherent_rotation_01_r2_n14_b3.npz
evaluation_coherent_rotation_01,coherent_rotation,2,0,8219,dicke_cvar,False,0.010121827401776357,0.30184502723165474,0.00558641308745283,0.45643536175099775,False,251.90524455184985,0.0060748110988426696,19,2432,256,2688,9.886522721291662,0.07313707857785978,9.919502816434834,data/problems/evaluation/coherent_rotation_01_r2_n14_b3.npz
evaluation_coherent_rotation_01,coherent_rotation,2,0,8219,dicke_cvar,True,0.010121827401776357,0.27592415584273083,0.004653867878549075,0.5467544621969094,False,211.49541233648876,0.0,80,0,256,256,9.886522721291662,0.07313707857785978,9.926188747945474,data/problems/evaluation/coherent_rotation_01_r2_n14_b3.npz
evaluation_coherent_rotation_01,coherent_rotation,2,0,8233,baseline,False,0.08259544296946301,0.41730071516461775,0.06198632431186671,0.19797591205870735,False,72.26909742304413,0.2000941993145373,19,2432,256,2688,9.51640650531238,0.4432532945571417,9.626128689453772,data/problems/evaluation/coherent_rotation_01_r2_n14_b3.npz
evaluation_coherent_rotation_01,coherent_rotation,2,0,8233,baseline,True,0.0,0.36094796538943386,0.021732397679649032,0.7861533289086514,True,19.60377444224586,0.0,80,0,256,256,9.959659799869522,0.0,9.84879322368891,data/problems/evaluation/coherent_rotation_01_r2_n14_b3.npz
evaluation_coherent_rotation_01,coherent_rotation,2,0,8233,cvar,False,0.0,0.37332405212523767,0.03173067231110809,0.6687928035458699,True,26.845382582686426,0.00040575746958815273,23,2944,256,3200,9.959659799869522,0.0,9.798168795754467,data/problems/evaluation/coherent_rotation_01_r2_n14_b3.npz
evaluation_coherent_rotation_01,coherent_rotation,2,0,8233,cvar,True,0.0,0.375982166235361,0.03342821440651828,0.643022906125147,True,28.381028603553997,0.0,18,0,256,256,9.959659799869522,0.0,9.78885735458371,data/problems/evaluation/coherent_rotation_01_r2_n14_b3.npz
evaluation_coherent_rotation_01,coherent_rotation,2,0,8233,dicke,False,0.010121827401776357,0.3259116093650587,0.004849243848051173,0.6318047377687186,False,295.0455570425401,0.02665729656204663,22,2816,256,3072,9.886522721291662,0.07313707857785978,9.927957351848391,data/problems/evaluation/coherent_rotation_01_r2_n14_b3.npz
evaluation_coherent_rotation_01,coherent_rotation,2,0,8233,dicke,True,0.0,0.25844321858366176,0.0018891608758160425,0.8256596949130706,True,239.44529772252625,0.0,71,0,256,256,9.959659799869522,0.0,9.94634382562218,data/problems/evaluation/coherent_rotation_01_r2_n14_b3.npz
evaluation_coherent_rotation_01,coherent_rotation,2,0,8233,dicke_cvar,False,0.0251853157656209,0.3262746899672162,0.008116923190897346,0.39149597381606815,False,218.40066822304613,0.07754567870064877,24,3072,256,3328,9.81233109336848,0.14732870650104246,9.905583140076486,data/problems/evaluation/coherent_rotation_01_r2_n14_b3.npz
evaluation_coherent_rotation_01,coherent_rotation,2,0,8233,dicke_cvar,True,0.010121827401776357,0.27606995872209866,0.004692457337856116,0.5428821266116839,False,211.6356012902374,0.0,80,0,256,256,9.886522721291662,0.07313707857785978,9.925908442339004,data/problems/evaluation/coherent_rotation_01_r2_n14_b3.npz
evaluation_coherent_rotation_02,coherent_rotation,1,0,8201,baseline,False,0.050486826369523286,0.23697528775759097,0.04550126152938098,0.0,False,22.543578360905236,0.0465417291548853,20,2560,256,2816,13.5507330095532,0.49709349047610907,13.599318973605266,data/problems/evaluation/coherent_rotation_02_r1_n14_b3.npz
evaluation_coherent_rotation_02,coherent_rotation,1,0,8201,baseline,True,0.08011688344126018,0.2001905854353204,0.054865034572364926,0.0,False,25.095103716863868,0.0,80,0,256,256,13.242348341290775,0.8054781587385342,13.507672689755541,data/problems/evaluation/coherent_rotation_02_r1_n14_b3.npz
evaluation_coherent_rotation_02,coherent_rotation,1,0,8201,cvar,False,0.04011448041283417,0.23666757302948407,0.04501359905443435,0.0,False,37.505625205061136,0.0012989810851613548,25,3200,256,3456,13.654275300415765,0.3935511996135439,13.603629086115976,data/problems/evaluation/coherent_rotation_02_r1_n14_b3.npz
evaluation_coherent_rotation_02,coherent_rotation,1,0,8201,cvar,True,0.051689286478889714,0.2443495144113292,0.04388777928554483,0.0,False,32.01781580914342,0.0,80,0,256,256,13.534937777187471,0.5128887228418382,13.614299065320056,data/problems/evaluation/coherent_rotation_02_r1_n14_b3.npz
evaluation_coherent_rotation_02,coherent_rotation,1,0,8201,dicke,False,0.005890572099153408,0.14945700780599228,0.0009067503314835467,0.7899859534362184,False,310.31734869348554,0.016002523319468054,21,2688,256,2944,13.99005038629425,0.0577761137350592,14.038964164717791,data/problems/evaluation/coherent_rotation_02_r1_n14_b3.npz
evaluation_coherent_rotation_02,coherent_rotation,1,0,8201,dicke,True,0.0,0.12809174532498474,0.0006632651011708003,0.8127774939507478,True,254.79338687484537,0.0,74,0,256,256,14.04782650002931,0.0,14.041352557468016,data/problems/evaluation/coherent_rotation_02_r1_n14_b3.npz
evaluation_coherent_rotation_02,coherent_rotation,1,0,8201,dicke_cvar,False,0.0,0.15162750648289355,0.0010993726864066803,0.7251505954827115,True,305.01864288086296,0.010913344217172494,21,2688,256,2944,14.04782650002931,0.0,14.037087968389557,data/problems/evaluation/coherent_rotation_02_r1_n14_b3.npz
evaluation_coherent_rotation_02,coherent_rotation,1,0,8201,dicke_cvar,True,0.0,0.13897415979901245,0.0008129884691104236,0.7611530339987185,True,236.67682267085243,0.0,76,0,256,256,14.04782650002931,0.0,14.039894254370397,data/problems/evaluation/coherent_rotation_02_r1_n14_b3.npz
evaluation_coherent_rotation_02,coherent_rotation,1,0,8219,baseline,False,0.0029920510307513,0.11126519769076625,0.005112565436287976,0.08385097884919479,False,42.509607002783376,0.0024007849733296283,21,2688,256,2944,14.01867036809898,0.0291561319303284,13.997887933068515,data/problems/evaluation/coherent_rotation_02_r1_n14_b3.npz
evaluation_coherent_rotation_02,coherent_rotation,1,0,8219,baseline,True,0.01644043245474195,0.0994717899487503,0.005838478242549101,0.0903107202792095,False,33.77512767352261,0.0,80,0,256,256,13.889350615726554,0.15847588430275472,13.990840890071038,data/problems/evaluation/coherent_rotation_02_r1_n14_b3.npz
evaluation_coherent_rotation_02,coherent_rotation,1,0,8219,cvar,False,0.01251358126500448,0.20500932847844483,0.016666759880748824,0.028836683708007294,False,46.74851404531306,0.00015827236809595746,22,2816,256,3072,13.92606340452689,0.12176309550241982,13.885206673726186,data/problems/evaluation/coherent_rotation_02_r1_n14_b3.npz
evaluation_coherent_rotation_02,coherent_rotation,1,0,8219,cvar,True,0.014233903480295886,0.204107626470089,0.017330822411981806,0.029462869847856066,False,40.84774961200112,0.0,20,0,256,256,13.908209077199915,0.13961742282939404,13.8787235523969,data/problems/evaluation/coherent_rotation_02_r1_n14_b3.npz
evaluation_coherent_rotation_02,coherent_rotation,1,0,8219,dicke,False,0.0029920510307513,0.1737436640001776,0.0010149587982019711,0.7745987162748509,False,309.0924573742833,0.06499885547432971,23,2944,256,3200,14.01867036809898,0.0291561319303284,14.037904956700228,data/problems/evaluation/coherent_rotation_02_r1_n14_b3.npz
evaluation_coherent_rotation_02,coherent_rotation,1,0,8219,dicke,True,0.0,0.1281018176526189,0.0006603975558145335,0.8139495152097748,True,255.3288663761076,0.0,50,0,256,256,14.04782650002931,0.0,14.04138044069068,data/problems/evaluation/coherent_rotation_02_r1_n14_b3.npz
evaluation_coherent_rotation_02,coherent_rotation,1,0,8219,dicke_cvar,False,0.0,0.2309163876890717,0.0014779639627661293,0.7148238694664166,True,261.5323377053374,0.017901670537682435,19,2432,256,2688,14.04782650002931,0.0,14.033366044178718,data/problems/evaluation/coherent_rotation_02_r1_n14_b3.npz
evaluation_coherent_rotation_02,coherent_rotation,1,0,8219,dicke_cvar,True,0.0,0.13877618765401104,0.0008080715971212702,0.7626340741986363,True,236.6556461463246,0.0,80,0,256,256,14.04782650002931,0.0,14.039942201937397,data/problems/evaluation/coherent_rotation_02_r1_n14_b3.npz
evaluation_coherent_rotation_02,coherent_rotation,1,0,8233,baseline,False,0.04011448041283417,0.24267809104470803,0.04091767346987485,0.0,False,80.01978697777504,0.007744489004928745,19,2432,256,2688,13.654275300415765,0.3935511996135439,13.645959985270222,data/problems/evaluation/coherent_rotation_02_r1_n14_b3.npz
evaluation_coherent_rotation_02,coherent_rotation,1,0,8233,baseline,True,0.04011448041283417,0.23557932540867876,0.03858087402880834,0.0,False,48.782491204913306,0.0,80,0,256,256,13.654275300415765,0.3935511996135439,13.668919303487856,data/problems/evaluation/coherent_rotation_02_r1_n14_b3.npz
evaluation_coherent_rotation_02,coherent_rotation,1,0,8233,cvar,False,0.04011448041283417,0.24308643623558587,0.04096014848269397,0.0,False,80.83812255709834,0.005757880204102506,19,2432,256,2688,13.654275300415765,0.3935511996135439,13.645549335732081,data/problems/evaluation/coherent_rotation_02_r1_n14_b3.npz
evaluation_coherent_rotation_02,coherent_rotation,1,0,8233,cvar,True,0.04011448041283417,0.23471667828549586,0.038045487531922065,0.0,False,38.92426284245623,0.0,80,0,256,256,13.654275300415765,0.3935511996135439,13.674168550414814,data/problems/evaluation/coherent_rotation_02_r1_n14_b3.npz
evaluation_coherent_rotation_02,coherent_rotation,1,0,8233,dicke,False,0.0,0.1575925327547939,0.0010710164129054244,0.7082982150515886,True,244.39534432423736,0.07175196894092206,22,2816,256,3072,14.04782650002931,0.0,14.037372434038197,data/problems/evaluation/coherent_rotation_02_r1_n14_b3.npz
evaluation_coherent_rotation_02,coherent_rotation,1,0,8233,dicke,True,0.0,0.1281022658834129,0.000667451256459717,0.8112999101165375,True,254.46229472213338,0.0,52,0,256,256,14.04782650002931,0.0,14.041311788423416,data/problems/evaluation/coherent_rotation_02_r1_n14_b3.npz
evaluation_coherent_rotation_02,coherent_rotation,1,0,8233,dicke_cvar,False,0.0,0.27171188087972353,0.0008100269619673943,0.8821260278096268,True,234.807878818251,0.07164278562386883,19,2432,256,2688,14.04782650002931,0.0,14.039879202449148,data/problems/evaluation/coherent_rotation_02_r1_n14_b3.npz
evaluation_coherent_rotation_02,coherent_rotation,1,0,8233,dicke_cvar,True,0.0,0.13965400803605035,0.000828531705355852,0.7565224485353855,True,236.77071826995882,0.0,80,0,256,256,14.04782650002931,0.0,14.039742669506317,data/problems/evaluation/coherent_rotation_02_r1_n14_b3.npz
evaluation_coherent_rotation_02,coherent_rotation,2,0,8201,baseline,False,0.00892991828312208,0.14382021324724387,0.002944660978412331,0.701616075690672,False,41.56653769041459,0.0006853683375607211,29,3712,256,3968,11.321718544143952,0.07483539069741418,11.372087806902181,data/problems/evaluation/coherent_rotation_02_r2_n14_b3.npz
evaluation_coherent_rotation_02,coherent_rotation,2,0,8201,baseline,True,0.0,0.1486152820952176,0.009903952004137635,0.15494498194092332,True,40.11750821395256,0.0,30,0,256,256,11.396553934841366,0.0,11.315330760062363,data/problems/evaluation/coherent_rotation_02_r2_n14_b3.npz
evaluation_coherent_rotation_02,coherent_rotation,2,0,8201,cvar,False,0.0,0.14739123117953465,0.004279586306598626,0.5797415990579742,True,37.48948304896765,0.012727387686654268,25,3200,256,3456,11.396553934841366,0.0,11.36108649470772,data/problems/evaluation/coherent_rotation_02_r2_n14_b3.npz
evaluation_coherent_rotation_02,coherent_rotation,2,0,8201,cvar,True,0.0,0.14869018353214036,0.0015172719426437152,0.8424318146714306,True,51.44248121236934,0.0,80,0,256,256,11.396553934841366,0.0,11.383921756214502,data/problems/evaluation/coherent_rotation_02_r2_n14_b3.npz
evaluation_coherent_rotation_02,coherent_rotation,2,0,8201,dicke,False,0.01392605281214781,0.21021861459130772,0.007125398948232029,0.43132094224446893,False,306.4249675531209,0.004586958540906849,22,2816,256,3072,11.283613050041605,0.11294088479976061,11.337712143693802,data/problems/evaluation/coherent_rotation_02_r2_n14_b3.npz
evaluation_coherent_rotation_02,coherent_rotation,2,0,8201,dicke,True,0.01392605281214781,0.2076589736886156,0.010122794689384498,0.167231899764696,False,295.8777611916814,0.0,80,0,256,256,11.283613050041605,0.11294088479976061,11.312965799293917,data/problems/evaluation/coherent_rotation_02_r2_n14_b3.npz
evaluation_coherent_rotation_02,coherent_rotation,2,0,8201,dicke_cvar,False,0.0,0.15555701079213197,0.0008032412675490879,0.9228529684825365,True,249.788437764172,0.00013349577272281365,28,3584,256,3840,11.396553934841366,0.0,11.389888325199262,data/problems/evaluation/coherent_rotation_02_r2_n14_b3.npz
evaluation_coherent_rotation_02,coherent_rotation,2,0,8201,dicke_cvar,True,0.0,0.15858227021449103,0.0007408639347279693,0.9288544301236961,True,249.87921475491015,0.0,39,0,256,256,11.396553934841366,0.0,11.39040458984086,data/problems/evaluation/coherent_rotation_02_r2_n14_b3.npz
evaluation_coherent_rotation_02,coherent_rotation,2,0,8219,baseline,False,0.04100023551280526,0.14141002563320618,0.04273796221508748,0.0,False,16.796918306330692,0.005738776784376842,21,2688,256,2944,11.07813942298638,0.3184145118549857,11.044067974135794,data/problems/evaluation/coherent_rotation_02_r2_n14_b3.npz
evaluation_coherent_rotation_02,coherent_rotation,2,0,8219,baseline,True,0.026295866754867978,0.13612436039195439,0.04459276301691674,0.0,False,15.865775723535227,0.0,80,0,256,256,11.177212045360701,0.21934188948066513,11.024032292064426,data/problems/evaluation/coherent_rotation_02_r2_n14_b3.npz
evaluation_coherent_rotation_02,coherent_rotation,2,0,8219,cvar,False,0.02937975834787196,0.16927830291074886,0.024120492163130183,0.0,False,74.49262315270376,0.014163120468851709,19,2432,256,2688,11.158093986116866,0.2384599487245005,11.195296204415573,data/problems/evaluation/coherent_rotation_02_r2_n14_b3.npz
evaluation_coherent_rotation_02,coherent_rotation,2,0,8219,cvar,True,0.021856780612658173,0.1368620945941063,0.029149298691139944,0.0,False,35.83493708449193,0.0,38,0,256,256,11.21323063702851,0.18332329781285672,11.15179214092155,data/problems/evaluation/coherent_rotation_02_r2_n14_b3.npz
evaluation_coherent_rotation_02,coherent_rotation,2,0,8219,dicke,False,0.0,0.20953389491547897,0.004418522489227384,0.6265312737839467,True,322.99203552071344,0.021850515870479814,22,2816,256,3072,11.396553934841366,0.0,11.359859785993356,data/problems/evaluation/coherent_rotation_02_r2_n14_b3.npz
evaluation_coherent_rotation_02,coherent_rotation,2,0,8219,dicke,True,0.0,0.13618138171253028,0.0022587932221382998,0.7922164758024913,True,275.58473071808436,0.0,58,0,256,256,11.396553934841366,0.0,11.377854061812466,data/problems/evaluation/coherent_rotation_02_r2_n14_b3.npz
evaluation_coherent_rotation_02,coherent_rotation,2,0,8219,dicke_cvar,False,0.0,0.17969099342216757,0.0005055680089757662,0.9510953110808642,True,240.47946700115278,0.005467165881975156,26,3328,256,3584,11.396553934841366,0.0,11.392350040947237,data/problems/evaluation/coherent_rotation_02_r2_n14_b3.npz
evaluation_coherent_rotation_02,coherent_rotation,2,0,8219,dicke_cvar,True,0.0,0.15875758004184662,0.0007371729839027308,0.9292012761577035,True,249.8005922177054,0.0,63,0,256,256,11.396553934841366,0.0,11.390435136278699,data/problems/evaluation/coherent_rotation_02_r2_n14_b3.npz
evaluation_coherent_rotation_02,coherent_rotation,2,0,8233,baseline,False,0.02888105959685142,0.15240810094177898,0.02602320981656549,0.0015947049331082042,False,28.15949455661271,0.001847169066385046,21,2688,256,2944,11.14514827123781,0.2514056636035562,11.178289591128834,data/problems/evaluation/coherent_rotation_02_r2_n14_b3.npz
evaluation_coherent_rotation_02,coherent_rotation,2,0,8233,baseline,True,0.03625893004897376,0.13592437430501575,0.03255843083438263,6.217442297762332e-05,False,19.992781198423746,0.0,80,0,256,256,11.101853415691998,0.2947005191493677,11.127693396193695,data/problems/evaluation/coherent_rotation_02_r2_n14_b3.npz
evaluation_coherent_rotation_02,coherent_rotation,2,0,8233,cvar,False,0.019091713844110413,0.21999750867034973,0.01680530418717357,0.030305765941514906,False,72.387962020737,0.004620598293301192,19,2432,256,2688,11.23788922111413,0.15866471372723545,11.25681524526886,data/problems/evaluation/coherent_rotation_02_r2_n14_b3.npz
evaluation_coherent_rotation_02,coherent_rotation,2,0,8233,cvar,True,0.01392605281214781,0.21414150962937872,0.01598752608651303,0.036037731423366304,False,75.41065187356722,0.0,29,0,256,256,11.283613050041605,0.11294088479976061,11.26398732107953,data/problems/evaluation/coherent_rotation_02_r2_n14_b3.npz
evaluation_coherent_rotation_02,coherent_rotation,2,0,8233,dicke,False,0.0,0.15795107062927574,0.0008206228514314083,0.9208545869986,True,247.87012021000692,0.02759147233201542,24,3072,256,3328,11.396553934841366,0.0,11.389743937426712,data/problems/evaluation/coherent_rotation_02_r2_n14_b3.npz
evaluation_coherent_rotation_02,coherent_rotation,2,0,8233,dicke,True,0.0,0.1361966447914048,0.0022560853170511346,0.792425747770251,True,275.40166017773146,0.0,48,0,256,256,11.396553934841366,0.0,11.377876529955678,data/problems/evaluation/coherent_rotation_02_r2_n14_b3.npz
evaluation_coherent_rotation_02,coherent_rotation,2,0,8233,dicke_cvar,False,0.0,0.1757128354649372,0.0006601112125726002,0.9376300059610658,True,256.64850238589537,0.0059661636300925025,25,3200,256,3456,11.396553934841366,0.0,11.39107019874335,data/problems/evaluation/coherent_rotation_02_r2_n14_b3.npz
evaluation_coherent_rotation_02,coherent_rotation,2,0,8233,dicke_cvar,True,0.0,0.158876744503876,0.0007319496161152441,0.929653286520246,True,249.32141903280274,0.0,21,0,256,256,11.396553934841366,0.0,11.390478361070103,data/problems/evaluation/coherent_rotation_02_r2_n14_b3.npz
evaluation_coherent_rotation_03,coherent_rotation,1,0,8201,baseline,False,0.16730053588882432,0.2859642896555846,0.1531205853714178,0.0,False,7.640059914706369,0.0013065710988264811,24,3072,256,3328,11.217056559092951,0.899826970435333,11.292656267506766,data/problems/evaluation/coherent_rotation_03_r1_n14_b3.npz
evaluation_coherent_rotation_03,coherent_rotation,1,0,8201,baseline,True,0.14655747453848608,0.285503999461257,0.1512542378291873,0.0,False,8.519487162982697,0.0,80,0,256,256,11.327639393641478,0.7892441358868059,11.302607903261903,data/problems/evaluation/coherent_rotation_03_r1_n14_b3.npz
evaluation_coherent_rotation_03,coherent_rotation,1,0,8201,cvar,False,0.14655747453848608,0.35663864273239815,0.1462345430466398,0.0,False,6.420569945847179,0.009461893721284476,22,2816,256,3072,11.327639393641478,0.7892441358868059,11.33034858740978,data/problems/evaluation/coherent_rotation_03_r1_n14_b3.npz
evaluation_coherent_rotation_03,coherent_rotation,1,0,8201,cvar,True,0.14655747453848608,0.30970939697702093,0.1453440285778462,0.0,False,12.154632698220896,0.0,36,0,256,256,11.327639393641478,0.7892441358868059,11.335485420346457,data/problems/evaluation/coherent_rotation_03_r1_n14_b3.npz
evaluation_coherent_rotation_03,coherent_rotation,1,0,8201,dicke,False,0.0,0.18371041275879738,0.0015859134701656028,0.6026941202369323,True,345.36533726939444,0.037267128003045435,27,3456,256,3712,12.116883529528284,0.0,12.094924699637517,data/problems/evaluation/coherent_rotation_03_r1_n14_b3.npz
evaluation_coherent_rotation_03,coherent_rotation,1,0,8201,dicke,True,0.0,0.15337683592351267,0.0011601019790751712,0.6890120604845209,True,292.7773455494197,0.0,80,0,256,256,12.116883529528284,0.0,12.101221153676404,data/problems/evaluation/coherent_rotation_03_r1_n14_b3.npz
evaluation_coherent_rotation_03,coherent_rotation,1,0,8201,dicke_cvar,False,0.0,0.2185834831731138,0.0023379387483667352,0.47916853949836047,True,353.8471945697623,0.007811610242821843,22,2816,256,3072,12.116883529528284,0.0,12.087646336340644,data/problems/evaluation/coherent_rotation_03_r1_n14_b3.npz
evaluation_coherent_rotation_03,coherent_rotation,1,0,8201,dicke_cvar,True,0.0047326783177305595,0.21946243880186436,0.002165459667708497,0.488873786490146,False,363.56434498590056,0.0,80,0,256,256,12.079771837500555,0.03711169202772879,12.087968805038328,data/problems/evaluation/coherent_rotation_03_r1_n14_b3.npz
evaluation_coherent_rotation_03,coherent_rotation,1,0,8219,baseline,False,0.0,0.07810246475133452,0.004102150828657713,0.30235639567825845,True,17.75110561601728,0.0005897655231716925,25,3200,256,3456,12.116883529528284,0.0,12.089937568707022,data/problems/evaluation/coherent_rotation_03_r1_n14_b3.npz
evaluation_coherent_rotation_03,coherent_rotation,1,0,8219,baseline,True,0.0047326783177305595,0.08018494317993705,0.004172936290485346,0.3480078541461844,False,18.24646949452472,0.0,80,0,256,256,12.079771837500555,0.03711169202772879,12.089916219988995,data/problems/evaluation/coherent_rotation_03_r1_n14_b3.npz
evaluation_coherent_rotation_03,coherent_rotation,1,0,8219,cvar,False,0.0,0.13797922589086895,0.00012272193963903675,0.9870049091947171,True,24.39100301280098,0.0005902234764016967,22,2816,256,3072,12.116883529528284,0.0,12.116139335118373,data/problems/evaluation/coherent_rotation_03_r1_n14_b3.npz
evaluation_coherent_rotation_03,coherent_rotation,1,0,8219,cvar,True,0.0,0.14096306407572798,0.00011077444525723643,0.9884405444029544,True,24.099433866744057,0.0,31,0,256,256,12.116883529528284,0.0,12.116215200272162,data/problems/evaluation/coherent_rotation_03_r1_n14_b3.npz
evaluation_coherent_rotation_03,coherent_rotation,1,0,8219,dicke,False,0.003973076008308309,0.2177840892149728,0.0024279250034762436,0.4836884163545049,False,339.7108451336493,0.09759707615624347,19,2432,256,2688,11.979595605772612,0.13728792375567167,12.088424170128064,data/problems/evaluation/coherent_rotation_03_r1_n14_b3.npz
evaluation_coherent_rotation_03,coherent_rotation,1,0,8219,dicke,True,0.0,0.15315702342510745,0.0011500411229430697,0.6909754235804223,True,292.01019949041137,0.0,80,0,256,256,12.116883529528284,0.0,12.10147604953397,data/problems/evaluation/coherent_rotation_03_r1_n14_b3.npz
evaluation_coherent_rotation_03,coherent_rotation,1,0,8219,dicke_cvar,False,0.0034758756594773553,0.19329597029011394,0.001690437091602384,0.5342948760589655,False,247.96498753562727,0.013343393942042425,27,3456,256,3712,12.09373310526434,0.023150424263944203,12.097559718425169,data/problems/evaluation/coherent_rotation_03_r1_n14_b3.npz
evaluation_coherent_rotation_03,coherent_rotation,1,0,8219,dicke_cvar,True,0.0,0.16309123325733654,0.0011144254016081394,0.6930422314256713,True,270.78940505798727,0.0,80,0,256,256,12.116883529528284,0.0,12.103482745637137,data/problems/evaluation/coherent_rotation_03_r1_n14_b3.npz
evaluation_coherent_rotation_03,coherent_rotation,1,0,8233,baseline,False,0.0,0.06954897462466977,2.4310432976830487e-13,0.999999999946808,True,27.845774116890556,0.006274554483006511,21,2688,256,2944,12.116883529528284,0.0,12.116883529525214,data/problems/evaluation/coherent_rotation_03_r1_n14_b3.npz
evaluation_coherent_rotation_03,coherent_rotation,1,0,8233,baseline,True,0.0,0.06532778308907226,6.362271155208022e-23,1.0,True,30.80256274969624,0.0,80,0,256,256,12.116883529528284,0.0,12.116883529528284,data/problems/evaluation/coherent_rotation_03_r1_n14_b3.npz
evaluation_coherent_rotation_03,coherent_rotation,1,0,8233,cvar,False,0.0,0.06862712077582139,3.2224290877639624e-28,1.0,True,35.62487926066597,0.0,15,1920,256,2176,12.116883529528284,0.0,12.116883529528284,data/problems/evaluation/coherent_rotation_03_r1_n14_b3.npz
evaluation_coherent_rotation_03,coherent_rotation,1,0,8233,cvar,True,0.0,0.0683673536623357,4.530683918615236e-28,1.0,True,35.375836057239255,0.0,14,0,256,256,12.116883529528284,0.0,12.116883529528284,data/problems/evaluation/coherent_rotation_03_r1_n14_b3.npz
evaluation_coherent_rotation_03,coherent_rotation,1,0,8233,dicke,False,0.0,0.1623289885057299,0.0012227844532588625,0.6723540462891064,True,309.759514270429,0.024952252010342235,23,2944,256,3200,12.116883529528284,0.0,12.100931632391223,data/problems/evaluation/coherent_rotation_03_r1_n14_b3.npz
evaluation_coherent_rotation_03,coherent_rotation,1,0,8233,dicke,True,0.0,0.15339888450561817,0.0011613496610176999,0.6887677401576733,True,292.9843258697341,0.0,80,0,256,256,12.116883529528284,0.0,12.101194534101593,data/problems/evaluation/coherent_rotation_03_r1_n14_b3.npz
evaluation_coherent_rotation_03,coherent_rotation,1,0,8233,dicke_cvar,False,0.0,0.16821744477699546,0.0013023852996976602,0.6446590735498546,True,266.49812070928795,0.0047398453332156976,26,3328,256,3584,12.116883529528284,0.0,12.10025879864652,data/problems/evaluation/coherent_rotation_03_r1_n14_b3.npz
evaluation_coherent_rotation_03,coherent_rotation,1,0,8233,dicke_cvar,True,0.0034758756594773553,0.16165792699827053,0.0011158370951647452,0.6932253093607126,False,272.213736559167,0.0,80,0,256,256,12.09373310526434,0.023150424263944203,12.103285200438185,data/problems/evaluation/coherent_rotation_03_r1_n14_b3.npz
evaluation_coherent_rotation_03,coherent_rotation,2,0,8201,baseline,False,0.04540989788058167,0.21116057817234424,0.04475222315520205,0.0,False,32.33546446246091,0.01718282031616436,19,2432,256,2688,10.247924612965464,0.2838866398568545,10.253696250754453,data/problems/evaluation/coherent_rotation_03_r2_n14_b3.npz
evaluation_coherent_rotation_03,coherent_rotation,2,0,8201,baseline,True,0.04540989788058167,0.19836174775676926,0.04519345681423507,0.0,False,19.528547199671543,0.0,22,0,256,256,10.247924612965464,0.2838866398568545,10.252135955156652,data/problems/evaluation/coherent_rotation_03_r2_n14_b3.npz
evaluation_coherent_rotation_03,coherent_rotation,2,0,8201,cvar,False,0.04540989788058167,0.21196366266879,0.04476723136347199,0.0,False,32.7427098154538,0.00860038425651144,19,2432,256,2688,10.247924612965464,0.2838866398568545,10.253593986120915,data/problems/evaluation/coherent_rotation_03_r2_n14_b3.npz
evaluation_coherent_rotation_03,coherent_rotation,2,0,8201,cvar,True,0.04540989788058167,0.22199689451672952,0.045002631799381354,0.0,False,33.70203220870207,0.0,80,0,256,256,10.247924612965464,0.2838866398568545,10.2520087374701,data/problems/evaluation/coherent_rotation_03_r2_n14_b3.npz
evaluation_coherent_rotation_03,coherent_rotation,2,0,8201,dicke,False,0.025807675048616755,0.24856424132725555,0.019026829814648046,0.3185626513911253,False,284.2037479195695,0.0012505759271768113,22,2816,256,3072,10.293142950971058,0.23866830185126098,10.368979698081633,data/problems/evaluation/coherent_rotation_03_r2_n14_b3.npz
evaluation_coherent_rotation_03,coherent_rotation,2,0,8201,dicke,True,0.025807675048616755,0.2478435980952989,0.01764841235063175,0.35307119372566464,False,280.7934439789499,0.0,80,0,256,256,10.293142950971058,0.23866830185126098,10.37612668303461,data/problems/evaluation/coherent_rotation_03_r2_n14_b3.npz
evaluation_coherent_rotation_03,coherent_rotation,2,0,8201,dicke_cvar,False,0.031831848177867515,0.24844613145651626,0.016453653587946912,0.40522307659706136,False,301.050659653821,0.020938312292161587,21,2688,256,2944,10.349028730849186,0.18278252197313272,10.389708498628947,data/problems/evaluation/coherent_rotation_03_r2_n14_b3.npz
evaluation_coherent_rotation_03,coherent_rotation,2,0,8201,dicke_cvar,True,0.025807675048616755,0.18600344608057637,0.008747211739938726,0.677292553953927,False,272.98239921810875,0.0,80,0,256,256,10.293142950971058,0.23866830185126098,10.457262404994417,data/problems/evaluation/coherent_rotation_03_r2_n14_b3.npz
evaluation_coherent_rotation_03,coherent_rotation,2,0,8219,baseline,False,0.03016584764571095,0.1907148326561334,0.030434912124651648,0.0,False,39.13208980460595,0.028423114813321604,17,2176,256,2432,10.326649633656597,0.20516161916572173,10.329758329952924,data/problems/evaluation/coherent_rotation_03_r2_n14_b3.npz
evaluation_coherent_rotation_03,coherent_rotation,2,0,8219,baseline,True,0.03016584764571095,0.17373292440756666,0.03049535709471545,0.0,False,20.207447238693625,0.0,80,0,256,256,10.326649633656597,0.20516161916572173,10.330396090493515,data/problems/evaluation/coherent_rotation_03_r2_n14_b3.npz
evaluation_coherent_rotation_03,coherent_rotation,2,0,8219,cvar,False,0.03016584764571095,0.18362495207583449,0.030428222753982458,0.0,False,28.45838685352143,7.969785348072023e-05,17,2176,256,2432,10.326649633656597,0.20516161916572173,10.329986364608493,data/problems/evaluation/coherent_rotation_03_r2_n14_b3.npz
evaluation_coherent_rotation_03,coherent_rotation,2,0,8219,cvar,True,0.03016584764571095,0.1830022022417275,0.03042887521554564,0.0,False,27.088817089958287,0.0,31,0,256,256,10.326649633656597,0.20516161916572173,10.330041484507516,data/problems/evaluation/coherent_rotation_03_r2_n14_b3.npz
evaluation_coherent_rotation_03,coherent_rotation,2,0,8219,dicke,False,0.03048687121950248,0.2531517112421304,0.028062668188789972,0.05957185052506819,False,246.43654917347456,0.01542574267220509,18,2304,256,2560,10.27137529406534,0.2604359587569789,10.312840426541527,data/problems/evaluation/coherent_rotation_03_r2_n14_b3.npz
evaluation_coherent_rotation_03,coherent_rotation,2,0,8219,dicke,True,0.03016584764571095,0.24783597043021138,0.017677543087837116,0.35142966378744167,False,280.3143968896592,0.0,79,0,256,256,10.326649633656597,0.20516161916572173,10.37574882402323,data/problems/evaluation/coherent_rotation_03_r2_n14_b3.npz
evaluation_coherent_rotation_03,coherent_rotation,2,0,8219,dicke_cvar,False,0.025807675048616755,0.2546876077898982,0.0277109822452587,0.059146449362023734,False,239.6418533163906,0.04928080916500699,17,2176,256,2432,10.293142950971058,0.23866830185126098,10.307106514828428,data/problems/evaluation/coherent_rotation_03_r2_n14_b3.npz
evaluation_coherent_rotation_03,coherent_rotation,2,0,8219,dicke_cvar,True,0.03048687121950248,0.25144218039859806,0.014122110748704645,0.5016000084636161,False,358.36691113517145,0.0,19,0,256,256,10.27137529406534,0.2604359587569789,10.4153496861924,data/problems/evaluation/coherent_rotation_03_r2_n14_b3.npz
evaluation_coherent_rotation_03,coherent_rotation,2,0,8233,baseline,False,0.039948382336085365,0.18022422251844122,0.04467385725430179,0.0,False,17.422336529563133,0.0065234997345768875,21,2688,256,2944,10.293380253884399,0.23843099893792008,10.254050633500189,data/problems/evaluation/coherent_rotation_03_r2_n14_b3.npz
evaluation_coherent_rotation_03,coherent_rotation,2,0,8233,baseline,True,0.04540989788058167,0.17851185060566938,0.04466477436066123,0.0,False,15.101383471893861,0.0,57,0,256,256,10.247924612965464,0.2838866398568545,10.25412620218577,data/problems/evaluation/coherent_rotation_03_r2_n14_b3.npz
evaluation_coherent_rotation_03,coherent_rotation,2,0,8233,cvar,False,0.04540989788058167,0.18060957527293603,0.04474122928137098,0.0,False,17.02266516804373,0.04953870160089968,18,2304,256,2560,10.247924612965464,0.2838866398568545,10.253489881057359,data/problems/evaluation/coherent_rotation_03_r2_n14_b3.npz
evaluation_coherent_rotation_03,coherent_rotation,2,0,8233,cvar,True,0.04540989788058167,0.2236736584135085,0.0451965825618567,0.0,False,35.28381723046932,0.0,61,0,256,256,10.247924612965464,0.2838866398568545,10.249700014939389,data/problems/evaluation/coherent_rotation_03_r2_n14_b3.npz
evaluation_coherent_rotation_03,coherent_rotation,2,0,8233,dicke,False,0.0,0.2564413648344946,0.01673932782475327,0.4422949737541012,True,331.01160082405653,0.0367746418045396,19,2432,256,2688,10.531811252822319,0.0,10.408990762316613,data/problems/evaluation/coherent_rotation_03_r2_n14_b3.npz
evaluation_coherent_rotation_03,coherent_rotation,2,0,8233,dicke,True,0.0,0.24783781778197522,0.01761200384808923,0.35401021447694225,True,280.8546185805979,0.0,80,0,256,256,10.531811252822319,0.0,10.376382184061457,data/problems/evaluation/coherent_rotation_03_r2_n14_b3.npz
evaluation_coherent_rotation_03,coherent_rotation,2,0,8233,dicke_cvar,False,0.025807675048616755,0.25650584572455415,0.016405930159565502,0.45273972726920664,False,333.75094583188803,0.010008040007472907,20,2560,256,2816,10.293142950971058,0.23866830185126098,10.410877849112369,data/problems/evaluation/coherent_rotation_03_r2_n14_b3.npz
evaluation_coherent_rotation_03,coherent_rotation,2,0,8233,dicke_cvar,True,0.0,0.25240726577274486,0.01419450958793126,0.5038567762108239,True,362.9164044304575,0.0,23,0,256,256,10.531811252822319,0.0,10.416714853418863,data/problems/evaluation/coherent_rotation_03_r2_n14_b3.npz
evaluation_coherent_rotation_04,coherent_rotation,1,0,8201,baseline,False,0.09262941051999979,0.2243222574334517,0.09047004707862749,0.0,False,50.07559451514143,0.0014727315177243128,23,2944,256,3200,10.585752785750552,0.5716712320166266,10.598533817423812,data/problems/evaluation/coherent_rotation_04_r1_n14_b3.npz
evaluation_coherent_rotation_04,coherent_rotation,1,0,8201,baseline,True,0.09200407069584551,0.224753456209044,0.09164476394771341,0.0,False,47.432200499440114,0.0,80,0,256,256,10.583058917406222,0.5743651003609571,10.590938702679274,data/problems/evaluation/coherent_rotation_04_r1_n14_b3.npz
evaluation_coherent_rotation_04,coherent_rotation,1,0,8201,cvar,False,0.02552755689881767,0.24434367516499686,0.05061798121380509,0.0,False,30.713684453798937,0.010030420362800996,21,2688,256,2944,10.995230544862515,0.16219347290466324,10.84189725432398,data/problems/evaluation/coherent_rotation_04_r1_n14_b3.npz
evaluation_coherent_rotation_04,coherent_rotation,1,0,8201,cvar,True,0.02552755689881767,0.2547478670063928,0.04516585494273592,0.0,False,25.469453720862216,0.0,80,0,256,256,10.995230544862515,0.16219347290466324,10.874671410138621,data/problems/evaluation/coherent_rotation_04_r1_n14_b3.npz
evaluation_coherent_rotation_04,coherent_rotation,1,0,8201,dicke,False,0.0,0.26033648831203277,0.01022768366487489,0.5098014552448533,True,363.0423654188795,0.014104638405771475,18,2304,256,2560,11.157424017767179,0.0,11.093183208291572,data/problems/evaluation/coherent_rotation_04_r1_n14_b3.npz
evaluation_coherent_rotation_04,coherent_rotation,1,0,8201,dicke,True,0.02552755689881767,0.19991697012976678,0.0035008093465470616,0.7965626865381282,False,288.46474538365936,0.0,80,0,256,256,10.995230544862515,0.16219347290466324,11.135429695712006,data/problems/evaluation/coherent_rotation_04_r1_n14_b3.npz
evaluation_coherent_rotation_04,coherent_rotation,1,0,8201,dicke_cvar,False,0.05211295819058483,0.2817090841812907,0.027694909668631404,0.35813102818039233,False,282.53841905025155,0.04222296200547859,20,2560,256,2816,10.83488816133783,0.322535856429349,10.984681363872944,data/problems/evaluation/coherent_rotation_04_r1_n14_b3.npz
evaluation_coherent_rotation_04,coherent_rotation,1,0,8201,dicke_cvar,True,0.01099392334197921,0.2643017160537453,0.006803608147204196,0.5557055753981706,False,304.5054114574798,0.0,80,0,256,256,11.088539249065617,0.06888476870156168,11.114706832609036,data/problems/evaluation/coherent_rotation_04_r1_n14_b3.npz
evaluation_coherent_rotation_04,coherent_rotation,1,0,8219,baseline,False,0.09262941051999979,0.30893678704242755,0.10328757417263582,0.0,False,36.808543728731436,0.008781603175586739,21,2688,256,2944,10.585752785750552,0.5716712320166266,10.515335416106145,data/problems/evaluation/coherent_rotation_04_r1_n14_b3.npz
evaluation_coherent_rotation_04,coherent_rotation,1,0,8219,baseline,True,0.10739084030537323,0.30660479652771344,0.10604833591969816,0.0,False,32.93642158456035,0.0,24,0,256,256,10.48636632322836,0.6710576945388187,10.497800224502727,data/problems/evaluation/coherent_rotation_04_r1_n14_b3.npz
evaluation_coherent_rotation_04,coherent_rotation,1,0,8219,cvar,False,0.10739084030537323,0.3844437746513171,0.10341886765477379,0.0,False,18.26330598283264,0.015159533914784973,21,2688,256,2944,10.48636632322836,0.6710576945388187,10.515719190741336,data/problems/evaluation/coherent_rotation_04_r1_n14_b3.npz
evaluation_coherent_rotation_04,coherent_rotation,1,0,8219,cvar,True,0.10394753104159438,0.35124527242393894,0.10087831959809164,0.0,False,33.51686180947215,0.0,22,0,256,256,10.515604382411714,0.6418196353554642,10.531464143146648,data/problems/evaluation/coherent_rotation_04_r1_n14_b3.npz
evaluation_coherent_rotation_04,coherent_rotation,1,0,8219,dicke,False,0.02552755689881767,0.2588354377840561,0.013229407649181285,0.4779029149428238,False,334.7740966278512,0.008586341439921874,18,2304,256,2560,10.995230544862515,0.16219347290466324,11.07428111654647,data/problems/evaluation/coherent_rotation_04_r1_n14_b3.npz
evaluation_coherent_rotation_04,coherent_rotation,1,0,8219,dicke,True,0.0,0.19899414240701607,0.003177590151185584,0.8101947909498367,True,285.66852255752923,0.0,80,0,256,256,11.157424017767179,0.0,11.137462846630296,data/problems/evaluation/coherent_rotation_04_r1_n14_b3.npz
evaluation_coherent_rotation_04,coherent_rotation,1,0,8219,dicke_cvar,False,0.0,0.2620607418945158,0.01873988421780979,0.32727032258928623,True,332.4885101901177,0.01926150771200774,23,2944,256,3200,11.157424017767179,0.0,11.039641346173232,data/problems/evaluation/coherent_rotation_04_r1_n14_b3.npz
evaluation_coherent_rotation_04,coherent_rotation,1,0,8219,dicke_cvar,True,0.0,0.2639677749455059,0.006780486745523444,0.5792204394912762,True,310.19027556443086,0.0,80,0,256,256,11.157424017767179,0.0,11.114849305422752,data/problems/evaluation/coherent_rotation_04_r1_n14_b3.npz
evaluation_coherent_rotation_04,coherent_rotation,1,0,8233,baseline,False,0.11079292046144852,0.29319145583216616,0.11643212645185151,0.0,False,40.39305670913598,0.001087062487354018,29,3712,256,3968,10.47189320966823,0.6855308080989495,10.436931555128826,data/problems/evaluation/coherent_rotation_04_r1_n14_b3.npz
evaluation_coherent_rotation_04,coherent_rotation,1,0,8233,baseline,True,0.11079292046144852,0.2835489484265252,0.11561512532114461,0.0,False,33.565195120238194,0.0,80,0,256,256,10.47189320966823,0.6855308080989495,10.441986359401545,data/problems/evaluation/coherent_rotation_04_r1_n14_b3.npz
evaluation_coherent_rotation_04,coherent_rotation,1,0,8233,cvar,False,0.11079292046144852,0.2966127499737989,0.11276236957628016,0.0,False,35.71801142610815,0.0033862560472721626,20,2560,256,2816,10.47189320966823,0.6855308080989495,10.459674853911608,data/problems/evaluation/coherent_rotation_04_r1_n14_b3.npz
evaluation_coherent_rotation_04,coherent_rotation,1,0,8233,cvar,True,0.13897428582621751,0.3578799263719314,0.1284908268989675,0.0,False,64.07097057599628,0.0,80,0,256,256,10.295964187607982,0.8614598301591965,10.361956052674124,data/problems/evaluation/coherent_rotation_04_r1_n14_b3.npz
evaluation_coherent_rotation_04,coherent_rotation,1,0,8233,dicke,False,0.0,0.202121542943941,0.004001900492462024,0.7736173422262801,True,295.03392193537314,0.004074653764847724,28,3584,256,3840,11.157424017767179,0.0,11.132279902113748,data/problems/evaluation/coherent_rotation_04_r1_n14_b3.npz
evaluation_coherent_rotation_04,coherent_rotation,1,0,8233,dicke,True,0.01099392334197921,0.19888955918254303,0.0031002442745987984,0.8134790261487633,False,284.9533807067366,0.0,78,0,256,256,11.088539249065617,0.06888476870156168,11.137949359963596,data/problems/evaluation/coherent_rotation_04_r1_n14_b3.npz
evaluation_coherent_rotation_04,coherent_rotation,1,0,8233,dicke_cvar,False,0.02815899672194367,0.21058732709554337,0.004712426758912215,0.734286631367179,False,316.14725418205273,0.010922887537584636,22,2816,256,3072,10.985855705081748,0.17156831268543016,11.12782094449548,data/problems/evaluation/coherent_rotation_04_r1_n14_b3.npz
evaluation_coherent_rotation_04,coherent_rotation,1,0,8233,dicke_cvar,True,0.01099392334197921,0.264343580925474,0.0068712367832967705,0.5452177444939508,False,302.56921468869496,0.0,80,0,256,256,11.088539249065617,0.06888476870156168,11.114283487653635,data/problems/evaluation/coherent_rotation_04_r1_n14_b3.npz
evaluation_coherent_rotation_04,coherent_rotation,2,0,8201,baseline,False,0.07928592915477181,0.22136871135787797,0.08610875126830494,0.0,False,26.57937834985174,9.8310119528211e-05,23,2944,256,3200,9.002112166255861,0.46943768237064987,8.961766667389869,data/problems/evaluation/coherent_rotation_04_r2_n14_b3.npz
evaluation_coherent_rotation_04,coherent_rotation,2,0,8201,baseline,True,0.08036513000776073,0.22149292307954693,0.08577533871805189,0.0,False,26.852912833529423,0.0,24,0,256,256,8.995656147926617,0.4758937006998938,8.963750168524713,data/problems/evaluation/coherent_rotation_04_r2_n14_b3.npz
evaluation_coherent_rotation_04,coherent_rotation,2,0,8201,cvar,False,0.07234136816040079,0.257027096020941,0.07946103260721829,0.0,False,40.14077890589807,0.002537491598883612,20,2560,256,2816,9.043172745942952,0.4283771026835588,9.001070456047852,data/problems/evaluation/coherent_rotation_04_r2_n14_b3.npz
evaluation_coherent_rotation_04,coherent_rotation,2,0,8201,cvar,True,0.07234136816040079,0.2631854102958259,0.07557800975514545,0.0,False,62.05998401115336,0.0,26,0,256,256,9.043172745942952,0.4283771026835588,9.023975454988614,data/problems/evaluation/coherent_rotation_04_r2_n14_b3.npz
evaluation_coherent_rotation_04,coherent_rotation,2,0,8201,dicke,False,0.0,0.17562065757283507,0.002067217456188569,0.6909782795223607,True,275.1954739767951,0.008561516417994408,19,2432,256,2688,9.47154984862651,0.0,9.459548292045504,data/problems/evaluation/coherent_rotation_04_r2_n14_b3.npz
evaluation_coherent_rotation_04,coherent_rotation,2,0,8201,dicke,True,0.006181593795950175,0.17029726211176943,0.001746696589102521,0.7337770086684066,False,254.02166214759717,0.0,44,0,256,256,9.435898492914072,0.035651355712438715,9.461424638675892,data/problems/evaluation/coherent_rotation_04_r2_n14_b3.npz
evaluation_coherent_rotation_04,coherent_rotation,2,0,8201,dicke_cvar,False,0.006181593795950175,0.24454241607225227,0.005346171451073281,0.3960258703160521,False,218.09708290863614,0.07610752906153762,18,2304,256,2560,9.435898492914072,0.035651355712438715,9.44019747318189,data/problems/evaluation/coherent_rotation_04_r2_n14_b3.npz
evaluation_coherent_rotation_04,coherent_rotation,2,0,8201,dicke_cvar,True,0.006181593795950175,0.1788951717333946,0.001565737563706761,0.7576342925237814,False,243.15131676211314,0.0,76,0,256,256,9.435898492914072,0.035651355712438715,9.46248714316996,data/problems/evaluation/coherent_rotation_04_r2_n14_b3.npz
evaluation_coherent_rotation_04,coherent_rotation,2,0,8219,baseline,False,0.024703233461256354,0.19171515032884018,0.05085300176794971,0.0,False,27.191698066982568,0.006138909315020147,21,2688,256,2944,9.325398276633116,0.14615157199339457,9.170369259511158,data/problems/evaluation/coherent_rotation_04_r2_n14_b3.npz
evaluation_coherent_rotation_04,coherent_rotation,2,0,8219,baseline,True,0.05938395690496352,0.19025530053848722,0.048999619544080955,0.0,False,29.92933426906001,0.0,28,0,256,256,9.12025670156969,0.35129314705682013,9.181325918279004,data/problems/evaluation/coherent_rotation_04_r2_n14_b3.npz
evaluation_coherent_rotation_04,coherent_rotation,2,0,8219,cvar,False,0.06086966209175273,0.21979369685685704,0.05493406964324987,0.0,False,34.918120483797146,0.009330119182589858,22,2816,256,3072,9.110850802050827,0.3606990465756841,9.14603163548737,data/problems/evaluation/coherent_rotation_04_r2_n14_b3.npz
evaluation_coherent_rotation_04,coherent_rotation,2,0,8219,cvar,True,0.06262425826174652,0.19768772390755474,0.05415146830327815,0.0,False,25.37627382340685,0.0,22,0,256,256,9.100613970652548,0.3709358779739631,9.150816909545371,data/problems/evaluation/coherent_rotation_04_r2_n14_b3.npz
evaluation_coherent_rotation_04,coherent_rotation,2,0,8219,dicke,False,0.008626301653286107,0.2133020008149426,0.002972634251870056,0.5957352473204749,False,329.48172470937806,0.043629589649275324,21,2688,256,2944,9.420282814764285,0.051267033862226086,9.454198624882483,data/problems/evaluation/coherent_rotation_04_r2_n14_b3.npz
evaluation_coherent_rotation_04,coherent_rotation,2,0,8219,dicke,True,0.0,0.1703030659190307,0.0017727598791143053,0.730143999065135,True,255.57155234082109,0.0,76,0,256,256,9.47154984862651,0.0,9.461272432971313,data/problems/evaluation/coherent_rotation_04_r2_n14_b3.npz
evaluation_coherent_rotation_04,coherent_rotation,2,0,8219,dicke_cvar,False,0.0,0.1790702001051249,0.0022074600045250236,0.6760150045781519,True,284.09801651285625,0.020025489259405838,19,2432,256,2688,9.47154984862651,0.0,9.458717297097499,data/problems/evaluation/coherent_rotation_04_r2_n14_b3.npz
evaluation_coherent_rotation_04,coherent_rotation,2,0,8219,dicke_cvar,True,0.006181593795950175,0.1789924785953658,0.0015731247186223237,0.7564948298309506,False,243.44701343920292,0.0,80,0,256,256,9.435898492914072,0.035651355712438715,9.46244435485107,data/problems/evaluation/coherent_rotation_04_r2_n14_b3.npz
evaluation_coherent_rotation_04,coherent_rotation,2,0,8233,baseline,False,0.024703233461256354,0.1921280787407091,0.028838513006000585,6.0710661036633695e-05,False,46.187078345944784,0.00029815780834763217,22,2816,256,3072,9.325398276633116,0.14615157199339457,9.300513009638417,data/problems/evaluation/coherent_rotation_04_r2_n14_b3.npz
evaluation_coherent_rotation_04,coherent_rotation,2,0,8233,baseline,True,0.024703233461256354,0.18894017841469582,0.02635247054210617,0.0008304987373675132,False,49.494815725498285,0.0,80,0,256,256,9.325398276633116,0.14615157199339457,9.315049087780105,data/problems/evaluation/coherent_rotation_04_r2_n14_b3.npz
evaluation_coherent_rotation_04,coherent_rotation,2,0,8233,cvar,False,0.024703233461256354,0.2368839351400685,0.022736204572342926,0.0030925666150012354,False,86.95680122451331,0.003288569079630932,22,2816,256,3072,9.325398276633116,0.14615157199339457,9.336969121800877,data/problems/evaluation/coherent_rotation_04_r2_n14_b3.npz
evaluation_coherent_rotation_04,coherent_rotation,2,0,8233,cvar,True,0.024703233461256354,0.2244148433295507,0.02335516972784791,0.0012161427265273694,False,66.14774939466976,0.0,80,0,256,256,9.325398276633116,0.14615157199339457,9.333327891658195,data/problems/evaluation/coherent_rotation_04_r2_n14_b3.npz
evaluation_coherent_rotation_04,coherent_rotation,2,0,8233,dicke,False,0.0,0.23294265141334175,0.003229211802948761,0.5905084283527522,True,209.2303987750398,0.11193045525169332,26,3328,256,3584,9.47154984862651,0.0,9.452700062164327,data/problems/evaluation/coherent_rotation_04_r2_n14_b3.npz
evaluation_coherent_rotation_04,coherent_rotation,2,0,8233,dicke,True,0.0,0.17032973995304984,0.0017811777872140519,0.7289400882259279,True,256.0989171289058,0.0,80,0,256,256,9.47154984862651,0.0,9.461223370409328,data/problems/evaluation/coherent_rotation_04_r2_n14_b3.npz
evaluation_coherent_rotation_04,coherent_rotation,2,0,8233,dicke_cvar,False,0.0,0.21285930296710254,0.0017895933482819685,0.7366752105667165,True,216.51581193810082,0.02549584467680477,24,3072,256,3328,9.47154984862651,0.0,9.461170539800491,data/problems/evaluation/coherent_rotation_04_r2_n14_b3.npz
evaluation_coherent_rotation_04,coherent_rotation,2,0,8233,dicke_cvar,True,0.0,0.17873622035998094,0.0015429448424278676,0.7611590520907301,True,242.24262003510034,0.0,35,0,256,256,9.47154984862651,0.0,9.4626191576251,data/problems/evaluation/coherent_rotation_04_r2_n14_b3.npz
evaluation_dephasing_00,dephasing,1,0,8201,baseline,False,0.04756131812434891,0.22031460325063834,0.04499561352147819,0.11000621932555932,False,14.302764675415,0.0027373145582649805,24,3072,256,3328,8.43523208501751,0.29657338191732485,8.447275231540516,data/problems/evaluation/dephasing_00_r1_n14_b3.npz
evaluation_dephasing_00,dephasing,1,0,8201,baseline,True,0.01731353834880337,0.21307112603849282,0.0355353757919739,0.15753234184124976,False,11.758718863902095,0.0,80,0,256,256,8.624131248456639,0.10767421847819669,8.50946983293262,data/problems/evaluation/dephasing_00_r1_n14_b3.npz
evaluation_dephasing_00,dephasing,1,0,8201,cvar,False,0.0,0.30653780886409515,0.0003910552182263394,0.9337543561057895,True,42.877587719169625,0.0008953702809946229,22,2816,256,3072,8.731805466934835,0.0,8.729359307511135,data/problems/evaluation/dephasing_00_r1_n14_b3.npz
evaluation_dephasing_00,dephasing,1,0,8201,cvar,True,0.0,0.3007110648919536,0.00029602496569601673,0.9541378923592659,True,36.80145465167881,0.0,80,0,256,256,8.731805466934835,0.0,8.729955335503476,data/problems/evaluation/dephasing_00_r1_n14_b3.npz
evaluation_dephasing_00,dephasing,1,0,8201,dicke,False,0.0,0.20581793744056606,0.0006226879724752583,0.7981772013043453,True,285.83176147646265,0.006309002869011149,22,2816,256,3072,8.731805466934835,0.0,8.727877091327912,data/problems/evaluation/dephasing_00_r1_n14_b3.npz
evaluation_dephasing_00,dephasing,1,0,8201,dicke,True,0.0013492956774451934,0.2037622536766548,0.00044361284282560056,0.8720609240468077,False,269.5233446920511,0.0,61,0,256,256,8.72311579713847,0.00868966979636454,8.729011757650532,data/problems/evaluation/dephasing_00_r1_n14_b3.npz
evaluation_dephasing_00,dephasing,1,0,8201,dicke_cvar,False,0.0,0.2070305466016882,0.00040511213495726586,0.8692666456423891,True,253.0888200899032,0.0015376330681222683,20,2560,256,2816,8.731805466934835,0.0,8.729249625389377,data/problems/evaluation/dephasing_00_r1_n14_b3.npz
evaluation_dephasing_00,dephasing,1,0,8201,dicke_cvar,True,0.0,0.20469362361134452,0.00042916323147606746,0.8577133001755346,True,260.94529326171437,0.0,66,0,256,256,8.731805466934835,0.0,8.729096778342733,data/problems/evaluation/dephasing_00_r1_n14_b3.npz
evaluation_dephasing_00,dephasing,1,0,8219,baseline,False,0.0013492956774451934,0.14095406569463326,0.0016026340274783316,0.03052037043773803,False,47.66776188426755,0.024648628589474697,25,3200,256,3456,8.72311579713847,0.00868966979636454,8.721550832212271,data/problems/evaluation/dephasing_00_r1_n14_b3.npz
evaluation_dephasing_00,dephasing,1,0,8219,baseline,True,0.0013492956774451934,0.133870057379414,0.006067676544882315,0.016356707165707696,False,29.606428609135605,0.0,59,0,256,256,8.72311579713847,0.00868966979636454,8.69380941449706,data/problems/evaluation/dephasing_00_r1_n14_b3.npz
evaluation_dephasing_00,dephasing,1,0,8219,cvar,False,0.0,0.23458962526067473,0.004747971099758021,0.5113047944195506,True,52.086701478356574,0.022689980996989156,20,2560,256,2816,8.731805466934835,0.0,8.70217861057634,data/problems/evaluation/dephasing_00_r1_n14_b3.npz
evaluation_dephasing_00,dephasing,1,0,8219,cvar,True,0.0013492956774451934,0.1466264027288659,0.0014688217592052834,0.00040370655659238697,False,64.88521262965921,0.0,80,0,256,256,8.72311579713847,0.00868966979636454,8.722373161759363,data/problems/evaluation/dephasing_00_r1_n14_b3.npz
evaluation_dephasing_00,dephasing,1,0,8219,dicke,False,0.0,0.2196852054329397,0.002006768132931188,0.7776381968788226,True,270.1592710168426,0.14353855098101942,20,2560,256,2816,8.731805466934835,0.0,8.719290177076406,data/problems/evaluation/dephasing_00_r1_n14_b3.npz
evaluation_dephasing_00,dephasing,1,0,8219,dicke,True,0.0,0.11990764522294386,0.0006574092307861767,0.8427051172571092,True,260.3385421839018,0.0,39,0,256,256,8.731805466934835,0.0,8.727678381558329,data/problems/evaluation/dephasing_00_r1_n14_b3.npz
evaluation_dephasing_00,dephasing,1,0,8219,dicke_cvar,False,0.0,0.2196852054329397,0.002006768132931188,0.7776381968788226,True,270.1592710168426,0.01182877627957657,18,2304,256,2560,8.731805466934835,0.0,8.719290177076406,data/problems/evaluation/dephasing_00_r1_n14_b3.npz
evaluation_dephasing_00,dephasing,1,0,8219,dicke_cvar,True,0.0,0.2041335892679239,0.0004259643988756086,0.867742988500977,True,264.2382366017088,0.0,80,0,256,256,8.731805466934835,0.0,8.729119848898685,data/problems/evaluation/dephasing_00_r1_n14_b3.npz
evaluation_dephasing_00,dephasing,1,0,8233,baseline,False,0.013735838855667763,0.22652939143868608,0.016348052305768385,0.00024146931737301092,False,47.43831800124855,0.0724671064111555,19,2432,256,2688,8.64612706860926,0.08567839832557489,8.630010284462614,data/problems/evaluation/dephasing_00_r1_n14_b3.npz
evaluation_dephasing_00,dephasing,1,0,8233,baseline,True,0.029722840229705092,0.18278020367043016,0.024538632313189573,0.00042205414565277266,False,55.939698286800784,0.0,80,0,256,256,8.546887856730473,0.18491761020436215,8.579030044233205,data/problems/evaluation/dephasing_00_r1_n14_b3.npz
evaluation_dephasing_00,dephasing,1,0,8233,cvar,False,0.013735838855667763,0.23573755949097983,0.010565383503441172,0.012687979263041993,False,66.96428997906924,0.01383562255172599,22,2816,256,3072,8.64612706860926,0.08567839832557489,8.665869983928943,data/problems/evaluation/dephasing_00_r1_n14_b3.npz
evaluation_dephasing_00,dephasing,1,0,8233,cvar,True,0.013735838855667763,0.22767133679945947,0.011987552797050147,0.008858303006093693,False,84.49127632116772,0.0,54,0,256,256,8.64612706860926,0.08567839832557489,8.657044715644659,data/problems/evaluation/dephasing_00_r1_n14_b3.npz
evaluation_dephasing_00,dephasing,1,0,8233,dicke,False,0.008847329321547049,0.13617582106296222,0.0013695434643160621,0.7686876656339187,False,275.0691678151533,0.06589979903874976,18,2304,256,2560,8.676641105367334,0.05516436156750082,8.723239916637873,data/problems/evaluation/dephasing_00_r1_n14_b3.npz
evaluation_dephasing_00,dephasing,1,0,8233,dicke,True,0.0,0.12033854991100439,0.000711797561814539,0.8393110926385683,True,264.1690042480299,0.0,80,0,256,256,8.731805466934835,0.0,8.727340061204865,data/problems/evaluation/dephasing_00_r1_n14_b3.npz
evaluation_dephasing_00,dephasing,1,0,8233,dicke_cvar,False,0.0,0.18202979281434578,0.0021396935963035454,0.6613545538271194,True,351.6458062323628,0.005575666258795131,19,2432,256,2688,8.731805466934835,0.0,8.718426332384976,data/problems/evaluation/dephasing_00_r1_n14_b3.npz
evaluation_dephasing_00,dephasing,1,0,8233,dicke_cvar,True,0.0,0.12155721495553339,0.0006323572368479582,0.8398610562434343,True,257.8555999802221,0.0,80,0,256,256,8.731805466934835,0.0,8.727832818328691,data/problems/evaluation/dephasing_00_r1_n14_b3.npz
evaluation_dephasing_00,dephasing,2,0,8201,baseline,False,0.015038944010947372,0.15483541166123163,0.020578934761255073,0.07161351952201334,False,24.004068473787502,0.010497936545067255,19,2432,256,2688,7.692473960682214,0.08544141645761005,7.660624414870737,data/problems/evaluation/dephasing_00_r2_n14_b3.npz
evaluation_dephasing_00,dephasing,2,0,8201,baseline,True,0.03227581504538096,0.1523719921803116,0.019405764330113276,0.05828292840172189,False,29.78109505698195,0.0,34,0,256,256,7.593702054597235,0.1842133225425897,7.667365782153175,data/problems/evaluation/dephasing_00_r2_n14_b3.npz
evaluation_dephasing_00,dephasing,2,0,8201,cvar,False,0.023350004426754254,0.23744527802323237,0.019507604061540805,0.0020051903964664053,False,129.07741465806933,0.0037638298825395378,20,2560,256,2816,7.644691279019337,0.13322409812048708,7.666816758966387,data/problems/evaluation/dephasing_00_r2_n14_b3.npz
evaluation_dephasing_00,dephasing,2,0,8201,cvar,True,0.023350004426754254,0.18631151053587885,0.018379492452274014,0.010492684958616993,False,108.059132013292,0.0,18,0,256,256,7.644691279019337,0.13322409812048708,7.673233355855855,data/problems/evaluation/dephasing_00_r2_n14_b3.npz
evaluation_dephasing_00,dephasing,2,0,8201,dicke,False,0.0,0.23078009303426092,0.0032088510453021886,0.30379460711095385,True,309.89465473113927,0.016902967266600122,20,2560,256,2816,7.777915377139824,0.0,7.759590586821012,data/problems/evaluation/dephasing_00_r2_n14_b3.npz
evaluation_dephasing_00,dephasing,2,0,8201,dicke,True,0.0,0.22587562682147316,0.0028449871609181306,0.4517215081055854,True,345.5876814807953,0.0,76,0,256,256,7.777915377139824,0.0,7.761673209966804,data/problems/evaluation/dephasing_00_r2_n14_b3.npz
evaluation_dephasing_00,dephasing,2,0,8201,dicke_cvar,False,0.0,0.23036448261914214,0.003286065659693093,0.2955986967547485,True,310.66933926429823,0.004267348473094623,19,2432,256,2688,7.777915377139824,0.0,7.759152116988805,data/problems/evaluation/dephasing_00_r2_n14_b3.npz
evaluation_dephasing_00,dephasing,2,0,8201,dicke_cvar,True,0.003077351934929523,0.12631312097372585,0.0016238592713609368,0.5188500625243319,False,242.43503569713693,0.0,60,0,256,256,7.760344556315021,0.017570820824803768,7.768641785586041,data/problems/evaluation/dephasing_00_r2_n14_b3.npz
evaluation_dephasing_00,dephasing,2,0,8219,baseline,False,0.0,0.1601517120290376,1.8631226818639583e-05,0.9939865572827725,True,32.62122659913376,0.08117591026360227,19,2432,256,2688,7.777915377139824,0.0,7.7778089961633725,data/problems/evaluation/dephasing_00_r2_n14_b3.npz
evaluation_dephasing_00,dephasing,2,0,8219,baseline,True,0.0,0.11357480568550893,3.008007824250979e-07,0.9999277435469506,True,21.23529760533195,0.0,20,0,256,256,7.777915377139824,0.0,7.777913659158917,data/problems/evaluation/dephasing_00_r2_n14_b3.npz
evaluation_dephasing_00,dephasing,2,0,8219,cvar,False,0.0,0.16622637318712719,2.43105348415223e-05,0.9921416692344247,True,33.023229233176764,0.0036863204375270353,21,2688,256,2944,7.777915377139824,0.0,7.7777765688704354,data/problems/evaluation/dephasing_00_r2_n14_b3.npz
evaluation_dephasing_00,dephasing,2,0,8219,cvar,True,0.0,0.1897949881393133,1.9919799692795727e-10,0.9999999392407359,True,31.09204759651025,0.0,61,0,256,256,7.777915377139824,0.0,7.777915376002549,data/problems/evaluation/dephasing_00_r2_n14_b3.npz
evaluation_dephasing_00,dephasing,2,0,8219,dicke,False,0.0,0.11945089791016818,0.0015879962991936557,0.5558837594589796,True,265.6134173549411,0.006141265277316732,24,3072,256,3328,7.777915377139824,0.0,7.768846047434261,data/problems/evaluation/dephasing_00_r2_n14_b3.npz
evaluation_dephasing_00,dephasing,2,0,8219,dicke,True,0.0,0.1180685066352638,0.0016784924632389083,0.5214522769372874,True,257.1922191114456,0.0,42,0,256,256,7.777915377139824,0.0,7.768329322245954,data/problems/evaluation/dephasing_00_r2_n14_b3.npz
evaluation_dephasing_00,dephasing,2,0,8219,dicke_cvar,False,0.003077351934929523,0.12302749628038359,0.0015912910777379535,0.5325447278655185,False,244.50858304286155,0.0002133391144882868,22,2816,256,3072,7.760344556315021,0.017570820824803768,7.768827668633275,data/problems/evaluation/dephasing_00_r2_n14_b3.npz
evaluation_dephasing_00,dephasing,2,0,8219,dicke_cvar,True,0.003077351934929523,0.1269330189393785,0.0016188772241800778,0.5198596582750563,False,242.25052778045495,0.0,80,0,256,256,7.760344556315021,0.017570820824803768,7.768670252206645,data/problems/evaluation/dephasing_00_r2_n14_b3.npz
evaluation_dephasing_00,dephasing,2,0,8233,baseline,False,0.0,0.14340128890208373,0.00204117472544243,0.3367106766920791,True,21.2146287491592,0.04111699990549322,22,2816,256,3072,7.777915377139824,0.0,7.76626083903953,data/problems/evaluation/dephasing_00_r2_n14_b3.npz
evaluation_dephasing_00,dephasing,2,0,8233,baseline,True,0.003077351934929523,0.1295398190500514,0.0018020143200132546,0.41442698087677843,False,15.430861250862634,0.0,67,0,256,256,7.760344556315021,0.017570820824803768,7.767626378217864,data/problems/evaluation/dephasing_00_r2_n14_b3.npz
evaluation_dephasing_00,dephasing,2,0,8233,cvar,False,0.0,0.1856001969407941,0.0009783716778054368,0.682365250573429,True,56.563661898470514,0.00019590130783253557,19,2432,256,2688,7.777915377139824,0.0,7.772329156019618,data/problems/evaluation/dephasing_00_r2_n14_b3.npz
evaluation_dephasing_00,dephasing,2,0,8233,cvar,True,0.0,0.1803823236209954,0.0007372836216509237,0.761355934785628,True,55.684866298033995,0.0,29,0,256,256,7.777915377139824,0.0,7.773705713449077,data/problems/evaluation/dephasing_00_r2_n14_b3.npz
evaluation_dephasing_00,dephasing,2,0,8233,dicke,False,0.003077351934929523,0.22679882059150783,0.0030163395082783324,0.39204116800081124,False,314.6205058833804,0.004174226613028242,21,2688,256,2944,7.760344556315021,0.017570820824803768,7.760695388262259,data/problems/evaluation/dephasing_00_r2_n14_b3.npz
evaluation_dephasing_00,dephasing,2,0,8233,dicke,True,0.003077351934929523,0.22586367137377528,0.002853334067567348,0.4484608913506508,False,343.6095270676141,0.0,80,0,256,256,7.760344556315021,0.017570820824803768,7.761625610907403,data/problems/evaluation/dephasing_00_r2_n14_b3.npz
evaluation_dephasing_00,dephasing,2,0,8233,dicke_cvar,False,0.0,0.22840551916047325,0.003141557788486584,0.3498684256620286,True,297.49439575517005,1.4506028467309307e-05,21,2688,256,2944,7.777915377139824,0.0,7.759980603207909,data/problems/evaluation/dephasing_00_r2_n14_b3.npz
evaluation_dephasing_00,dephasing,2,0,8233,dicke_cvar,True,0.0,0.2284681885695708,0.0031067109469156604,0.3562954304436806,True,294.8802546883306,0.0,60,0,256,256,7.777915377139824,0.0,7.760179512186649,data/problems/evaluation/dephasing_00_r2_n14_b3.npz
evaluation_dephasing_01,dephasing,1,0,8201,baseline,False,0.011106683716588541,0.3074229380455419,0.007667073889807013,0.2627210612442332,False,124.9491583574523,0.16590050516030597,22,2816,256,3072,10.737051458036724,0.09689524951193285,10.773014630411474,data/problems/evaluation/dephasing_01_r1_n14_b3.npz
evaluation_dephasing_01,dephasing,1,0,8201,baseline,True,0.0,0.22607077735146486,0.006286169475523102,0.30729361705790914,True,68.21806121734862,0.0,40,0,256,256,10.833946707548657,0.0,10.800264310842515,data/problems/evaluation/dephasing_01_r1_n14_b3.npz
evaluation_dephasing_01,dephasing,1,0,8201,cvar,False,0.011106683716588541,0.36127537409547467,0.026093937723469254,0.001954012243076453,False,114.883337769137,0.012488587259672723,21,2688,256,2944,10.737051458036724,0.09689524951193285,10.62739889227459,data/problems/evaluation/dephasing_01_r1_n14_b3.npz
evaluation_dephasing_01,dephasing,1,0,8201,cvar,True,0.03921875546464035,0.3371778799396685,0.030972212177904475,4.131966992126923e-05,False,117.71962088042974,0.0,25,0,256,256,10.502995602603143,0.3309511049455143,10.58513397749583,data/problems/evaluation/dephasing_01_r1_n14_b3.npz
evaluation_dephasing_01,dephasing,1,0,8201,dicke,False,0.0,0.23441009782209155,0.0014336639174193561,0.8222543119653558,True,253.9924898572164,0.13429559036628394,24,3072,256,3328,10.833946707548657,0.0,10.828457337802222,data/problems/evaluation/dephasing_01_r1_n14_b3.npz
evaluation_dephasing_01,dephasing,1,0,8201,dicke,True,0.0,0.2884378132950885,0.0021729939462894706,0.76299637966945,True,214.14960733480987,0.0,24,0,256,256,10.833946707548657,0.0,10.823593092506758,data/problems/evaluation/dephasing_01_r1_n14_b3.npz
evaluation_dephasing_01,dephasing,1,0,8201,dicke_cvar,False,0.008824608552119695,0.2922315949764479,0.001754366585980985,0.8540261698342955,False,254.8523670041882,0.09553401752420743,23,2944,256,3200,10.757884226546329,0.07606248100232804,10.819512183166417,data/problems/evaluation/dephasing_01_r1_n14_b3.npz
evaluation_dephasing_01,dephasing,1,0,8201,dicke_cvar,True,0.008824608552119695,0.27807176502486036,0.007575736261274469,0.21666186786143737,False,224.20269236836717,0.0,71,0,256,256,10.757884226546329,0.07606248100232804,10.774920070689467,data/problems/evaluation/dephasing_01_r1_n14_b3.npz
evaluation_dephasing_01,dephasing,1,0,8219,baseline,False,0.0,0.21640494118600945,0.00015780515036809906,0.9822775461016285,True,79.1153772446522,0.029520927171428485,21,2688,256,2944,10.833946707548657,0.0,10.83300473377917,data/problems/evaluation/dephasing_01_r1_n14_b3.npz
evaluation_dephasing_01,dephasing,1,0,8219,baseline,True,0.007924841820945706,0.1849791797951813,0.006557052493468562,0.240032105681956,False,33.680414826422876,0.0,70,0,256,256,10.813316858713707,0.020629848834950337,10.80414067492194,data/problems/evaluation/dephasing_01_r1_n14_b3.npz
evaluation_dephasing_01,dephasing,1,0,8219,cvar,False,0.0,0.21750397188810489,5.05968954397798e-07,0.9999390661398215,True,68.23483661525815,0.016801920486265942,21,2688,256,2944,10.833946707548657,0.0,10.833944524741444,data/problems/evaluation/dephasing_01_r1_n14_b3.npz
evaluation_dephasing_01,dephasing,1,0,8219,cvar,True,0.0,0.22820554683775574,3.066397996891412e-10,0.9999999642853822,True,57.23164756460134,0.0,78,0,256,256,10.833946707548657,0.0,10.833946705912489,data/problems/evaluation/dephasing_01_r1_n14_b3.npz
evaluation_dephasing_01,dephasing,1,0,8219,dicke,False,0.0,0.2941046734362728,0.0036073481975144425,0.6122287268037874,True,326.9979033392294,0.03814963318184483,19,2432,256,2688,10.833946707548657,0.0,10.812837547961232,data/problems/evaluation/dephasing_01_r1_n14_b3.npz
evaluation_dephasing_01,dephasing,1,0,8219,dicke,True,0.0,0.2884377432874898,0.0021678071225350254,0.7637374349230782,True,214.18641537904523,0.0,23,0,256,256,10.833946707548657,0.0,10.823601523563832,data/problems/evaluation/dephasing_01_r1_n14_b3.npz
evaluation_dephasing_01,dephasing,1,0,8219,dicke_cvar,False,0.011106683716588541,0.2966034846206428,0.0038102514936512286,0.5476668445074386,False,218.6453243719686,0.11944046049786672,19,2432,256,2688,10.737051458036724,0.09689524951193285,10.814868817925225,data/problems/evaluation/dephasing_01_r1_n14_b3.npz
evaluation_dephasing_01,dephasing,1,0,8219,dicke_cvar,True,0.0,0.22836254841723908,0.0013477021725260014,0.8327933414510652,True,250.9081234601037,0.0,74,0,256,256,10.833946707548657,0.0,10.828862555018173,data/problems/evaluation/dephasing_01_r1_n14_b3.npz
evaluation_dephasing_01,dephasing,1,0,8233,baseline,False,0.018555091630835057,0.354727328799162,0.0172033175009701,0.0,False,9.912530857621164,0.034918041760052754,20,2560,256,2816,10.749604910303805,0.08434179724485169,10.740525298734681,data/problems/evaluation/dephasing_01_r1_n14_b3.npz
evaluation_dephasing_01,dephasing,1,0,8233,baseline,True,0.017291306645852215,0.3112716974409955,0.011267262248964814,0.0,False,19.211213486581276,0.0,29,0,256,256,10.726319468434621,0.10762723911403604,10.791425606976127,data/problems/evaluation/dephasing_01_r1_n14_b3.npz
evaluation_dephasing_01,dephasing,1,0,8233,cvar,False,0.007924841820945706,0.3627637854116461,0.011001001724106134,0.0,False,20.876671436461404,0.04740475447233283,22,2816,256,3072,10.813316858713707,0.020629848834950337,10.786825972341733,data/problems/evaluation/dephasing_01_r1_n14_b3.npz
evaluation_dephasing_01,dephasing,1,0,8233,cvar,True,0.007924841820945706,0.31643246817380766,0.011475727927209137,0.0,False,19.20080194165699,0.0,27,0,256,256,10.813316858713707,0.020629848834950337,10.79050056213719,data/problems/evaluation/dephasing_01_r1_n14_b3.npz
evaluation_dephasing_01,dephasing,1,0,8233,dicke,False,0.008558300481391022,0.30567583918901553,0.005787265278790324,0.46570634254413157,False,219.7634872544423,0.10629648933854352,20,2560,256,2816,10.753887584586984,0.08005912296167317,10.791977672302782,data/problems/evaluation/dephasing_01_r1_n14_b3.npz
evaluation_dephasing_01,dephasing,1,0,8233,dicke,True,0.007924841820945706,0.2055311585948872,0.001702377406565094,0.7889092843946777,False,279.1851052462632,0.0,32,0,256,256,10.813316858713707,0.020629848834950337,10.827647970052496,data/problems/evaluation/dephasing_01_r1_n14_b3.npz
evaluation_dephasing_01,dephasing,1,0,8233,dicke_cvar,False,0.008558300481391022,0.30073891489379534,0.008327058787791088,0.2468514022545436,False,225.3923054572335,0.09261148781139728,19,2432,256,2688,10.753887584586984,0.08005912296167317,10.762708361126954,data/problems/evaluation/dephasing_01_r1_n14_b3.npz
evaluation_dephasing_01,dephasing,1,0,8233,dicke_cvar,True,0.011106683716588541,0.27952049356290604,0.008127844349704308,0.1685477625429621,False,216.17301611374344,0.0,80,0,256,256,10.737051458036724,0.09689524951193285,10.770930029377215,data/problems/evaluation/dephasing_01_r1_n14_b3.npz
evaluation_dephasing_01,dephasing,2,0,8201,baseline,False,0.04905164680831673,0.16611051496226095,0.04827198389765747,0.0,False,36.478152448865,0.037548007010352435,19,2432,256,2688,8.005418371307703,0.2992640681931231,8.01032634533017,data/problems/evaluation/dephasing_01_r2_n14_b3.npz
evaluation_dephasing_01,dephasing,2,0,8201,baseline,True,0.039669104506871215,0.11779842940089202,0.0415320923580812,0.0,False,17.80885321876621,0.0,36,0,256,256,8.062998225435022,0.24168421406580443,8.051561894361463,data/problems/evaluation/dephasing_01_r2_n14_b3.npz
evaluation_dephasing_01,dephasing,2,0,8201,cvar,False,0.05193524653823054,0.1619813693645388,0.04111720407954313,0.0,False,38.405123955792,0.003805114310580393,19,2432,256,2688,7.988015393486721,0.3166670460141052,8.054112732052495,data/problems/evaluation/dephasing_01_r2_n14_b3.npz
evaluation_dephasing_01,dephasing,2,0,8201,cvar,True,0.039669104506871215,0.16730086218258544,0.040341478326537956,0.0,False,40.14317818021084,0.0,80,0,256,256,8.062998225435022,0.24168421406580443,8.058859698431293,data/problems/evaluation/dephasing_01_r2_n14_b3.npz
evaluation_dephasing_01,dephasing,2,0,8201,dicke,False,0.0,0.11575235453219902,0.001889618550023109,0.637278264703268,True,309.8953711008144,0.017381392329793854,24,3072,256,3328,8.304682439500827,0.0,8.293591726994382,data/problems/evaluation/dephasing_01_r2_n14_b3.npz
evaluation_dephasing_01,dephasing,2,0,8201,dicke,True,0.0,0.10602395880672477,0.0014603039710843538,0.6865899423762359,True,283.6229399901887,0.0,29,0,256,256,8.304682439500827,0.0,8.296155033286944,data/problems/evaluation/dephasing_01_r2_n14_b3.npz
evaluation_dephasing_01,dephasing,2,0,8201,dicke_cvar,False,0.0,0.17567504681570031,0.005871020399315355,0.4019002130530104,True,322.729190556161,0.02192207865986795,21,2688,256,2944,8.304682439500827,0.0,8.26952134873168,data/problems/evaluation/dephasing_01_r2_n14_b3.npz
evaluation_dephasing_01,dephasing,2,0,8201,dicke_cvar,True,0.0,0.10919294559707081,0.0013582735178942792,0.6946255246629409,True,277.05707743859034,0.0,69,0,256,256,8.304682439500827,0.0,8.296767360713945,data/problems/evaluation/dephasing_01_r2_n14_b3.npz
evaluation_dephasing_01,dephasing,2,0,8219,baseline,False,0.01702363009785783,0.1873899594256655,0.010435427154449685,0.23369943983731412,False,31.261353679814512,0.021787074420992703,25,3200,256,3456,8.199373922868036,0.10530851663279073,8.241728973283188,data/problems/evaluation/dephasing_01_r2_n14_b3.npz
evaluation_dephasing_01,dephasing,2,0,8219,baseline,True,0.0,0.17992710263993755,0.0034825681311545353,0.6927660749688878,True,70.40728190718455,0.0,64,0,256,256,8.304682439500827,0.0,8.283603341409815,data/problems/evaluation/dephasing_01_r2_n14_b3.npz
evaluation_dephasing_01,dephasing,2,0,8219,cvar,False,0.0,0.20330687172120987,0.005556500334723025,0.6490469387521192,True,39.56149402018842,0.008533318904239806,22,2816,256,3072,8.304682439500827,0.0,8.27108291284757,data/problems/evaluation/dephasing_01_r2_n14_b3.npz
evaluation_dephasing_01,dephasing,2,0,8219,cvar,True,0.017892891247517525,0.18581568493647022,0.00291522373942733,0.7674928521762051,False,62.473464458998585,0.0,22,0,256,256,8.19613568812249,0.10854675137833603,8.287052580999616,data/problems/evaluation/dephasing_01_r2_n14_b3.npz
evaluation_dephasing_01,dephasing,2,0,8219,dicke,False,0.010274201694250498,0.1753890150507306,0.00528593961589844,0.4165768111820589,False,332.27509849931795,0.07239338776701754,18,2304,256,2560,8.244189107690865,0.06049333180996186,8.27308406258661,data/problems/evaluation/dephasing_01_r2_n14_b3.npz
evaluation_dephasing_01,dephasing,2,0,8219,dicke,True,0.0,0.10600336839416087,0.001452461670205517,0.68808174231377,True,283.257055508685,0.0,76,0,256,256,8.304682439500827,0.0,8.29620103943613,data/problems/evaluation/dephasing_01_r2_n14_b3.npz
evaluation_dephasing_01,dephasing,2,0,8219,dicke_cvar,False,0.0029600486689257246,0.17109815091245356,0.0031744808984459963,0.34741981493663043,False,274.9911518274425,0.01985337479224558,22,2816,256,3072,8.287783382318608,0.016899057182218513,8.286121590734341,data/problems/evaluation/dephasing_01_r2_n14_b3.npz
evaluation_dephasing_01,dephasing,2,0,8219,dicke_cvar,True,0.0,0.10828563491523341,0.0013721521071849935,0.6913933235973697,True,277.1532092380789,0.0,80,0,256,256,8.304682439500827,0.0,8.29668685532808,data/problems/evaluation/dephasing_01_r2_n14_b3.npz
evaluation_dephasing_01,dephasing,2,0,8233,baseline,False,0.08275691220184322,0.1754218822014417,0.08273964992329076,0.0,False,27.83590797007093,0.0267352586249876,27,3456,256,3712,7.799391683456571,0.5052907560442552,7.799418764075077,data/problems/evaluation/dephasing_01_r2_n14_b3.npz
evaluation_dephasing_01,dephasing,2,0,8233,baseline,True,0.0859925552719275,0.17222465599041456,0.08694859556229774,0.0,False,23.166963289418817,0.0,80,0,256,256,7.779561871320599,0.5251205681802276,7.773689442399186,data/problems/evaluation/dephasing_01_r2_n14_b3.npz
evaluation_dephasing_01,dephasing,2,0,8233,cvar,False,0.06596950259935723,0.2694856057312335,0.06631074302933855,0.0,False,17.254366043224387,0.003219351598637843,20,2560,256,2816,7.901580801525541,0.4031016379752854,7.899608412976429,data/problems/evaluation/dephasing_01_r2_n14_b3.npz
evaluation_dephasing_01,dephasing,2,0,8233,cvar,True,0.06596950259935723,0.2528597811985761,0.06615645915016202,0.0,False,23.48187426211324,0.0,28,0,256,256,7.901580801525541,0.4031016379752854,7.9004946527606945,data/problems/evaluation/dephasing_01_r2_n14_b3.npz
evaluation_dephasing_01,dephasing,2,0,8233,dicke,False,0.010274201694250498,0.17319922020230755,0.0026236726080537,0.6109820024670285,False,320.4295786660256,0.0038121765242440375,21,2688,256,2944,8.244189107690865,0.06049333180996186,8.289066906225576,data/problems/evaluation/dephasing_01_r2_n14_b3.npz
evaluation_dephasing_01,dephasing,2,0,8233,dicke,True,0.0,0.10600157180885768,0.0014492019675014915,0.6881444733543347,True,282.98639723922213,0.0,68,0,256,256,8.304682439500827,0.0,8.29622087556488,data/problems/evaluation/dephasing_01_r2_n14_b3.npz
evaluation_dephasing_01,dephasing,2,0,8233,dicke_cvar,False,0.0029600486689257246,0.17092102589865596,0.00234371143045025,0.6380301475522272,False,303.28291745741757,0.005250229675141327,22,2816,256,3072,8.287783382318608,0.016899057182218513,8.290739105110557,data/problems/evaluation/dephasing_01_r2_n14_b3.npz
evaluation_dephasing_01,dephasing,2,0,8233,dicke_cvar,True,0.0,0.10905750005054492,0.0013599259596829946,0.6939381165774228,True,276.95214683397035,0.0,74,0,256,256,8.304682439500827,0.0,8.296758155157065,data/problems/evaluation/dephasing_01_r2_n14_b3.npz
evaluation_dephasing_02,dephasing,1,0,8201,baseline,False,0.10820677227259275,0.429959170040046,0.17170733864857884,0.0,False,20.757717923642822,0.0017670905925231128,25,3200,256,3456,9.658148264878255,0.744232273005009,9.067965024170249,data/problems/evaluation/dephasing_02_r1_n14_b3.npz
evaluation_dephasing_02,dephasing,1,0,8201,baseline,True,0.12283767530510206,0.4265078092404843,0.17096456659443945,0.0,False,19.356631687791868,0.0,80,0,256,256,9.534936157928367,0.8674443799548968,9.077103073901467,data/problems/evaluation/dephasing_02_r1_n14_b3.npz
evaluation_dephasing_02,dephasing,1,0,8201,cvar,False,0.2799184787049573,0.4393340109153827,0.18836599271083274,0.0,False,14.405661578634598,0.04293780786859358,19,2432,256,2688,8.041235882538839,2.3611446553444253,8.890146133961206,data/problems/evaluation/dephasing_02_r1_n14_b3.npz
evaluation_dephasing_02,dephasing,1,0,8201,cvar,True,0.13987343149779471,0.44631616506992333,0.1740882758699891,0.0,False,18.272394392823657,0.0,60,0,256,256,9.403096769860996,0.9992837680222681,9.039780738321133,data/problems/evaluation/dephasing_02_r1_n14_b3.npz
evaluation_dephasing_02,dephasing,1,0,8201,dicke,False,0.0,0.1982789798632785,0.0007337620649026183,0.8583589513257037,True,268.05101455383783,0.009597111648529832,24,3072,256,3328,10.402380537883264,0.0,10.396578862391031,data/problems/evaluation/dephasing_02_r1_n14_b3.npz
evaluation_dephasing_02,dephasing,1,0,8201,dicke,True,0.004465633403387818,0.19333870442676548,0.0006231771671403853,0.8753308153456193,False,262.69130786094956,0.0,70,0,256,256,10.367219293381861,0.03516124450140268,10.397457628681327,data/problems/evaluation/dephasing_02_r1_n14_b3.npz
evaluation_dephasing_02,dephasing,1,0,8201,dicke_cvar,False,0.0,0.2715261988386378,0.0038346713909152173,0.5436639659704543,True,355.9528317694685,0.05383721252581929,21,2688,256,2944,10.402380537883264,0.0,10.37181946643845,data/problems/evaluation/dephasing_02_r1_n14_b3.npz
evaluation_dephasing_02,dephasing,1,0,8201,dicke_cvar,True,0.0,0.2115091062764986,0.0003506952163692393,0.9258306787141237,True,247.91425308757408,0.0,80,0,256,256,10.402380537883264,0.0,10.39961443611553,data/problems/evaluation/dephasing_02_r1_n14_b3.npz
evaluation_dephasing_02,dephasing,1,0,8219,baseline,False,0.0,0.2461659294800624,0.005477003281545723,0.09333981544348102,True,87.14694920805536,0.022453965461824987,19,2432,256,2688,10.402380537883264,0.0,10.35892437002879,data/problems/evaluation/dephasing_02_r1_n14_b3.npz
evaluation_dephasing_02,dephasing,1,0,8219,baseline,True,0.004465633403387818,0.22587338304475146,0.007905730629372141,0.01615239503511401,False,65.62903774106937,0.0,80,0,256,256,10.367219293381861,0.03516124450140268,10.339383489973287,data/problems/evaluation/dephasing_02_r1_n14_b3.npz
evaluation_dephasing_02,dephasing,1,0,8219,cvar,False,0.01009972087631636,0.25498566608549905,0.005413217867546347,0.13240619170447676,False,79.08815868303937,0.000762584799804622,22,2816,256,3072,10.321393055952669,0.08098748193059535,10.359403361742359,data/problems/evaluation/dephasing_02_r1_n14_b3.npz
evaluation_dephasing_02,dephasing,1,0,8219,cvar,True,0.014230512784003642,0.2383744199300371,0.007191894700024621,0.005661665775648084,False,67.9363354305808,0.0,80,0,256,256,10.288376142435965,0.11400439544729934,10.345147152524635,data/problems/evaluation/dephasing_02_r1_n14_b3.npz
evaluation_dephasing_02,dephasing,1,0,8219,dicke,False,0.0,0.22926117585666045,0.00033258749566917174,0.9292637701351426,True,248.42770718324635,0.02154488768592866,22,2816,256,3072,10.402380537883264,0.0,10.399757724858299,data/problems/evaluation/dephasing_02_r1_n14_b3.npz
evaluation_dephasing_02,dephasing,1,0,8219,dicke,True,0.004465633403387818,0.2655275879346988,0.005917865870149009,0.08219442882335293,False,285.83981015402327,0.0,80,0,256,256,10.367219293381861,0.03516124450140268,10.355377539864213,data/problems/evaluation/dephasing_02_r1_n14_b3.npz
evaluation_dephasing_02,dephasing,1,0,8219,dicke_cvar,False,0.0,0.2881058897519062,0.001349376949056367,0.8550454309959675,True,214.55966498723004,0.10860982103339933,19,2432,256,2688,10.402380537883264,0.0,10.391639859278659,data/problems/evaluation/dephasing_02_r1_n14_b3.npz
evaluation_dephasing_02,dephasing,1,0,8219,dicke_cvar,True,0.0,0.2167035794270731,0.0003445217200266949,0.9269548069280944,True,248.96392251243444,0.0,72,0,256,256,10.402380537883264,0.0,10.399663326935984,data/problems/evaluation/dephasing_02_r1_n14_b3.npz
evaluation_dephasing_02,dephasing,1,0,8233,baseline,False,0.004465633403387818,0.18095306014527904,0.007063131206044059,0.3765490198581626,False,27.893505487141123,0.0020512504742495885,20,2560,256,2816,10.367219293381861,0.03516124450140268,10.345801958453002,data/problems/evaluation/dephasing_02_r1_n14_b3.npz
evaluation_dephasing_02,dephasing,1,0,8233,baseline,True,0.01009972087631636,0.1805328741524007,0.008041169029220177,0.32770650808713186,False,23.363401781803653,0.0,23,0,256,256,10.321393055952669,0.08098748193059535,10.337943974309153,data/problems/evaluation/dephasing_02_r1_n14_b3.npz
evaluation_dephasing_02,dephasing,1,0,8233,cvar,False,0.004465633403387818,0.19083289245718502,0.00672464791998774,0.38091370367764366,False,55.735150580431714,0.001784529827686003,18,2304,256,2560,10.367219293381861,0.03516124450140268,10.348572649028892,data/problems/evaluation/dephasing_02_r1_n14_b3.npz
evaluation_dephasing_02,dephasing,1,0,8233,cvar,True,0.0,0.19014945788781829,0.006186287169098421,0.4265670924277466,True,53.82024891390699,0.0,17,0,256,256,10.402380537883264,0.0,10.352876843829613,data/problems/evaluation/dephasing_02_r1_n14_b3.npz
evaluation_dephasing_02,dephasing,1,0,8233,dicke,False,0.0,0.20423909695922798,0.0006595847743708631,0.8725795950565733,True,261.72436900189587,0.032307863684334026,22,2816,256,3072,10.402380537883264,0.0,10.397165639597882,data/problems/evaluation/dephasing_02_r1_n14_b3.npz
evaluation_dephasing_02,dephasing,1,0,8233,dicke,True,0.0,0.1933368486213593,0.0006210769549713921,0.875715584537727,True,262.5414311317967,0.0,42,0,256,256,10.402380537883264,0.0,10.397474257692389,data/problems/evaluation/dephasing_02_r1_n14_b3.npz
evaluation_dephasing_02,dephasing,1,0,8233,dicke_cvar,False,0.014230512784003642,0.294309583586811,0.004458800137417998,0.6727292281971836,False,328.79864884369863,0.10869991365786026,17,2176,256,2432,10.288376142435965,0.11400439544729934,10.366743710004176,data/problems/evaluation/dephasing_02_r1_n14_b3.npz
evaluation_dephasing_02,dephasing,1,0,8233,dicke_cvar,True,0.0,0.21168022424324093,0.00035445462882592143,0.9250454398087987,True,248.5194676520394,0.0,80,0,256,256,10.402380537883264,0.0,10.399584768976924,data/problems/evaluation/dephasing_02_r1_n14_b3.npz
evaluation_dephasing_02,dephasing,2,0,8201,baseline,False,0.013243678850693481,0.4014394903726134,0.016152443936630925,0.017140428541805752,False,29.53639694007245,0.02896241259466059,22,2816,256,3072,8.476886146849667,0.08678026365729252,8.457827164120186,data/problems/evaluation/dephasing_02_r2_n14_b3.npz
evaluation_dephasing_02,dephasing,2,0,8201,baseline,True,0.02711293398416073,0.39225329065129966,0.015629677078105357,0.021613864035719965,False,24.132112750400445,0.0,24,0,256,256,8.386010335894236,0.1776560746127238,8.461252499519114,data/problems/evaluation/dephasing_02_r2_n14_b3.npz
evaluation_dephasing_02,dephasing,2,0,8201,cvar,False,0.0,0.4225945314490187,0.0032168189688226135,0.7664610544581041,True,24.254831637809765,0.03836538379979704,26,3328,256,3584,8.56366641050696,0.0,8.542589101375263,data/problems/evaluation/dephasing_02_r2_n14_b3.npz
evaluation_dephasing_02,dephasing,2,0,8201,cvar,True,0.013243678850693481,0.4342706425650922,0.014648776079548415,0.0038394718173262454,False,17.50858339405462,0.0,80,0,256,256,8.476886146849667,0.08678026365729252,8.46767977439068,data/problems/evaluation/dephasing_02_r2_n14_b3.npz
evaluation_dephasing_02,dephasing,2,0,8201,dicke,False,0.013243678850693481,0.24896075709562207,0.010534333141115529,0.215921743710923,False,237.96688660759145,0.045239937300963984,22,2816,256,3072,8.476886146849667,0.08678026365729252,8.494640064430822,data/problems/evaluation/dephasing_02_r2_n14_b3.npz
evaluation_dephasing_02,dephasing,2,0,8201,dicke,True,0.013243678850693481,0.22769830895058557,0.006172217408927225,0.537376970147111,False,256.1554567134795,0.0,19,0,256,256,8.476886146849667,0.08678026365729252,8.523222687318139,data/problems/evaluation/dephasing_02_r2_n14_b3.npz
evaluation_dephasing_02,dephasing,2,0,8201,dicke_cvar,False,0.013243678850693481,0.23624212754469578,0.004601604398937524,0.6549585482436873,False,269.9490289081981,0.004430351932166232,19,2432,256,2688,8.476886146849667,0.08678026365729252,8.5335141910243,data/problems/evaluation/dephasing_02_r2_n14_b3.npz
evaluation_dephasing_02,dephasing,2,0,8201,dicke_cvar,True,0.0,0.2449413150846392,0.006217822285523206,0.5338947904110878,True,246.87676717983325,0.0,23,0,256,256,8.56366641050696,0.0,8.522923855587557,data/problems/evaluation/dephasing_02_r2_n14_b3.npz
evaluation_dephasing_02,dephasing,2,0,8219,baseline,False,0.028140338120787377,0.46946621401157695,0.020114563915331316,0.022790319143690674,False,67.64499344203391,0.16258166327836587,19,2432,256,2688,8.379267100994369,0.18439930951259065,8.431855496299304,data/problems/evaluation/dephasing_02_r2_n14_b3.npz
evaluation_dephasing_02,dephasing,2,0,8219,baseline,True,0.014268885089878064,0.43955310925333635,0.018504511829479448,0.059864896719304284,False,43.71367762861374,0.0,23,0,256,256,8.470153335431085,0.09351307507587414,8.442408681408994,data/problems/evaluation/dephasing_02_r2_n14_b3.npz
evaluation_dephasing_02,dephasing,2,0,8219,cvar,False,0.018199466816873427,0.46466444246038796,0.018941630317961877,4.1320258283295e-05,False,43.8442036550526,0.058070066519480434,23,2944,256,3200,8.444432206389177,0.11923420411778274,8.439555930357162,data/problems/evaluation/dephasing_02_r2_n14_b3.npz
evaluation_dephasing_02,dephasing,2,0,8219,cvar,True,0.013243678850693481,0.45428719372571125,0.021332987889772625,0.05020635670954665,False,64.82729692713055,0.0,19,0,256,256,8.476886146849667,0.08678026365729252,8.42387650359634,data/problems/evaluation/dephasing_02_r2_n14_b3.npz
evaluation_dephasing_02,dephasing,2,0,8219,dicke,False,0.0,0.2408441375911835,0.007864933167711276,0.4131794976571791,True,266.8284081701809,0.018114714957933487,21,2688,256,2944,8.56366641050696,0.0,8.512131210773443,data/problems/evaluation/dephasing_02_r2_n14_b3.npz
evaluation_dephasing_02,dephasing,2,0,8219,dicke,True,0.0,0.3813317413277743,0.007144277857694246,0.505523621823738,True,363.9999999626689,0.0,18,0,256,256,8.56366641050696,0.0,8.516853338095437,data/problems/evaluation/dephasing_02_r2_n14_b3.npz
evaluation_dephasing_02,dephasing,2,0,8219,dicke_cvar,False,0.013869763034160949,0.318904582560237,0.01273670249081096,0.08941069863828155,False,248.176163385934,0.018243053840522272,19,2432,256,2688,8.472789512257059,0.09087689824990086,8.480211271200599,data/problems/evaluation/dephasing_02_r2_n14_b3.npz
evaluation_dephasing_02,dephasing,2,0,8219,dicke_cvar,True,0.0,0.3813626020404452,0.007573132277494576,0.4796795038989895,True,362.8432490960539,0.0,80,0,256,256,8.56366641050696,0.0,8.514043437830141,data/problems/evaluation/dephasing_02_r2_n14_b3.npz
evaluation_dephasing_02,dephasing,2,0,8233,baseline,False,0.06840797866108847,0.182803848980817,0.06735794755880306,0.0,False,13.79398760464921,0.02932050813230358,20,2560,256,2816,8.115453679769917,0.44821273073704226,8.12233369040238,data/problems/evaluation/dephasing_02_r2_n14_b3.npz
evaluation_dephasing_02,dephasing,2,0,8233,baseline,True,0.06840797866108847,0.16950377975640923,0.06589312791051048,0.0,False,10.852298760341366,0.0,22,0,256,256,8.115453679769917,0.44821273073704226,8.131931707029239,data/problems/evaluation/dephasing_02_r2_n14_b3.npz
evaluation_dephasing_02,dephasing,2,0,8233,cvar,False,0.06355648259197648,0.23362233911076447,0.06357374394789832,0.0,False,27.416440472431507,0.0017141715818524972,19,2432,256,2688,8.147241280665876,0.41642512984108393,8.147128463279728,data/problems/evaluation/dephasing_02_r2_n14_b3.npz
evaluation_dephasing_02,dephasing,2,0,8233,cvar,True,0.06840797866108847,0.18164275777683467,0.06384709411641268,0.0,False,15.263723048960465,0.0,20,0,256,256,8.115453679769917,0.44821273073704226,8.145337344464867,data/problems/evaluation/dephasing_02_r2_n14_b3.npz
evaluation_dephasing_02,dephasing,2,0,8233,dicke,False,0.013869763034160949,0.38982754877831005,0.010396685596061843,0.28544048312757275,False,292.9011682664926,0.040186057191306856,22,2816,256,3072,8.472789512257059,0.09087689824990086,8.495542828896921,data/problems/evaluation/dephasing_02_r2_n14_b3.npz
evaluation_dephasing_02,dephasing,2,0,8233,dicke,True,0.013243678850693481,0.38133072656426564,0.007146910102818415,0.5053650877186253,False,363.99994505590786,0.0,23,0,256,256,8.476886146849667,0.08678026365729252,8.516836091215099,data/problems/evaluation/dephasing_02_r2_n14_b3.npz
evaluation_dephasing_02,dephasing,2,0,8233,dicke_cvar,False,0.013243678850693481,0.3844180307364527,0.008718474328043086,0.3893773312522396,False,286.5656952870895,0.02334644590540469,21,2688,256,2944,8.476886146849667,0.08678026365729252,8.506538987462523,data/problems/evaluation/dephasing_02_r2_n14_b3.npz
evaluation_dephasing_02,dephasing,2,0,8233,dicke_cvar,True,0.013243678850693481,0.38135324881849414,0.007583813537612618,0.4790735275714173,False,362.77377806695216,0.0,80,0,256,256,8.476886146849667,0.08678026365729252,8.513973454641883,data/problems/evaluation/dephasing_02_r2_n14_b3.npz
evaluation_dephasing_03,dephasing,1,0,8201,baseline,False,0.0329814775656987,0.2101942637553976,0.03658254814041402,0.0,False,35.90851480775815,0.0758664185059299,23,2944,256,3200,12.609502999269203,0.3522698866672602,12.570983099579983,data/problems/evaluation/dephasing_03_r1_n14_b3.npz
evaluation_dephasing_03,dephasing,1,0,8201,baseline,True,0.0329814775656987,0.19587409471846323,0.03374277227614322,0.0,False,54.383945689042925,0.0,25,0,256,256,12.609502999269203,0.3522698866672602,12.601442619281713,data/problems/evaluation/dephasing_03_r1_n14_b3.npz
evaluation_dephasing_03,dephasing,1,0,8201,cvar,False,0.029918436590317038,0.20200705414598577,0.03177232425536472,0.0,False,81.45199834036013,0.005027805269253616,21,2688,256,2944,12.642476360194552,0.3192965257419118,12.622856864989883,data/problems/evaluation/dephasing_03_r1_n14_b3.npz
evaluation_dephasing_03,dephasing,1,0,8201,cvar,True,0.029918436590317038,0.23413979970542256,0.027660739884928866,0.0,False,31.38202036005082,0.0,42,0,256,256,12.642476360194552,0.3192965257419118,12.667393937294817,data/problems/evaluation/dephasing_03_r1_n14_b3.npz
evaluation_dephasing_03,dephasing,1,0,8201,dicke,False,0.0,0.20688249062896255,0.005082524341771962,0.214613785268429,True,224.86920309439068,0.10895942353942356,21,2688,256,2944,12.961772885936464,0.0,12.907760951590785,data/problems/evaluation/dephasing_03_r1_n14_b3.npz
evaluation_dephasing_03,dephasing,1,0,8201,dicke,True,0.002889742279276313,0.17735532706941587,0.002541134690134795,0.37473719586199694,False,242.99016772183776,0.0,26,0,256,256,12.93118921825338,0.03058366768308396,12.934783991434646,data/problems/evaluation/dephasing_03_r1_n14_b3.npz
evaluation_dephasing_03,dephasing,1,0,8201,dicke_cvar,False,0.002889742279276313,0.1939744443663363,0.003563276848441368,0.08451053076203119,False,270.1908278489672,0.0018821030238549419,19,2432,256,2688,12.93118921825338,0.03058366768308396,12.92440115039028,data/problems/evaluation/dephasing_03_r1_n14_b3.npz
evaluation_dephasing_03,dephasing,1,0,8201,dicke_cvar,True,0.002889742279276313,0.17985293565509533,0.0025029680208296227,0.39875868748251253,False,264.82945142304646,0.0,27,0,256,256,12.93118921825338,0.03058366768308396,12.935205450978177,data/problems/evaluation/dephasing_03_r1_n14_b3.npz
evaluation_dephasing_03,dephasing,1,0,8219,baseline,False,0.016445774511864845,0.18072938040250366,0.025030080013662775,9.284701574829857e-05,False,41.95180351263888,0.015251111867907063,21,2688,256,2944,12.784527220513729,0.1772456654227348,12.694693781528958,data/problems/evaluation/dephasing_03_r1_n14_b3.npz
evaluation_dephasing_03,dephasing,1,0,8219,baseline,True,0.012671780729366977,0.1873140411080893,0.015869143304981268,9.84001045057914e-05,False,42.52347797428151,0.0,63,0,256,256,12.827313731152026,0.13445915478443737,12.791960939190902,data/problems/evaluation/dephasing_03_r1_n14_b3.npz
evaluation_dephasing_03,dephasing,1,0,8219,cvar,False,0.002889742279276313,0.2626089303381342,0.008482063918400628,0.03027875541280378,False,111.37570549215161,0.017083523581454596,21,2688,256,2944,12.93118921825338,0.03058366768308396,12.87158377263829,data/problems/evaluation/dephasing_03_r1_n14_b3.npz
evaluation_dephasing_03,dephasing,1,0,8219,cvar,True,0.009559658780436173,0.2346866683292495,0.011002313258654046,0.012888917091753327,False,100.28043308799995,0.0,47,0,256,256,12.859548190130933,0.10222469580553017,12.844537081304,data/problems/evaluation/dephasing_03_r1_n14_b3.npz
evaluation_dephasing_03,dephasing,1,0,8219,dicke,False,0.002889742279276313,0.18243482937210526,0.0020924457639672385,0.5211683248752434,False,296.4081385165096,0.03414371831301288,21,2688,256,2944,12.93118921825338,0.03058366768308396,12.939569902082676,data/problems/evaluation/dephasing_03_r1_n14_b3.npz
evaluation_dephasing_03,dephasing,1,0,8219,dicke,True,0.0,0.17735796334217202,0.0025411699449955694,0.3755159756422113,True,243.66979550001994,0.0,33,0,256,256,12.961772885936464,0.0,12.93478408518315,data/problems/evaluation/dephasing_03_r1_n14_b3.npz
evaluation_dephasing_03,dephasing,1,0,8219,dicke_cvar,False,0.0,0.14779232622141472,0.0007925071458748602,0.7592872072160022,True,282.3324008665537,0.005181413868664109,24,3072,256,3328,12.961772885936464,0.0,12.953411660336416,data/problems/evaluation/dephasing_03_r1_n14_b3.npz
evaluation_dephasing_03,dephasing,1,0,8219,dicke_cvar,True,0.0,0.17983760428300855,0.0025061801242862794,0.39773792141921993,True,264.5638830611121,0.0,34,0,256,256,12.961772885936464,0.0,12.935171271125835,data/problems/evaluation/dephasing_03_r1_n14_b3.npz
evaluation_dephasing_03,dephasing,1,0,8233,baseline,False,0.0329814775656987,0.20490045181217142,0.03594862002775514,0.0,False,37.21427907898895,0.04845032841997643,19,2432,256,2688,12.609502999269203,0.3522698866672602,12.577765781242297,data/problems/evaluation/dephasing_03_r1_n14_b3.npz
evaluation_dephasing_03,dephasing,1,0,8233,baseline,True,0.0329814775656987,0.19587408350340443,0.03374204871440801,0.0,False,54.39633269082432,0.0,26,0,256,256,12.609502999269203,0.3522698866672602,12.601450451685894,data/problems/evaluation/dephasing_03_r1_n14_b3.npz
evaluation_dephasing_03,dephasing,1,0,8233,cvar,False,0.027519288066208805,0.2684375576981646,0.028296600654671666,0.0,False,26.11454005335637,0.04512077637479717,22,2816,256,3072,12.669544174346779,0.29222871158968466,12.660722678596919,data/problems/evaluation/dephasing_03_r1_n14_b3.npz
evaluation_dephasing_03,dephasing,1,0,8233,cvar,True,0.027519288066208805,0.2341015489109363,0.027663013044732954,0.0,False,31.44673692149682,0.0,39,0,256,256,12.669544174346779,0.29222871158968466,12.66736833946548,data/problems/evaluation/dephasing_03_r1_n14_b3.npz
evaluation_dephasing_03,dephasing,1,0,8233,dicke,False,0.002889742279276313,0.182794290771032,0.002073793929793517,0.52643700124568,False,298.60794632650544,0.023131514677318776,24,3072,256,3328,12.93118921825338,0.03058366768308396,12.939768822011944,data/problems/evaluation/dephasing_03_r1_n14_b3.npz
evaluation_dephasing_03,dephasing,1,0,8233,dicke,True,0.0,0.18325316141053877,0.001484883850261129,0.6838676419945501,True,268.24248927397815,0.0,27,0,256,256,12.961772885936464,0.0,12.946024412692834,data/problems/evaluation/dephasing_03_r1_n14_b3.npz
evaluation_dephasing_03,dephasing,1,0,8233,dicke_cvar,False,0.0030986221093920736,0.19608635653554862,0.0020353353220331017,0.5316924853567844,False,360.8068110403102,0.012346951735905165,24,3072,256,3328,12.929689429221916,0.032083456714547154,12.940272936184371,data/problems/evaluation/dephasing_03_r1_n14_b3.npz
evaluation_dephasing_03,dephasing,1,0,8233,dicke_cvar,True,0.005522781141443151,0.20234403049262248,0.0037624077173012338,0.1458487811147453,False,247.02153383250123,0.0,28,0,256,256,12.90318267461587,0.05859021132059361,12.922135112910702,data/problems/evaluation/dephasing_03_r1_n14_b3.npz
evaluation_dephasing_03,dephasing,2,0,8201,baseline,False,0.014022225457594748,0.20130479018577294,0.01403228145320303,0.0,False,73.37274042748787,0.1407184502845551,20,2560,256,2816,10.999990772261894,0.12279160687363166,10.999867261695881,data/problems/evaluation/dephasing_03_r2_n14_b3.npz
evaluation_dephasing_03,dephasing,2,0,8201,baseline,True,0.014022225457594748,0.17867297513303373,0.014287410400205121,0.0,False,70.97990172433747,0.0,80,0,256,256,10.999990772261894,0.12279160687363166,10.99740992236402,data/problems/evaluation/dephasing_03_r2_n14_b3.npz
evaluation_dephasing_03,dephasing,2,0,8201,cvar,False,0.014022225457594748,0.24464266758360126,0.014000536825279995,0.0,False,48.81025384127707,0.05734004276949278,23,2944,256,3200,10.999990772261894,0.12279160687363166,11.000053378739024,data/problems/evaluation/dephasing_03_r2_n14_b3.npz
evaluation_dephasing_03,dephasing,2,0,8201,cvar,True,0.014022225457594748,0.19777568562364775,0.014027803201964924,0.0,False,76.91930146607065,0.0,28,0,256,256,10.999990772261894,0.12279160687363166,10.999892015637075,data/problems/evaluation/dephasing_03_r2_n14_b3.npz
evaluation_dephasing_03,dephasing,2,0,8201,dicke,False,0.009189107678610356,0.19721827037855585,0.002899566486594569,0.47820496717700633,False,360.4967091151006,0.039272636740816935,20,2560,256,2816,11.043422384248283,0.07935999488724299,11.097504108298892,data/problems/evaluation/dephasing_03_r2_n14_b3.npz
evaluation_dephasing_03,dephasing,2,0,8201,dicke,True,0.0,0.19576200870652485,0.002794061950233352,0.5055263498019873,True,363.99999958623806,0.0,18,0,256,256,11.122782379135526,0.0,11.098434103794695,data/problems/evaluation/dephasing_03_r2_n14_b3.npz
evaluation_dephasing_03,dephasing,2,0,8201,dicke_cvar,False,0.009189107678610356,0.19289673392931145,0.005423867546116606,0.3245080586198671,False,268.4600084206045,0.023302115670420953,22,2816,256,3072,11.043422384248283,0.07935999488724299,11.07565562089298,data/problems/evaluation/dephasing_03_r2_n14_b3.npz
evaluation_dephasing_03,dephasing,2,0,8201,dicke_cvar,True,0.0,0.09994741440453377,0.002072180842409884,0.5931285400337085,True,246.71265379774445,0.0,43,0,256,256,11.122782379135526,0.0,11.104744673912208,data/problems/evaluation/dephasing_03_r2_n14_b3.npz
evaluation_dephasing_03,dephasing,2,0,8219,baseline,False,0.01902073869688627,0.12346953545542502,0.014930402460087484,0.036587911386779415,False,20.924227322214495,0.02528896768157818,17,2176,256,2432,10.954120622815289,0.16866175632023683,10.991341676530027,data/problems/evaluation/dephasing_03_r2_n14_b3.npz
evaluation_dephasing_03,dephasing,2,0,8219,baseline,True,0.015445951451414803,0.11659385917093625,0.015107309150241353,0.01074102933066623,False,17.29046631733396,0.0,37,0,256,256,10.986750513525154,0.13603186561037184,10.989829041060714,data/problems/evaluation/dephasing_03_r2_n14_b3.npz
evaluation_dephasing_03,dephasing,2,0,8219,cvar,False,0.0,0.210762101809396,0.012461009284981266,0.10156699932726632,True,49.0850719853463,0.003053661770038296,19,2432,256,2688,11.122782379135526,0.0,11.01327661381378,data/problems/evaluation/dephasing_03_r2_n14_b3.npz
evaluation_dephasing_03,dephasing,2,0,8219,cvar,True,0.013832332361946304,0.1857226630928473,0.011251438676912223,0.16858285347667223,False,61.89107072163669,0.0,41,0,256,256,11.001165541069712,0.12161683806581358,11.023894103827587,data/problems/evaluation/dephasing_03_r2_n14_b3.npz
evaluation_dephasing_03,dephasing,2,0,8219,dicke,False,0.0,0.18248932010143704,0.0050764679052271435,0.3556565787370597,True,251.3964957365187,0.5946060092933099,22,2816,256,3072,11.122782379135526,0.0,11.078723275906286,data/problems/evaluation/dephasing_03_r2_n14_b3.npz
evaluation_dephasing_03,dephasing,2,0,8219,dicke,True,0.0006662630719942178,0.09832678736216267,0.001967587997136228,0.6031348944779781,False,251.64318202343011,0.0,30,0,256,256,11.116753153220012,0.006029225915513692,11.105647763081297,data/problems/evaluation/dephasing_03_r2_n14_b3.npz
evaluation_dephasing_03,dephasing,2,0,8219,dicke_cvar,False,0.0006662630719942178,0.19785936569022436,0.0028915582139345908,0.4524260535955825,False,339.40806441889464,0.01114661961374086,23,2944,256,3200,11.116753153220012,0.006029225915513692,11.097546335292137,data/problems/evaluation/dephasing_03_r2_n14_b3.npz
evaluation_dephasing_03,dephasing,2,0,8219,dicke_cvar,True,0.0006662630719942178,0.09988883982123338,0.0020674494205679397,0.5932911155759005,False,246.47249698681298,0.0,36,0,256,256,11.116753153220012,0.006029225915513692,11.104785621815989,data/problems/evaluation/dephasing_03_r2_n14_b3.npz
evaluation_dephasing_03,dephasing,2,0,8233,baseline,False,0.014751377629994037,0.13355589675708593,0.03227749524263174,0.0,False,32.69985752934371,0.01733458094233331,26,3328,256,3584,10.992978809497052,0.12980356963847406,10.838984275555655,data/problems/evaluation/dephasing_03_r2_n14_b3.npz
evaluation_dephasing_03,dephasing,2,0,8233,baseline,True,0.026684673850413457,0.1314696269283944,0.031505689728135895,0.0,False,30.32086862823285,0.0,25,0,256,256,10.886666031817393,0.23611634731813247,10.84576227849045,data/problems/evaluation/dephasing_03_r2_n14_b3.npz
evaluation_dephasing_03,dephasing,2,0,8233,cvar,False,0.03885049462215791,0.15845214476563466,0.02989851634379647,0.0,False,55.67732630751916,0.018743149416670768,20,2560,256,2816,10.781299246908631,0.3414831322268945,10.859902806319457,data/problems/evaluation/dephasing_03_r2_n14_b3.npz
evaluation_dephasing_03,dephasing,2,0,8233,cvar,True,0.015445951451414803,0.1461770168022139,0.029278181327290535,0.0,False,43.88668030115469,0.0,36,0,256,256,10.986750513525154,0.13603186561037184,10.865352481040201,data/problems/evaluation/dephasing_03_r2_n14_b3.npz
evaluation_dephasing_03,dephasing,2,0,8233,dicke,False,0.0006662630719942178,0.19617389120433626,0.0029240600196916585,0.4908996672937076,False,362.62994746477676,0.21262054006883524,21,2688,256,2944,11.116753153220012,0.006029225915513692,11.097307260161696,data/problems/evaluation/dephasing_03_r2_n14_b3.npz
evaluation_dephasing_03,dephasing,2,0,8233,dicke,True,0.0,0.09832811106362885,0.001966575481435193,0.6031553391024009,True,251.57502242086386,0.0,26,0,256,256,11.122782379135526,0.0,11.10565652960798,data/problems/evaluation/dephasing_03_r2_n14_b3.npz
evaluation_dephasing_03,dephasing,2,0,8233,dicke_cvar,False,0.0006662630719942178,0.1986569785843515,0.00355058273478305,0.4228127019977562,False,338.7585353593466,0.025202847646051296,17,2176,256,2432,11.116753153220012,0.006029225915513692,11.091874049417365,data/problems/evaluation/dephasing_03_r2_n14_b3.npz
evaluation_dephasing_03,dephasing,2,0,8233,dicke_cvar,True,0.0,0.09988426039032845,0.0020704188609504083,0.5934096583539135,True,246.8920925008424,0.0,42,0,256,256,11.122782379135526,0.0,11.104759870223639,data/problems/evaluation/dephasing_03_r2_n14_b3.npz
evaluation_dephasing_04,dephasing,1,0,8201,baseline,False,0.029320945061143522,0.27416426254028176,0.03407225081829561,0.0,False,58.99283607380133,0.2583109161388317,19,2432,256,2688,8.840166194661077,0.30413860944540616,8.817091618573915,data/problems/evaluation/dephasing_04_r1_n14_b3.npz
evaluation_dephasing_04,dephasing,1,0,8201,baseline,True,0.0646265255720058,0.2217119592645936,0.05540693591721565,0.0,False,25.78519475790286,0.0,38,0,256,256,8.58545337555428,0.5588514285522024,8.659770277974118,data/problems/evaluation/dephasing_04_r1_n14_b3.npz
evaluation_dephasing_04,dephasing,1,0,8201,cvar,False,0.04667225168937406,0.2741861527003735,0.03434213944785706,0.0,False,59.898752449440465,0.011015043410038228,19,2432,256,2688,8.730730157140393,0.41357464696609014,8.81569113133159,data/problems/evaluation/dephasing_04_r1_n14_b3.npz
evaluation_dephasing_04,dephasing,1,0,8201,cvar,True,0.02483013863611662,0.25600822991952005,0.0375232501484334,0.0,False,50.40042625494791,0.0,58,0,256,256,8.928127027351113,0.21617777675536942,8.795637996784794,data/problems/evaluation/dephasing_04_r1_n14_b3.npz
evaluation_dephasing_04,dephasing,1,0,8201,dicke,False,0.0,0.19972979603049393,0.0016483485776142377,0.7990992694467315,True,270.01214476882103,0.00593404990908164,20,2560,256,2816,9.144304804106483,0.0,9.101817315938915,data/problems/evaluation/dephasing_04_r1_n14_b3.npz
evaluation_dephasing_04,dephasing,1,0,8201,dicke,True,0.005770806867312147,0.2004730141458921,0.0016930856041679472,0.15374908696754375,False,247.59053235647485,0.0,32,0,256,256,9.002310887263164,0.14199391684331886,9.003093914943154,data/problems/evaluation/dephasing_04_r1_n14_b3.npz
evaluation_dephasing_04,dephasing,1,0,8201,dicke_cvar,False,0.010262728842317293,0.20310889363404655,0.0017781658497817874,0.7809585047277323,False,294.9817279941965,0.004832603376743183,19,2432,256,2688,9.010704198640665,0.13360060546581742,9.099382176121207,data/problems/evaluation/dephasing_04_r1_n14_b3.npz
evaluation_dephasing_04,dephasing,1,0,8201,dicke_cvar,True,0.0,0.1956117078219718,0.0012120248305543323,0.7816362781127397,True,245.58698542740882,0.0,80,0,256,256,9.144304804106483,0.0,9.099642700549797,data/problems/evaluation/dephasing_04_r1_n14_b3.npz
evaluation_dephasing_04,dephasing,1,0,8219,baseline,False,0.011010795925333829,0.13187224490556967,0.008807698432338753,0.014957281326979821,False,47.78283358575446,0.04827690442050914,24,3072,256,3328,9.049355301963523,0.09494950214295983,9.013646130510347,data/problems/evaluation/dephasing_04_r1_n14_b3.npz
evaluation_dephasing_04,dephasing,1,0,8219,baseline,True,0.00026096285846664917,0.10432572537042445,0.0013855199336971623,0.2015022363589759,False,28.14473489687738,0.0,45,0,256,256,8.971851159063148,0.17245364504333516,9.013108377170584,data/problems/evaluation/dephasing_04_r1_n14_b3.npz
evaluation_dephasing_04,dephasing,1,0,8219,cvar,False,0.0,0.10684330527636761,0.0013008012812033402,0.18009129784199496,True,32.024677560074586,0.0018620707247642976,23,2944,256,3200,9.144304804106483,0.0,9.008916836124838,data/problems/evaluation/dephasing_04_r1_n14_b3.npz
evaluation_dephasing_04,dephasing,1,0,8219,cvar,True,0.00026096285846664917,0.11333083322456523,0.0007026757239768215,0.3537889829352111,False,42.46779454875716,0.0,54,0,256,256,8.971851159063148,0.17245364504333516,9.03581564938246,data/problems/evaluation/dephasing_04_r1_n14_b3.npz
evaluation_dephasing_04,dephasing,1,0,8219,dicke,False,0.0,0.20469664600406737,0.0020521341480759622,0.7178676428480376,True,244.31350115791176,0.13805540921030257,21,2688,256,2944,9.144304804106483,0.0,9.088711438212385,data/problems/evaluation/dephasing_04_r1_n14_b3.npz
evaluation_dephasing_04,dephasing,1,0,8219,dicke,True,0.00026096285846664917,0.19575398562652857,0.0020008277187095694,0.3514177443792904,False,285.72462333360073,0.0,80,0,256,256,8.971851159063148,0.17245364504333516,9.034652827788591,data/problems/evaluation/dephasing_04_r1_n14_b3.npz
evaluation_dephasing_04,dephasing,1,0,8219,dicke_cvar,False,0.0,0.21119954471473767,0.001759661400526198,0.7541445439236434,True,238.5661465199259,0.02612592508768552,19,2432,256,2688,9.144304804106483,0.0,9.094459289742955,data/problems/evaluation/dephasing_04_r1_n14_b3.npz
evaluation_dephasing_04,dephasing,1,0,8219,dicke_cvar,True,0.0,0.1952939287004724,0.0011690546114987628,0.7743382221755459,True,244.059248691928,0.0,80,0,256,256,9.144304804106483,0.0,9.098585644122807,data/problems/evaluation/dephasing_04_r1_n14_b3.npz
evaluation_dephasing_04,dephasing,1,0,8233,baseline,False,0.015178275795811966,0.18525253101289127,0.01270101028981277,8.191373230470589e-05,False,65.96939070183149,0.18240644429901254,19,2432,256,2688,8.950726211298118,0.19357859280836465,8.959962940032906,data/problems/evaluation/dephasing_04_r1_n14_b3.npz
evaluation_dephasing_04,dephasing,1,0,8233,baseline,True,0.010503646012809594,0.12863522384483936,0.009878227514751195,0.022111664494637084,False,57.34829559584447,0.0,32,0,256,256,8.950475510475835,0.19382929363064783,8.956093578533107,data/problems/evaluation/dephasing_04_r1_n14_b3.npz
evaluation_dephasing_04,dephasing,1,0,8233,cvar,False,0.0,0.19395233624334776,0.00550490079712232,0.39360609279923287,True,60.517998547491736,0.029601309400272724,21,2688,256,2944,9.144304804106483,0.0,9.066275655062203,data/problems/evaluation/dephasing_04_r1_n14_b3.npz
evaluation_dephasing_04,dephasing,1,0,8233,cvar,True,0.010262728842317293,0.16180076826606848,0.006172192090919409,0.3636790511367086,False,43.261802929958044,0.0,54,0,256,256,9.010704198640665,0.13360060546581742,9.05902873863326,data/problems/evaluation/dephasing_04_r1_n14_b3.npz
evaluation_dephasing_04,dephasing,1,0,8233,dicke,False,0.0,0.15916358970928549,0.000826805137116395,0.7897268024059856,True,264.2403139631566,0.22277780291881477,19,2432,256,2688,9.144304804106483,0.0,9.10543051937617,data/problems/evaluation/dephasing_04_r1_n14_b3.npz
evaluation_dephasing_04,dephasing,1,0,8233,dicke,True,0.0,0.11185196940102946,0.0011462224406324562,0.638911900661429,True,263.3956111758624,0.0,31,0,256,256,9.144304804106483,0.0,9.080940108655156,data/problems/evaluation/dephasing_04_r1_n14_b3.npz
evaluation_dephasing_04,dephasing,1,0,8233,dicke_cvar,False,0.0,0.16436664463707026,0.0008339431611026091,0.7979834905058937,True,262.7531592276123,0.004073803316962721,19,2432,256,2688,9.144304804106483,0.0,9.106647104882233,data/problems/evaluation/dephasing_04_r1_n14_b3.npz
evaluation_dephasing_04,dephasing,1,0,8233,dicke_cvar,True,0.0,0.13887787828375975,0.00094316008326794,0.7535973078775744,True,261.066259199739,0.0,20,0,256,256,9.144304804106483,0.0,9.099244182128688,data/problems/evaluation/dephasing_04_r1_n14_b3.npz
evaluation_dephasing_04,dephasing,2,0,8201,baseline,False,0.004433031340830713,0.16361303614656342,0.00303463150763458,0.5131771926301765,False,42.51384268138794,0.022009075140063672,18,2304,256,2560,9.141111138117049,0.030856040139774166,9.151528035785416,data/problems/evaluation/dephasing_04_r2_n14_b3.npz
evaluation_dephasing_04,dephasing,2,0,8201,baseline,True,0.006515505360968438,0.15820785506634244,0.0019450988155628535,0.6361786176023598,False,32.53215917013827,0.0,18,0,256,256,9.126190471105053,0.04577670715177007,9.15852949281465,data/problems/evaluation/dephasing_04_r2_n14_b3.npz
evaluation_dephasing_04,dephasing,2,0,8201,cvar,False,0.0,0.16304148126524698,0.002935377719632001,0.5260808797332803,True,41.81932036588375,0.01194918214002394,19,2432,256,2688,9.171967178256823,0.0,9.152188070902861,data/problems/evaluation/dephasing_04_r2_n14_b3.npz
evaluation_dephasing_04,dephasing,2,0,8201,cvar,True,0.0,0.16567207481317486,2.575829534680539e-06,0.9994189462386707,True,37.94025123269869,0.0,80,0,256,256,9.171967178256823,0.0,9.17194924923864,data/problems/evaluation/dephasing_04_r2_n14_b3.npz
evaluation_dephasing_04,dephasing,2,0,8201,dicke,False,0.0,0.21102522083839748,0.0017416755707267651,0.6419398978191053,True,230.50967994336793,0.06288356365414804,20,2560,256,2816,9.171967178256823,0.0,9.159884412119203,data/problems/evaluation/dephasing_04_r2_n14_b3.npz
evaluation_dephasing_04,dephasing,2,0,8201,dicke,True,0.006515505360968438,0.15166742546706516,0.0007687171788092317,0.8451100692569655,False,264.5678915388699,0.0,36,0,256,256,9.126190471105053,0.04577670715177007,9.166616828886443,data/problems/evaluation/dephasing_04_r2_n14_b3.npz
evaluation_dephasing_04,dephasing,2,0,8201,dicke_cvar,False,0.0,0.17080090072643098,0.0004408563559911004,0.9110441130608283,True,247.77163569274916,0.0011656587359403225,18,2304,256,2560,9.171967178256823,0.0,9.168897834001916,data/problems/evaluation/dephasing_04_r2_n14_b3.npz
evaluation_dephasing_04,dephasing,2,0,8201,dicke_cvar,True,0.004433031340830713,0.16954216290608592,0.0006378460993305872,0.8704555659347725,False,241.9986564591228,0.0,52,0,256,256,9.141111138117049,0.030856040139774166,9.167525160924788,data/problems/evaluation/dephasing_04_r2_n14_b3.npz
evaluation_dephasing_04,dephasing,2,0,8219,baseline,False,0.13009994554904272,0.22319782661823134,0.09926867367783848,0.0,False,28.770322059152953,0.06148906456175984,24,3072,256,3328,8.263398333792917,0.9085688444639057,8.479738332933312,data/problems/evaluation/dephasing_04_r2_n14_b3.npz
evaluation_dephasing_04,dephasing,2,0,8219,baseline,True,0.1357762847572924,0.21475799412294752,0.13574445379421995,0.0,False,20.91921956839722,0.0,24,0,256,256,8.22354202066931,0.9484251575875131,8.223764060047605,data/problems/evaluation/dephasing_04_r2_n14_b3.npz
evaluation_dephasing_04,dephasing,2,0,8219,cvar,False,0.07747394074422399,0.2213565235055625,0.10317275878102522,0.0,False,27.831606065682312,0.005602921664944915,22,2816,256,3072,8.632639622220553,0.5393275560362696,8.452346818920123,data/problems/evaluation/dephasing_04_r2_n14_b3.npz
evaluation_dephasing_04,dephasing,2,0,8219,cvar,True,0.045073379431139426,0.27200123315074454,0.052709895250489455,0.0,False,51.734624480401415,0.0,28,0,256,256,8.859476181597168,0.31249099665965474,8.806554382522089,data/problems/evaluation/dephasing_04_r2_n14_b3.npz
evaluation_dephasing_04,dephasing,2,0,8219,dicke,False,0.0,0.17471568865048384,0.0011004410463032442,0.7766982291186112,True,248.1995578314598,0.021787750248463578,24,3072,256,3328,9.171967178256823,0.0,9.164306416110602,data/problems/evaluation/dephasing_04_r2_n14_b3.npz
evaluation_dephasing_04,dephasing,2,0,8219,dicke,True,0.0,0.15166791696927173,0.0007722186631640602,0.8444078603320967,True,264.6456524515377,0.0,34,0,256,256,9.171967178256823,0.0,9.166592503053062,data/problems/evaluation/dephasing_04_r2_n14_b3.npz
evaluation_dephasing_04,dephasing,2,0,8219,dicke_cvar,False,0.0,0.17736116204846172,0.0011869154265079693,0.7601873979146146,True,258.38802508463857,0.004677780704219092,25,3200,256,3456,9.171967178256823,0.0,9.163707694101115,data/problems/evaluation/dephasing_04_r2_n14_b3.npz
evaluation_dephasing_04,dephasing,2,0,8219,dicke_cvar,True,0.0,0.16963481924255705,0.000641874333396318,0.8696274938096703,True,241.90029603892987,0.0,32,0,256,256,9.171967178256823,0.0,9.16749711118929,data/problems/evaluation/dephasing_04_r2_n14_b3.npz
evaluation_dephasing_04,dephasing,2,0,8233,baseline,False,0.007524637422169522,0.22378058934705944,0.011451211610950068,0.0,False,58.703019875642504,0.00036803513267713583,20,2560,256,2816,9.123225759024178,0.048741419232644745,9.094710551754375,data/problems/evaluation/dephasing_04_r2_n14_b3.npz
evaluation_dephasing_04,dephasing,2,0,8233,baseline,True,0.004433031340830713,0.21894076228927392,0.007864028912177435,0.0,False,61.94103195221706,0.0,79,0,256,256,9.141111138117049,0.030856040139774166,9.118600585450514,data/problems/evaluation/dephasing_04_r2_n14_b3.npz
evaluation_dephasing_04,dephasing,2,0,8233,cvar,False,0.02709888109476649,0.3199769455709458,0.025345532678658043,0.0,False,69.07517733012898,0.028180344279999048,21,2688,256,2944,8.985833600650789,0.186133577606034,8.995342547695852,data/problems/evaluation/dephasing_04_r2_n14_b3.npz
evaluation_dephasing_04,dephasing,2,0,8233,cvar,True,0.012579852376010836,0.2980715195984327,0.017123129487008476,0.0,False,70.71160153022915,0.0,77,0,256,256,9.087298436065808,0.08466874219101506,9.051840519730831,data/problems/evaluation/dephasing_04_r2_n14_b3.npz
evaluation_dephasing_04,dephasing,2,0,8233,dicke,False,0.0,0.22134002033072722,0.0012954460623096624,0.7475688366928391,True,250.73445803515966,0.2784629819475417,20,2560,256,2816,9.171967178256823,0.0,9.163106497300731,data/problems/evaluation/dephasing_04_r2_n14_b3.npz
evaluation_dephasing_04,dephasing,2,0,8233,dicke,True,0.0,0.1516723222281083,0.0007651406831319245,0.8458528449789644,True,264.70637865711547,0.0,38,0,256,256,9.171967178256823,0.0,9.166641727690099,data/problems/evaluation/dephasing_04_r2_n14_b3.npz
evaluation_dephasing_04,dephasing,2,0,8233,dicke_cvar,False,0.0,0.20225998490829672,0.0011829622425636515,0.7639248413799449,True,251.9375054563655,0.0025018935783869267,21,2688,256,2944,9.171967178256823,0.0,9.163742936915886,data/problems/evaluation/dephasing_04_r2_n14_b3.npz
evaluation_dephasing_04,dephasing,2,0,8233,dicke_cvar,True,0.0,0.16940744275800623,0.0006502574562171204,0.867912559644609,True,241.86142338352315,0.0,36,0,256,256,9.171967178256823,0.0,9.167438697235808,data/problems/evaluation/dephasing_04_r2_n14_b3.npz
evaluation_depolarizing_00,depolarizing,1,0,8201,baseline,False,0.04417331807262999,0.23395129702594306,0.04416788012761661,0.0,False,56.5233453596336,0.08763569712716546,19,2432,256,2688,9.088458127779395,0.25875651119302034,9.088489819490146,data/problems/evaluation/depolarizing_00_r1_n14_b3.npz
evaluation_depolarizing_00,depolarizing,1,0,8201,baseline,True,0.04417331807262999,0.19174082116283128,0.043267955288894294,0.0,False,36.55238354651828,0.0,80,0,256,256,9.088458127779395,0.25875651119302034,9.093735480570315,data/problems/evaluation/depolarizing_00_r1_n14_b3.npz
evaluation_depolarizing_00,depolarizing,1,0,8201,cvar,False,0.04417331807262999,0.23508768348676562,0.04416398033140195,0.0,False,56.97006027047067,0.0167034803760302,11,1408,256,1664,9.088458127779395,0.25875651119302034,9.088512547086324,data/problems/evaluation/depolarizing_00_r1_n14_b3.npz
evaluation_depolarizing_00,depolarizing,1,0,8201,cvar,True,0.04417331807262999,0.21219142763222526,0.04380976296196885,0.0,False,53.74518579467762,0.0,43,0,256,256,9.088458127779395,0.25875651119302034,9.090577041319882,data/problems/evaluation/depolarizing_00_r1_n14_b3.npz
evaluation_depolarizing_00,depolarizing,1,0,8201,dicke,False,0.008088016307429238,0.276943052190794,0.009559490682444062,0.3958079283539264,False,264.52273760984235,0.004764915209759302,19,2432,256,2688,9.298699861431553,0.04851477754086275,9.290681138432841,data/problems/evaluation/depolarizing_00_r1_n14_b3.npz
evaluation_depolarizing_00,depolarizing,1,0,8201,dicke,True,0.008088016307429238,0.2717687429470272,0.00915437730913578,0.4579989963254474,False,284.0828815052349,0.0,79,0,256,256,9.298699861431553,0.04851477754086275,9.293130930100393,data/problems/evaluation/depolarizing_00_r1_n14_b3.npz
evaluation_depolarizing_00,depolarizing,1,0,8201,dicke_cvar,False,0.0,0.28734525687462037,0.010915712425962454,0.5058098266649196,True,359.79489945705996,0.07097486259969532,20,2560,256,2816,9.347214638972416,0.0,9.282904261694465,data/problems/evaluation/depolarizing_00_r1_n14_b3.npz
evaluation_depolarizing_00,depolarizing,1,0,8201,dicke_cvar,True,0.008088016307429238,0.27272950442574373,0.009412140118298285,0.4193259156008794,False,270.9881139068755,0.0,80,0,256,256,9.298699861431553,0.04851477754086275,9.291575888995647,data/problems/evaluation/depolarizing_00_r1_n14_b3.npz
evaluation_depolarizing_00,depolarizing,1,0,8219,baseline,False,0.12258826274737769,0.2319961922870937,0.09741869567593392,0.0,False,54.757338129804566,0.012061587642841154,22,2816,256,3072,8.628396163003094,0.7188184759693215,8.775825923056384,data/problems/evaluation/depolarizing_00_r1_n14_b3.npz
evaluation_depolarizing_00,depolarizing,1,0,8219,baseline,True,0.12258826274737769,0.22969592167106598,0.09953586145495345,0.0,False,47.574673566202755,0.0,43,0,256,256,8.628396163003094,0.7188184759693215,8.76341101666478,data/problems/evaluation/depolarizing_00_r1_n14_b3.npz
evaluation_depolarizing_00,depolarizing,1,0,8219,cvar,False,0.11476601142066106,0.24609686897029331,0.10439299235630693,0.0,False,43.473143980657746,0.008972997780412051,18,2304,256,2560,8.6763587968656,0.6708558421068158,8.734925436007478,data/problems/evaluation/depolarizing_00_r1_n14_b3.npz
evaluation_depolarizing_00,depolarizing,1,0,8219,cvar,True,0.10773471491267561,0.23060600072198217,0.09849552578943578,0.0,False,51.50036135528428,0.0,80,0,256,256,8.715606219336872,0.631608419635544,8.76951171323741,data/problems/evaluation/depolarizing_00_r1_n14_b3.npz
evaluation_depolarizing_00,depolarizing,1,0,8219,dicke,False,0.008088016307429238,0.2814361710783086,0.010257904742737916,0.5042697613990341,False,361.89036310207996,0.009915008329559605,19,2432,256,2688,9.298699861431553,0.04851477754086275,9.286750985969846,data/problems/evaluation/depolarizing_00_r1_n14_b3.npz
evaluation_depolarizing_00,depolarizing,1,0,8219,dicke,True,0.0,0.27177339601243716,0.009161171060486053,0.457631079900372,True,284.14757680577264,0.0,44,0,256,256,9.347214638972416,0.0,9.293090838268201,data/problems/evaluation/depolarizing_00_r1_n14_b3.npz
evaluation_depolarizing_00,depolarizing,1,0,8219,dicke_cvar,False,0.02891882072119762,0.28136612581153714,0.010249840386858722,0.5041261214698385,False,361.76396027807397,0.014551561320908846,21,2688,256,2944,9.17735947780238,0.16985516117003563,9.286797945239314,data/problems/evaluation/depolarizing_00_r1_n14_b3.npz
evaluation_depolarizing_00,depolarizing,1,0,8219,dicke_cvar,True,0.0,0.27269076379030005,0.009382159697939116,0.42077997854037064,True,270.8938492979198,0.0,77,0,256,256,9.347214638972416,0.0,9.291752563152814,data/problems/evaluation/depolarizing_00_r1_n14_b3.npz
evaluation_depolarizing_00,depolarizing,1,0,8233,baseline,False,0.15112917216911181,0.2545799005786444,0.14455942283343834,0.0,False,23.74945392050965,0.04569799776127059,19,2432,256,2688,8.45921519321161,0.8879994457608049,8.49796854915423,data/problems/evaluation/depolarizing_00_r1_n14_b3.npz
evaluation_depolarizing_00,depolarizing,1,0,8233,baseline,True,0.15112917216911181,0.23660706056532266,0.14137495665574068,0.0,False,11.710678184227282,0.0,80,0,256,256,8.45921519321161,0.8879994457608049,8.516734675889786,data/problems/evaluation/depolarizing_00_r1_n14_b3.npz
evaluation_depolarizing_00,depolarizing,1,0,8233,cvar,False,0.15112917216911181,0.25842845957250155,0.13930178558601347,0.0,False,22.00960456192831,0.014131471247122995,19,2432,256,2688,8.45921519321161,0.8879994457608049,8.52886072970102,data/problems/evaluation/depolarizing_00_r1_n14_b3.npz
evaluation_depolarizing_00,depolarizing,1,0,8233,cvar,True,0.15112917216911181,0.2418057443777654,0.14285001658332683,0.0,False,15.321806720918964,0.0,80,0,256,256,8.45921519321161,0.8879994457608049,8.508045966297473,data/problems/evaluation/depolarizing_00_r1_n14_b3.npz
evaluation_depolarizing_00,depolarizing,1,0,8233,dicke,False,0.02891882072119762,0.2791963556062687,0.011388265922724135,0.339130044687749,False,277.4103278633568,0.019159999857325083,18,2304,256,2560,9.17735947780238,0.16985516117003563,9.279950387310969,data/problems/evaluation/depolarizing_00_r1_n14_b3.npz
evaluation_depolarizing_00,depolarizing,1,0,8233,dicke,True,0.0,0.27179231896333056,0.009174537250743253,0.4577573199319078,True,284.93119792768056,0.0,54,0,256,256,9.347214638972416,0.0,9.293013113045802,data/problems/evaluation/depolarizing_00_r1_n14_b3.npz
evaluation_depolarizing_00,depolarizing,1,0,8233,dicke_cvar,False,0.03543076565153274,0.27576186808727704,0.009523090699273368,0.3939254194764539,False,264.49680436513705,0.0028946014952619947,22,2816,256,3072,9.139543574986453,0.2076710639859627,9.290892059750169,data/problems/evaluation/depolarizing_00_r1_n14_b3.npz
evaluation_depolarizing_00,depolarizing,1,0,8233,dicke_cvar,True,0.0,0.27266449935733655,0.00938526849437447,0.42114439965337436,True,271.10080313689383,0.0,54,0,256,256,9.347214638972416,0.0,9.29173496392921,data/problems/evaluation/depolarizing_00_r1_n14_b3.npz
evaluation_depolarizing_00,depolarizing,2,0,8201,baseline,False,0.0,0.12446467021197156,0.0019482779142642598,0.861547551446972,True,24.16677754493615,0.005367608938783519,25,3200,256,3456,6.810507628057078,0.0,6.801381804839451,data/problems/evaluation/depolarizing_00_r2_n14_b3.npz
evaluation_depolarizing_00,depolarizing,2,0,8201,baseline,True,0.0,0.1224942009429276,0.0019697224965811205,0.8588327178804094,True,23.628502582640333,0.0,23,0,256,256,6.810507628057078,0.0,6.801281457808037,data/problems/evaluation/depolarizing_00_r2_n14_b3.npz
evaluation_depolarizing_00,depolarizing,2,0,8201,cvar,False,0.0,0.1269818008295941,0.0023543384553351373,0.8231867304558504,True,20.514410144537365,0.003398512524571906,20,2560,256,2816,6.810507628057078,0.0,6.799479723463695,data/problems/evaluation/depolarizing_00_r2_n14_b3.npz
evaluation_depolarizing_00,depolarizing,2,0,8201,cvar,True,0.0,0.13722783880164924,0.0029131205845736455,0.7700286298814207,True,19.684477645190167,0.0,24,0,256,256,6.810507628057078,0.0,6.796858823207222,data/problems/evaluation/depolarizing_00_r2_n14_b3.npz
evaluation_depolarizing_00,depolarizing,2,0,8201,dicke,False,0.01322771438187874,0.19023107850197757,0.005483931881033511,0.48031070423932387,False,360.87747401377794,0.03148912711250329,23,2944,256,3200,6.748548778527777,0.06195884952930086,6.78476773049757,data/problems/evaluation/depolarizing_00_r2_n14_b3.npz
evaluation_depolarizing_00,depolarizing,2,0,8201,dicke,True,0.0,0.17854829934105834,0.007056005688933467,0.45509028789388906,True,285.5683123793701,0.0,80,0,256,256,6.810507628057078,0.0,6.777403066769878,data/problems/evaluation/depolarizing_00_r2_n14_b3.npz
evaluation_depolarizing_00,depolarizing,2,0,8201,dicke_cvar,False,0.02067848236108661,0.16503844373019028,0.0052255278076167215,0.5235425394204103,False,346.1393343984701,0.00551481096823192,23,2944,256,3200,6.713661930927082,0.09684569712999558,6.785982890389879,data/problems/evaluation/depolarizing_00_r2_n14_b3.npz
evaluation_depolarizing_00,depolarizing,2,0,8201,dicke_cvar,True,0.0,0.1978304771522202,0.005464759045391788,0.46998552801723614,True,302.2095367224438,0.0,80,0,256,256,6.810507628057078,0.0,6.784856618527138,data/problems/evaluation/depolarizing_00_r2_n14_b3.npz
evaluation_depolarizing_00,depolarizing,2,0,8219,baseline,False,0.0,0.09581327340118326,0.003997849423831663,0.7395298792630793,True,23.102832134727922,0.002014560062074011,21,2688,256,2944,6.810507628057078,0.0,6.791766275854407,data/problems/evaluation/depolarizing_00_r2_n14_b3.npz
evaluation_depolarizing_00,depolarizing,2,0,8219,baseline,True,0.0,0.09528016482936884,0.003557616129681716,0.7750781744335618,True,23.40495629966323,0.0,19,0,256,256,6.810507628057078,0.0,6.7938301042156075,data/problems/evaluation/depolarizing_00_r2_n14_b3.npz
evaluation_depolarizing_00,depolarizing,2,0,8219,cvar,False,0.014372877761304055,0.1329801625151902,0.002486281149272235,0.838696782389012,False,41.045589723734,0.002233105415324843,22,2816,256,3072,6.7431906440880285,0.06731698396904928,6.798850267650429,data/problems/evaluation/depolarizing_00_r2_n14_b3.npz
evaluation_depolarizing_00,depolarizing,2,0,8219,cvar,True,0.0,0.16046648506559996,8.76877092788061e-05,0.9928701464182079,True,61.53956333205028,0.0,80,0,256,256,6.810507628057078,0.0,6.810096633339499,data/problems/evaluation/depolarizing_00_r2_n14_b3.npz
evaluation_depolarizing_00,depolarizing,2,0,8219,dicke,False,0.0,0.14673784873044504,0.004816735257506127,0.5380781888259168,True,341.322206154353,0.058422458274298705,27,3456,256,3712,6.810507628057078,0.0,6.787898826541284,data/problems/evaluation/depolarizing_00_r2_n14_b3.npz
evaluation_depolarizing_00,depolarizing,2,0,8219,dicke,True,0.006027575122342699,0.178586221977366,0.007096713699900126,0.4501514755796231,False,286.55761946543964,0.0,80,0,256,256,6.782068597682548,0.028439030374530105,6.777211880657258,data/problems/evaluation/depolarizing_00_r2_n14_b3.npz
evaluation_depolarizing_00,depolarizing,2,0,8219,dicke_cvar,False,0.006027575122342699,0.14652172010259978,0.0048469297308665945,0.5428360355084028,False,338.1023009312532,0.009570035856052428,21,2688,256,2944,6.782068597682548,0.028439030374530105,6.7877580114487,data/problems/evaluation/depolarizing_00_r2_n14_b3.npz
evaluation_depolarizing_00,depolarizing,2,0,8219,dicke_cvar,True,0.0,0.12438477385400341,0.0026892097820474803,0.7466728653135303,True,279.0684251065956,0.0,56,0,256,256,6.810507628057078,0.0,6.7978858198310945,data/problems/evaluation/depolarizing_00_r2_n14_b3.npz
evaluation_depolarizing_00,depolarizing,2,0,8233,baseline,False,0.04439602708657829,0.19262395282702213,0.044667440837410366,0.0,False,36.35853302847149,0.07470673330962985,20,2560,256,2816,6.602789324082851,0.20771830397422697,6.601474984335781,data/problems/evaluation/depolarizing_00_r2_n14_b3.npz
evaluation_depolarizing_00,depolarizing,2,0,8233,baseline,True,0.05018817654864661,0.14866061380630918,0.05109957471808043,0.0,False,32.27189522970611,0.0,80,0,256,256,6.575476037415514,0.23503159064156343,6.571233733588518,data/problems/evaluation/depolarizing_00_r2_n14_b3.npz
evaluation_depolarizing_00,depolarizing,2,0,8233,cvar,False,0.03480690424028104,0.19022381936499258,0.03844642571183808,0.0,False,72.37682224113183,0.008090112112464354,20,2560,256,2816,6.647502906463757,0.16300472159332102,6.6305699422371855,data/problems/evaluation/depolarizing_00_r2_n14_b3.npz
evaluation_depolarizing_00,depolarizing,2,0,8233,cvar,True,0.04439602708657829,0.21493373408784255,0.03714872661316335,0.0,False,59.09549856888145,0.0,80,0,256,256,6.602789324082851,0.20771830397422697,6.636642653734502,data/problems/evaluation/depolarizing_00_r2_n14_b3.npz
evaluation_depolarizing_00,depolarizing,2,0,8233,dicke,False,0.015864400761522093,0.1785380713800034,0.007102914099895753,0.46216150904033015,False,280.46011785190444,0.00014808699585433516,23,2944,256,3200,6.736203198909145,0.0743044291479329,6.77718420019065,data/problems/evaluation/depolarizing_00_r2_n14_b3.npz
evaluation_depolarizing_00,depolarizing,2,0,8233,dicke,True,0.02067848236108661,0.17851623977741404,0.007018569340029309,0.4610064857654923,False,283.9793496426209,0.0,80,0,256,256,6.713661930927082,0.09684569712999558,6.777579042618157,data/problems/evaluation/depolarizing_00_r2_n14_b3.npz
evaluation_depolarizing_00,depolarizing,2,0,8233,dicke_cvar,False,0.0,0.1994449798749437,0.005875643527212831,0.4349369179393976,True,282.237889860604,0.024371272311594083,20,2560,256,2816,6.810507628057078,0.0,6.782928587277957,data/problems/evaluation/depolarizing_00_r2_n14_b3.npz
evaluation_depolarizing_00,depolarizing,2,0,8233,dicke_cvar,True,0.01322771438187874,0.12241960536704255,0.0027393728852776475,0.7425159296873334,False,277.19842148859993,0.0,80,0,256,256,6.748548778527777,0.06195884952930086,6.797650437392696,data/problems/evaluation/depolarizing_00_r2_n14_b3.npz
evaluation_depolarizing_01,depolarizing,1,0,8201,baseline,False,0.0018413636281933632,0.2249021214332301,0.011697160202637658,0.16020411776910604,False,40.16245442572455,0.04039165724173743,20,2560,256,2816,10.133388823212767,0.013339741416862338,10.059415116444484,data/problems/evaluation/depolarizing_01_r1_n14_b3.npz
evaluation_depolarizing_01,depolarizing,1,0,8201,baseline,True,0.014018666978091596,0.20349976993450866,0.012473343999091644,0.13562365099978357,False,46.0970959630257,0.0,25,0,256,256,10.042949521983926,0.10377904264570326,10.05384310482994,data/problems/evaluation/depolarizing_01_r1_n14_b3.npz
evaluation_depolarizing_01,depolarizing,1,0,8201,cvar,False,0.014018666978091596,0.24681741621273787,0.016201494743748126,2.5558131123704086e-06,False,27.526339576284318,0.009330137073248923,24,3072,256,3328,10.042949521983926,0.10377904264570326,10.02711128910167,data/problems/evaluation/depolarizing_01_r1_n14_b3.npz
evaluation_depolarizing_01,depolarizing,1,0,8201,cvar,True,0.014018666978091596,0.2259508595905354,0.013871729238913291,0.01687084071322076,False,48.78081074958487,0.0,80,0,256,256,10.042949521983926,0.10377904264570326,10.043967153285992,data/problems/evaluation/depolarizing_01_r1_n14_b3.npz
evaluation_depolarizing_01,depolarizing,1,0,8201,dicke,False,0.0018413636281933632,0.2733780206590327,0.003125559562961854,0.5281926805311421,False,359.8896747780498,0.08244227607633026,20,2560,256,2816,10.133388823212767,0.013339741416862338,10.123403829215206,data/problems/evaluation/depolarizing_01_r1_n14_b3.npz
evaluation_depolarizing_01,depolarizing,1,0,8201,dicke,True,0.0,0.1767843070612283,0.0006622095034949151,0.8112438179319632,True,271.7426593673048,0.0,72,0,256,256,10.14672856462963,0.0,10.141823579428376,data/problems/evaluation/depolarizing_01_r1_n14_b3.npz
evaluation_depolarizing_01,depolarizing,1,0,8201,dicke_cvar,False,0.0018413636281933632,0.2734017857505605,0.003175734335676906,0.5192208576647186,False,361.838548508622,0.08863701859919482,19,2432,256,2688,10.133388823212767,0.013339741416862338,10.123030534215054,data/problems/evaluation/depolarizing_01_r1_n14_b3.npz
evaluation_depolarizing_01,depolarizing,1,0,8201,dicke_cvar,True,0.0,0.20412185036351357,0.000267533094957557,0.9063325525554526,True,250.13711962915116,0.0,80,0,256,256,10.14672856462963,0.0,10.144757097889494,data/problems/evaluation/depolarizing_01_r1_n14_b3.npz
evaluation_depolarizing_01,depolarizing,1,0,8219,baseline,False,0.010184293168948283,0.16342974196057233,0.012502742070438583,0.11824476442828469,False,51.671003185324984,0.003505050486598285,24,3072,256,3328,10.069981988950481,0.07674657567914878,10.05076523345808,data/problems/evaluation/depolarizing_01_r1_n14_b3.npz
evaluation_depolarizing_01,depolarizing,1,0,8219,baseline,True,0.010184293168948283,0.1620617352515973,0.012619882515586782,0.11592842814890791,False,50.0280016667185,0.0,72,0,256,256,10.069981988950481,0.07674657567914878,10.049790898699403,data/problems/evaluation/depolarizing_01_r1_n14_b3.npz
evaluation_depolarizing_01,depolarizing,1,0,8219,cvar,False,0.0161215868831363,0.20585583285451348,0.01690401791500578,0.04495675369706764,False,44.27621355958271,0.011528802237276592,20,2560,256,2816,10.029509941585088,0.11721862304454156,10.016622565384901,data/problems/evaluation/depolarizing_01_r1_n14_b3.npz
evaluation_depolarizing_01,depolarizing,1,0,8219,cvar,True,0.010256060000267965,0.19134640015882975,0.011271030936149284,0.11831189538949416,False,72.29166265472253,0.0,28,0,256,256,10.070273735915126,0.07645482871450326,10.061477898788093,data/problems/evaluation/depolarizing_01_r1_n14_b3.npz
evaluation_depolarizing_01,depolarizing,1,0,8219,dicke,False,0.0,0.214134057901084,0.00025365944612210545,0.9111627974776155,True,244.009595026872,0.15285672875498416,23,2944,256,3200,10.14672856462963,0.0,10.144859282730057,data/problems/evaluation/depolarizing_01_r1_n14_b3.npz
evaluation_depolarizing_01,depolarizing,1,0,8219,dicke,True,0.0,0.17679409414641284,0.0006689369672795866,0.8098717282666373,True,272.14559786493686,0.0,28,0,256,256,10.14672856462963,0.0,10.1417734627344,data/problems/evaluation/depolarizing_01_r1_n14_b3.npz
evaluation_depolarizing_01,depolarizing,1,0,8219,dicke_cvar,False,0.0,0.2691536976156985,0.00023394061147959645,0.9241532563682892,True,221.90587320778363,0.09084647513063293,22,2816,256,3072,10.14672856462963,0.0,10.145000683140971,data/problems/evaluation/depolarizing_01_r1_n14_b3.npz
evaluation_depolarizing_01,depolarizing,1,0,8219,dicke_cvar,True,0.0,0.20130204082380102,0.0002797914273536506,0.9028094084639675,True,250.63876299232834,0.0,80,0,256,256,10.14672856462963,0.0,10.144666267422362,data/problems/evaluation/depolarizing_01_r1_n14_b3.npz
evaluation_depolarizing_01,depolarizing,1,0,8233,baseline,False,0.036412199086984544,0.2275861336073811,0.03003197169024182,2.4830677532117207e-05,False,16.29717960357996,0.011604354745730905,23,2944,256,3200,9.864830301403158,0.2818982632264717,9.916477917678973,data/problems/evaluation/depolarizing_01_r1_n14_b3.npz
evaluation_depolarizing_01,depolarizing,1,0,8233,baseline,True,0.0018413636281933632,0.19320077401387964,0.017949142463637012,0.009979318442400298,False,15.223113031087506,0.0,61,0,256,256,10.133388823212767,0.013339741416862338,10.009803259712825,data/problems/evaluation/depolarizing_01_r1_n14_b3.npz
evaluation_depolarizing_01,depolarizing,1,0,8233,cvar,False,0.014018666978091596,0.2746422390673225,0.011574198579062733,0.111979413873322,False,31.37074646171705,0.0024260406273836077,21,2688,256,2944,10.042949521983926,0.10377904264570326,10.060827358513961,data/problems/evaluation/depolarizing_01_r1_n14_b3.npz
evaluation_depolarizing_01,depolarizing,1,0,8233,cvar,True,0.014018666978091596,0.2799421747949128,0.010182029083428924,0.20827356035968758,False,21.10063791191881,0.0,80,0,256,256,10.042949521983926,0.10377904264570326,10.071093909810186,data/problems/evaluation/depolarizing_01_r1_n14_b3.npz
evaluation_depolarizing_01,depolarizing,1,0,8233,dicke,False,0.0,0.18053571147441608,0.0008590011789066922,0.7736913252838771,True,282.84274447130434,0.0017320338626252707,20,2560,256,2816,10.14672856462963,0.0,10.140356206209269,data/problems/evaluation/depolarizing_01_r1_n14_b3.npz
evaluation_depolarizing_01,depolarizing,1,0,8233,dicke,True,0.0,0.17679920559837015,0.0006469706696146929,0.8143671056776667,True,270.85868704855693,0.0,60,0,256,256,10.14672856462963,0.0,10.141937131227433,data/problems/evaluation/depolarizing_01_r1_n14_b3.npz
evaluation_depolarizing_01,depolarizing,1,0,8233,dicke_cvar,False,0.0,0.1863507961120851,0.001078871851010715,0.7362161522004118,True,297.2719566881946,0.02275367282515761,23,2944,256,3200,10.14672856462963,0.0,10.138718644443891,data/problems/evaluation/depolarizing_01_r1_n14_b3.npz
evaluation_depolarizing_01,depolarizing,1,0,8233,dicke_cvar,True,0.0,0.20264483018936247,0.0002739468596172737,0.9044808394095584,True,250.42635097871326,0.0,60,0,256,256,10.14672856462963,0.0,10.144709581336024,data/problems/evaluation/depolarizing_01_r1_n14_b3.npz
evaluation_depolarizing_01,depolarizing,2,0,8201,baseline,False,0.0,0.09799776419751362,5.436755763572424e-11,0.9999999397670888,True,65.98981055017494,0.061703157769308126,22,2816,256,3072,8.344521006219923,0.017773610915371663,8.344521004205882,data/problems/evaluation/depolarizing_01_r2_n14_b3.npz
evaluation_depolarizing_01,depolarizing,2,0,8201,baseline,True,0.0,0.07580079872621742,1.741331862429697e-13,0.9999999998091124,True,46.8930189973054,0.0,71,0,256,256,8.344521006219923,0.017773610915371663,8.34452100621356,data/problems/evaluation/depolarizing_01_r2_n14_b3.npz
evaluation_depolarizing_01,depolarizing,2,0,8201,cvar,False,0.0,0.09068222794253719,0.00011456574416510428,0.9355269042876567,True,24.585982133823894,0.01574105336446896,20,2560,256,2816,8.344521006219923,0.017773610915371663,8.34433109043244,data/problems/evaluation/depolarizing_01_r2_n14_b3.npz
evaluation_depolarizing_01,depolarizing,2,0,8201,cvar,True,0.0,0.09163537947825337,0.0006373183644183248,0.6252361310252781,True,28.51807138041211,0.0,35,0,256,256,8.344521006219923,0.017773610915371663,8.34241922838047,data/problems/evaluation/depolarizing_01_r2_n14_b3.npz
evaluation_depolarizing_01,depolarizing,2,0,8201,dicke,False,0.0,0.2022003479719546,0.0009382169226820318,0.6303330918575831,True,308.52825583822255,0.02513557610909345,21,2688,256,2944,8.344521006219923,0.017773610915371663,8.335795550231662,data/problems/evaluation/depolarizing_01_r2_n14_b3.npz
evaluation_depolarizing_01,depolarizing,2,0,8201,dicke,True,0.0,0.19765444384222353,0.0016362706461350801,0.3537456974431362,True,305.4338277198755,0.0,80,0,256,256,8.344521006219923,0.017773610915371663,8.328644464790825,data/problems/evaluation/depolarizing_01_r2_n14_b3.npz
evaluation_depolarizing_01,depolarizing,2,0,8201,dicke_cvar,False,0.0,0.11941778454807675,0.0006009823514619581,0.6571068047156882,True,281.00550369948166,0.004191033675892797,23,2944,256,3200,8.344521006219923,0.017773610915371663,8.337279414705947,data/problems/evaluation/depolarizing_01_r2_n14_b3.npz
evaluation_depolarizing_01,depolarizing,2,0,8201,dicke_cvar,True,0.0,0.19840410348825768,0.0013743423670819906,0.4401670293640475,True,322.865400340082,0.0,72,0,256,256,8.344521006219923,0.017773610915371663,8.330917708158706,data/problems/evaluation/depolarizing_01_r2_n14_b3.npz
evaluation_depolarizing_01,depolarizing,2,0,8219,baseline,False,0.020866325427298684,0.11779012333440256,0.017050500439025805,0.0002389547965307992,False,21.343293246690287,0.002281190501560726,22,2816,256,3072,8.161406450128597,0.20088816700669732,8.21159756846544,data/problems/evaluation/depolarizing_01_r2_n14_b3.npz
evaluation_depolarizing_01,depolarizing,2,0,8219,baseline,True,0.013179739789386004,0.11684527918141775,0.016524927189239955,0.0002184658605158818,False,19.124800449700338,0.0,80,0,256,256,8.228576600869205,0.13371801626608892,8.218184411134402,data/problems/evaluation/depolarizing_01_r2_n14_b3.npz
evaluation_depolarizing_01,depolarizing,2,0,8219,cvar,False,0.013179739789386004,0.15610848263709395,0.011727100417894123,0.0028128714035845492,False,59.75391791896682,0.0009548589981132061,21,2688,256,2944,8.228576600869205,0.13371801626608892,8.27505495745565,data/problems/evaluation/depolarizing_01_r2_n14_b3.npz
evaluation_depolarizing_01,depolarizing,2,0,8219,cvar,True,0.011188361649900426,0.18624228038980226,0.009499586433268453,0.008259111704372324,False,77.7269819725305,0.0,80,0,256,256,8.29431858818112,0.06797602895417398,8.30049090222128,data/problems/evaluation/depolarizing_01_r2_n14_b3.npz
evaluation_depolarizing_01,depolarizing,2,0,8219,dicke,False,0.0,0.1986562834395946,0.002106294463078661,0.23441714176528672,True,297.6315134392724,0.0028892841176646478,22,2816,256,3072,8.344521006219923,0.017773610915371663,8.325407949536945,data/problems/evaluation/depolarizing_01_r2_n14_b3.npz
evaluation_depolarizing_01,depolarizing,2,0,8219,dicke,True,0.0,0.11573685733872166,0.0006875121471720006,0.6098399839874378,True,269.1956782853596,0.0,46,0,256,256,8.344521006219923,0.017773610915371663,8.336200870307366,data/problems/evaluation/depolarizing_01_r2_n14_b3.npz
evaluation_depolarizing_01,depolarizing,2,0,8219,dicke_cvar,False,0.010773389884712624,0.20558295921372288,0.0011665243642447287,0.49978933054597885,False,363.8055367573973,0.008694397357159378,24,3072,256,3328,8.362294617135294,0.0,8.332871718477447,data/problems/evaluation/depolarizing_01_r2_n14_b3.npz
evaluation_depolarizing_01,depolarizing,2,0,8219,dicke_cvar,True,0.002576630091262077,0.12000677350715172,0.0008358748953815233,0.5333937275472499,False,263.2799405117913,0.0,34,0,256,256,8.322415699474861,0.03987891766043283,8.334356072612836,data/problems/evaluation/depolarizing_01_r2_n14_b3.npz
evaluation_depolarizing_01,depolarizing,2,0,8233,baseline,False,0.002576630091262077,0.10844927504306437,0.002959024175959747,0.021358919781002794,False,29.433694800656493,0.04520774289090501,19,2432,256,2688,8.322415699474861,0.03987891766043283,8.314216882683578,data/problems/evaluation/depolarizing_01_r2_n14_b3.npz
evaluation_depolarizing_01,depolarizing,2,0,8233,baseline,True,0.007098336854016091,0.10113152850012053,0.0028035941397180787,0.015298058832214245,False,22.86371477942727,0.0,80,0,256,256,8.319732175439764,0.04256244169553014,8.314189838304273,data/problems/evaluation/depolarizing_01_r2_n14_b3.npz
evaluation_depolarizing_01,depolarizing,2,0,8233,cvar,False,0.0009022703609235595,0.10771389233791534,0.0029713885845407293,0.021913229955481728,False,21.927000490076544,0.004992225552813645,21,2688,256,2944,8.311078934264168,0.05121568287112588,8.313291042218946,data/problems/evaluation/depolarizing_01_r2_n14_b3.npz
evaluation_depolarizing_01,depolarizing,2,0,8233,cvar,True,0.007098336854016091,0.10252857111417778,0.0028292560070187593,0.014837545675953745,False,18.692405944873258,0.0,80,0,256,256,8.319732175439764,0.04256244169553014,8.313816896921933,data/problems/evaluation/depolarizing_01_r2_n14_b3.npz
evaluation_depolarizing_01,depolarizing,2,0,8233,dicke,False,0.0,0.20885455295903496,0.0011842496044954587,0.5117735817688571,True,359.39717914054836,0.23339327398737053,20,2560,256,2816,8.344521006219923,0.017773610915371663,8.333127723844319,data/problems/evaluation/depolarizing_01_r2_n14_b3.npz
evaluation_depolarizing_01,depolarizing,2,0,8233,dicke,True,0.0,0.1157379331643027,0.0006876233466803401,0.6098592088619708,True,269.2167680918154,0.0,37,0,256,256,8.344521006219923,0.017773610915371663,8.33620171139053,data/problems/evaluation/depolarizing_01_r2_n14_b3.npz
evaluation_depolarizing_01,depolarizing,2,0,8233,dicke_cvar,False,0.0,0.12619289288982352,0.0005954889805061472,0.6627005996805222,True,290.8743972885234,0.003400522582024168,22,2816,256,3072,8.344521006219923,0.017773610915371663,8.337384432494998,data/problems/evaluation/depolarizing_01_r2_n14_b3.npz
evaluation_depolarizing_01,depolarizing,2,0,8233,dicke_cvar,True,0.0,0.11931978069136369,0.0008268008846809809,0.5382322158083842,True,263.3311683620359,0.0,32,0,256,256,8.344521006219923,0.017773610915371663,8.334478584283683,data/problems/evaluation/depolarizing_01_r2_n14_b3.npz
evaluation_depolarizing_02,depolarizing,1,0,8201,baseline,False,0.0,0.052108922989793,0.0002042143564263919,0.9702341060524994,True,14.334585290844878,0.03748950749405289,24,3072,256,3328,9.381434623978803,0.0,9.380169533643688,data/problems/evaluation/depolarizing_02_r1_n14_b3.npz
evaluation_depolarizing_02,depolarizing,1,0,8201,baseline,True,0.0,0.045113944831024475,1.3344002397703325e-07,0.9999805729547137,True,12.70620044114488,0.0,80,0,256,256,9.381434623978803,0.0,9.38143379764536,data/problems/evaluation/depolarizing_02_r1_n14_b3.npz
evaluation_depolarizing_02,depolarizing,1,0,8201,cvar,False,0.0,0.08011591367450979,4.087915870005108e-14,0.999999999994129,True,29.839525077525714,0.0005717855712945585,21,2688,256,2944,9.381434623978803,0.0,9.381434623978551,data/problems/evaluation/depolarizing_02_r1_n14_b3.npz
evaluation_depolarizing_02,depolarizing,1,0,8201,cvar,True,0.0,0.07969070784240292,4.412476333513972e-15,0.9999999999993642,True,24.44067345549933,0.0,80,0,256,256,9.381434623978803,0.0,9.381434623978777,data/problems/evaluation/depolarizing_02_r1_n14_b3.npz
evaluation_depolarizing_02,depolarizing,1,0,8201,dicke,False,0.0,0.2223287117438358,0.0039617220427600585,0.5749102579087416,True,241.37024083218614,0.05552823074347657,19,2432,256,2688,9.381434623978803,0.0,9.357187744883735,data/problems/evaluation/depolarizing_02_r1_n14_b3.npz
evaluation_depolarizing_02,depolarizing,1,0,8201,dicke,True,0.0,0.13137589081108578,0.002677239617717802,0.6368107281530908,True,259.5250051965511,0.0,80,0,256,256,9.381434623978803,0.0,9.36496167639663,data/problems/evaluation/depolarizing_02_r1_n14_b3.npz
evaluation_depolarizing_02,depolarizing,1,0,8201,dicke_cvar,False,0.007098710773562812,0.23116675529768263,0.004865949966694409,0.3642660584249464,False,299.4163418799525,0.010906758490325075,18,2304,256,2560,9.337937118660601,0.043497505318201846,9.351548848662015,data/problems/evaluation/depolarizing_02_r1_n14_b3.npz
evaluation_depolarizing_02,depolarizing,1,0,8201,dicke_cvar,True,0.0,0.14490727147313698,0.002047432314172447,0.7224413125688516,True,250.26818325562425,0.0,64,0,256,256,9.381434623978803,0.0,9.368841631225807,data/problems/evaluation/depolarizing_02_r1_n14_b3.npz
evaluation_depolarizing_02,depolarizing,1,0,8219,baseline,False,0.050048290782919634,0.16021436239978132,0.056573131135985,0.0,False,15.524428315837346,0.009012276411593412,19,2432,256,2688,9.07668340524765,0.30475121873115363,9.036893197969254,data/problems/evaluation/depolarizing_02_r1_n14_b3.npz
evaluation_depolarizing_02,depolarizing,1,0,8219,baseline,True,0.06305994253340322,0.1584306221851362,0.05646674807943936,0.0,False,15.616152371688708,0.0,35,0,256,256,8.997509881544804,0.3839247424339991,9.037540008317883,data/problems/evaluation/depolarizing_02_r1_n14_b3.npz
evaluation_depolarizing_02,depolarizing,1,0,8219,cvar,False,0.06305994253340322,0.1678242726662667,0.05710563728513915,0.0,False,19.425105163535815,0.005452117766574283,24,3072,256,3328,8.997509881544804,0.3839247424339991,9.03368540452809,data/problems/evaluation/depolarizing_02_r1_n14_b3.npz
evaluation_depolarizing_02,depolarizing,1,0,8219,cvar,True,0.06305994253340322,0.15991664535747477,0.05656669656252129,0.0,False,16.496652526707706,0.0,35,0,256,256,8.997509881544804,0.3839247424339991,9.0369376524819,data/problems/evaluation/depolarizing_02_r1_n14_b3.npz
evaluation_depolarizing_02,depolarizing,1,0,8219,dicke,False,0.006860523827538778,0.23133213116584822,0.005478701642528693,0.2654236674220035,False,271.4001912460486,0.012495133222500954,20,2560,256,2816,9.338933950739337,0.04250067323946638,9.34778128327612,data/problems/evaluation/depolarizing_02_r1_n14_b3.npz
evaluation_depolarizing_02,depolarizing,1,0,8219,dicke,True,0.0,0.131382437903886,0.002681568890561151,0.636283319121463,True,259.62089901652155,0.0,80,0,256,256,9.381434623978803,0.0,9.36493516987028,data/problems/evaluation/depolarizing_02_r1_n14_b3.npz
evaluation_depolarizing_02,depolarizing,1,0,8219,dicke_cvar,False,0.0,0.22267572166230942,0.0036910728990547214,0.5491118260363772,True,306.76593948720654,0.02553925912874,22,2816,256,3072,9.381434623978803,0.0,9.358784035792318,data/problems/evaluation/depolarizing_02_r1_n14_b3.npz
evaluation_depolarizing_02,depolarizing,1,0,8219,dicke_cvar,True,0.0,0.14499803121057567,0.002048194515593581,0.7223820061930136,True,250.25335368972586,0.0,64,0,256,256,9.381434623978803,0.0,9.368837054121174,data/problems/evaluation/depolarizing_02_r1_n14_b3.npz
evaluation_depolarizing_02,depolarizing,1,0,8233,baseline,False,0.05097604539373006,0.1905800008433349,0.049074483359388354,0.0,False,48.250752068347914,0.021734380298177314,24,3072,256,3328,9.070979371612216,0.31045525236658733,9.082362234908159,data/problems/evaluation/depolarizing_02_r1_n14_b3.npz
evaluation_depolarizing_02,depolarizing,1,0,8233,baseline,True,0.05327713533937202,0.16622579923883135,0.05223159413879671,0.0,False,34.09672368024495,0.0,80,0,256,256,9.056695896691933,0.3247387272868707,9.063101891369577,data/problems/evaluation/depolarizing_02_r1_n14_b3.npz
evaluation_depolarizing_02,depolarizing,1,0,8233,cvar,False,0.03881974459780282,0.2954333336482141,0.04082919744876157,0.0,False,32.16111398448342,0.01256258107914654,20,2560,256,2816,9.14474833137713,0.2366862926016733,9.132507608060909,data/problems/evaluation/depolarizing_02_r1_n14_b3.npz
evaluation_depolarizing_02,depolarizing,1,0,8233,cvar,True,0.041643651779311563,0.25741965610872863,0.037925139263213566,0.0,False,49.26544738936205,0.0,80,0,256,256,9.127596986822024,0.25383763715677965,9.150274583851239,data/problems/evaluation/depolarizing_02_r1_n14_b3.npz
evaluation_depolarizing_02,depolarizing,1,0,8233,dicke,False,0.0,0.19713192734687798,0.0019709994164990993,0.7355994799749025,True,271.4694908942425,0.02189680275006811,25,3200,256,3456,9.381434623978803,0.0,9.36932772371441,data/problems/evaluation/depolarizing_02_r1_n14_b3.npz
evaluation_depolarizing_02,depolarizing,1,0,8233,dicke,True,0.0,0.13139503601408037,0.002686420862124449,0.6356970917186635,True,259.7292970575209,0.0,80,0,256,256,9.381434623978803,0.0,9.36490547603854,data/problems/evaluation/depolarizing_02_r1_n14_b3.npz
evaluation_depolarizing_02,depolarizing,1,0,8233,dicke_cvar,False,0.006860523827538778,0.2460924121387084,0.006784326203366175,0.14112924709151242,False,250.7456497385549,0.00865059672828572,18,2304,256,2560,9.338933950739337,0.04250067323946638,9.339867065018826,data/problems/evaluation/depolarizing_02_r1_n14_b3.npz
evaluation_depolarizing_02,depolarizing,1,0,8233,dicke_cvar,True,0.0,0.14503098887074373,0.002040152863319163,0.7233702227367403,True,250.23692673248246,0.0,80,0,256,256,9.381434623978803,0.0,9.368886323291397,data/problems/evaluation/depolarizing_02_r1_n14_b3.npz
evaluation_depolarizing_02,depolarizing,2,0,8201,baseline,False,0.0056513818717219035,0.2697214721517948,0.01081541399190067,0.34624086205642746,False,38.533481817487974,0.0029335666614185296,27,3456,256,3712,8.153234991575811,0.03468777583349869,8.122628779724725,data/problems/evaluation/depolarizing_02_r2_n14_b3.npz
evaluation_depolarizing_02,depolarizing,2,0,8201,baseline,True,0.0,0.26322476459474164,1.9635733589172904e-06,0.9998206842561445,True,62.70683080782516,0.0,23,0,256,256,8.18792276740931,0.0,8.187909233878438,data/problems/evaluation/depolarizing_02_r2_n14_b3.npz
evaluation_depolarizing_02,depolarizing,2,0,8201,cvar,False,0.0,0.35491406736425296,0.0007307902609420557,0.9562937091970467,True,58.58240363185385,0.0076803933430156235,19,2432,256,2688,8.18792276740931,0.0,8.183541237292003,data/problems/evaluation/depolarizing_02_r2_n14_b3.npz
evaluation_depolarizing_02,depolarizing,2,0,8201,cvar,True,0.0,0.3220461354670072,0.001182403654457623,0.9290107087158878,True,45.205524550608786,0.0,80,0,256,256,8.18792276740931,0.0,8.180851554483496,data/problems/evaluation/depolarizing_02_r2_n14_b3.npz
evaluation_depolarizing_02,depolarizing,2,0,8201,dicke,False,0.0,0.2703340702721573,0.001338774814434971,0.8638997610128475,True,278.50234860854096,0.007877299950587169,22,2816,256,3072,8.18792276740931,0.0,8.179099163623107,data/problems/evaluation/depolarizing_02_r2_n14_b3.npz
evaluation_depolarizing_02,depolarizing,2,0,8201,dicke,True,0.0,0.23613524050901238,0.0007428888155830344,0.9051090239760649,True,253.24178272883782,0.0,80,0,256,256,8.18792276740931,0.0,8.183093477407716,data/problems/evaluation/depolarizing_02_r2_n14_b3.npz
evaluation_depolarizing_02,depolarizing,2,0,8201,dicke_cvar,False,0.0,0.30322216218776343,0.0017687419101067442,0.8116310821495243,True,241.81982368946493,0.024956421337334778,20,2560,256,2816,8.18792276740931,0.0,8.176697660599539,data/problems/evaluation/depolarizing_02_r2_n14_b3.npz
evaluation_depolarizing_02,depolarizing,2,0,8201,dicke_cvar,True,0.0,0.2534925059878528,0.0005919853081144319,0.9131949498603118,True,233.296692294146,0.0,80,0,256,256,8.18792276740931,0.0,8.18414456765204,data/problems/evaluation/depolarizing_02_r2_n14_b3.npz
evaluation_depolarizing_02,depolarizing,2,0,8219,baseline,False,0.0,0.22372824090772356,4.483155365941496e-06,0.9995591947326602,True,30.3297808300765,0.017408920316560828,18,2304,256,2560,8.18792276740931,0.0,8.187893852733069,data/problems/evaluation/depolarizing_02_r2_n14_b3.npz
evaluation_depolarizing_02,depolarizing,2,0,8219,baseline,True,0.0,0.18626137307674104,4.1382817423344e-05,0.9973288976846024,True,25.082890786093444,0.0,80,0,256,256,8.18792276740931,0.0,8.187668413983948,data/problems/evaluation/depolarizing_02_r2_n14_b3.npz
evaluation_depolarizing_02,depolarizing,2,0,8219,cvar,False,0.0,0.22549344801853566,4.543836304747606e-06,0.9995466022655928,True,29.963438319839653,0.0001380666390522478,21,2688,256,2944,8.18792276740931,0.0,8.187893332635703,data/problems/evaluation/depolarizing_02_r2_n14_b3.npz
evaluation_depolarizing_02,depolarizing,2,0,8219,cvar,True,0.0,0.22686658420529135,4.613903750811349e-06,0.9995362434760673,True,29.545081888992296,0.0,80,0,256,256,8.18792276740931,0.0,8.187892757826909,data/problems/evaluation/depolarizing_02_r2_n14_b3.npz
evaluation_depolarizing_02,depolarizing,2,0,8219,dicke,False,0.0,0.3549098793779634,0.004888498544883861,0.5311599992648728,True,358.2921729455014,0.020350702932292464,21,2688,256,2944,8.18792276740931,0.0,8.15734119160539,data/problems/evaluation/depolarizing_02_r2_n14_b3.npz
evaluation_depolarizing_02,depolarizing,2,0,8219,dicke,True,0.01084000133375426,0.23640611311729773,0.0007497785404743896,0.9049658003944394,False,253.45769687680476,0.0,80,0,256,256,8.112938609723809,0.07498415768550082,8.1830440423365,data/problems/evaluation/depolarizing_02_r2_n14_b3.npz
evaluation_depolarizing_02,depolarizing,2,0,8219,dicke_cvar,False,0.0,0.4053729483855612,0.005409917694578706,0.5595282077323029,True,241.10681841633087,0.1301774608741244,18,2304,256,2560,8.18792276740931,0.0,8.154825253896817,data/problems/evaluation/depolarizing_02_r2_n14_b3.npz
evaluation_depolarizing_02,depolarizing,2,0,8219,dicke_cvar,True,0.0,0.25755718191903765,0.0005983919687547102,0.9115663437331862,True,230.89725827767953,0.0,80,0,256,256,8.18792276740931,0.0,8.184109482192433,data/problems/evaluation/depolarizing_02_r2_n14_b3.npz
evaluation_depolarizing_02,depolarizing,2,0,8233,baseline,False,0.0172425729730882,0.2715798369892017,0.02105075896186477,0.0,False,66.58253558582187,0.015125493538490131,20,2560,256,2816,8.082468403513092,0.10545436389621798,8.060053139130293,data/problems/evaluation/depolarizing_02_r2_n14_b3.npz
evaluation_depolarizing_02,depolarizing,2,0,8233,baseline,True,0.01658292578671696,0.22058271236912247,0.02797012671040954,0.0,False,25.954942848915028,0.0,80,0,256,256,8.088775527934681,0.09914723947462889,8.018177014713174,data/problems/evaluation/depolarizing_02_r2_n14_b3.npz
evaluation_depolarizing_02,depolarizing,2,0,8233,cvar,False,0.01658292578671696,0.2726876750029429,0.020710434607659013,0.0,False,65.93017578270909,0.011573512484404525,23,2944,256,3200,8.088775527934681,0.09914723947462889,8.061990274191333,data/problems/evaluation/depolarizing_02_r2_n14_b3.npz
evaluation_depolarizing_02,depolarizing,2,0,8233,cvar,True,0.0172425729730882,0.27167517011133074,0.018376577968328804,0.0,False,50.36665498657432,0.0,80,0,256,256,8.082468403513092,0.10545436389621798,8.076016462086589,data/problems/evaluation/depolarizing_02_r2_n14_b3.npz
evaluation_depolarizing_02,depolarizing,2,0,8233,dicke,False,0.0,0.3586302313008957,0.002094855755235526,0.7565333607583997,True,327.46498994822645,0.029203578924312357,21,2688,256,2944,8.18792276740931,0.0,8.17466345601997,data/problems/evaluation/depolarizing_02_r2_n14_b3.npz
evaluation_depolarizing_02,depolarizing,2,0,8233,dicke,True,0.0,0.23611227494582157,0.0007377004794717036,0.9055880803616584,True,252.659523958668,0.0,80,0,256,256,8.18792276740931,0.0,8.183127817040216,data/problems/evaluation/depolarizing_02_r2_n14_b3.npz
evaluation_depolarizing_02,depolarizing,2,0,8233,dicke_cvar,False,0.0,0.35817125446906006,0.0016492249498537578,0.8088650373172244,True,313.84879323084255,0.045734984217839614,22,2816,256,3072,8.18792276740931,0.0,8.17757595529062,data/problems/evaluation/depolarizing_02_r2_n14_b3.npz
evaluation_depolarizing_02,depolarizing,2,0,8233,dicke_cvar,True,0.0,0.2657624858393736,0.0005525105100166833,0.9158113464211084,True,232.27392418591447,0.0,80,0,256,256,8.18792276740931,0.0,8.184421696315686,data/problems/evaluation/depolarizing_02_r2_n14_b3.npz
evaluation_depolarizing_03,depolarizing,1,0,8201,baseline,False,0.0,0.3716977407134452,0.0001005965824776086,0.9883446955800141,True,9.988534044137712,0.04010490943554679,21,2688,256,2944,9.698940080114461,0.0,9.698205053728179,data/problems/evaluation/depolarizing_03_r1_n14_b3.npz
evaluation_depolarizing_03,depolarizing,1,0,8201,baseline,True,0.0,0.34948479663058685,0.0011483742803992056,0.8772828405238112,True,13.062311663659875,0.0,25,0,256,256,9.698940080114461,0.0,9.690550217696586,data/problems/evaluation/depolarizing_03_r1_n14_b3.npz
evaluation_depolarizing_03,depolarizing,1,0,8201,cvar,False,0.017773265212873018,0.565860970234574,0.013385440232873271,0.11881349227452398,False,20.067744579690274,0.08934416791207919,24,3072,256,3328,9.569094642833706,0.12984543728075515,9.601150431069838,data/problems/evaluation/depolarizing_03_r1_n14_b3.npz
evaluation_depolarizing_03,depolarizing,1,0,8201,cvar,True,0.0,0.4653195197503693,0.0011491580667144007,0.8628497159289116,True,12.488618461560241,0.0,62,0,256,256,9.698940080114461,0.0,9.690544714450235,data/problems/evaluation/depolarizing_03_r1_n14_b3.npz
evaluation_depolarizing_03,depolarizing,1,0,8201,dicke,False,0.0,0.32615191171891755,0.007357174051243134,0.539310502250604,True,345.2923282969751,0.01677203227610624,22,2816,256,3072,9.698940080114461,0.0,9.645191196902507,data/problems/evaluation/depolarizing_03_r1_n14_b3.npz
evaluation_depolarizing_03,depolarizing,1,0,8201,dicke,True,0.0,0.23469056465669796,0.0009070395824973715,0.897101723114349,True,275.42879366765106,0.0,64,0,256,256,9.698940080114461,0.0,9.692313558030897,data/problems/evaluation/depolarizing_03_r1_n14_b3.npz
evaluation_depolarizing_03,depolarizing,1,0,8201,dicke_cvar,False,0.0,0.3230089716567555,0.01190822074698544,0.40528525343690314,True,261.5573237664055,0.0020639940017064817,22,2816,256,3072,9.698940080114461,0.0,9.611942981494705,data/problems/evaluation/depolarizing_03_r1_n14_b3.npz
evaluation_depolarizing_03,depolarizing,1,0,8201,dicke_cvar,True,0.0,0.26429199394620867,0.0011987122573221835,0.8655741913102013,True,255.51696737698828,0.0,80,0,256,256,9.698940080114461,0.0,9.690182696589149,data/problems/evaluation/depolarizing_03_r1_n14_b3.npz
evaluation_depolarizing_03,depolarizing,1,0,8219,baseline,False,0.046140185160655565,0.24190588040149708,0.0742032955147052,0.0,False,13.60609767044788,0.01697105235241289,22,2816,256,3072,9.361857181050171,0.33708289906429023,9.156829048570414,data/problems/evaluation/depolarizing_03_r1_n14_b3.npz
evaluation_depolarizing_03,depolarizing,1,0,8219,baseline,True,0.09047053874499106,0.23689952172359563,0.08436257146068649,0.0,False,11.814297384839062,0.0,80,0,256,256,9.037998081900037,0.6609419982144242,9.082615103322086,data/problems/evaluation/depolarizing_03_r1_n14_b3.npz
evaluation_depolarizing_03,depolarizing,1,0,8219,cvar,False,0.06475034538268143,0.28697275094896896,0.06389852224858603,0.0,False,82.72749897207105,0.00712462623106358,22,2816,256,3072,9.225895819099321,0.47304426101513997,9.23211956453368,data/problems/evaluation/depolarizing_03_r1_n14_b3.npz
evaluation_depolarizing_03,depolarizing,1,0,8219,cvar,True,0.0726897173071037,0.2792667034128144,0.06318046532119483,0.0,False,89.36282787847745,0.0,80,0,256,256,9.16789591556396,0.5310441645505009,9.237366183586513,data/problems/evaluation/depolarizing_03_r1_n14_b3.npz
evaluation_depolarizing_03,depolarizing,1,0,8219,dicke,False,0.0,0.25545055054410054,0.001225312203142786,0.8635671534760978,True,293.59980598015966,0.023427958505333135,26,3328,256,3584,9.698940080114461,0.0,9.689988367481018,data/problems/evaluation/depolarizing_03_r1_n14_b3.npz
evaluation_depolarizing_03,depolarizing,1,0,8219,dicke,True,0.0,0.23472335293521354,0.0009048672169934374,0.8973092477534809,True,274.44113593760477,0.0,50,0,256,256,9.698940080114461,0.0,9.692329428577345,data/problems/evaluation/depolarizing_03_r1_n14_b3.npz
evaluation_depolarizing_03,depolarizing,1,0,8219,dicke_cvar,False,0.008171654577260294,0.3887967604094395,0.014177336997312622,0.09459886818324448,False,253.83308033653182,0.23122737878733352,23,2944,256,3200,9.639240753359527,0.05969932675493439,9.595365656229442,data/problems/evaluation/depolarizing_03_r1_n14_b3.npz
evaluation_depolarizing_03,depolarizing,1,0,8219,dicke_cvar,True,0.0,0.264833768144989,0.0012065292884691336,0.864600576873622,True,254.2653533269263,0.0,80,0,256,256,9.698940080114461,0.0,9.690125588007133,data/problems/evaluation/depolarizing_03_r1_n14_b3.npz
evaluation_depolarizing_03,depolarizing,1,0,8233,baseline,False,0.17715356756029815,0.27772198953884025,0.1798047794198919,0.0,False,14.707284101853526,0.0021703420232743187,22,2816,256,3072,8.404760382772233,1.2941796973422282,8.385449450346936,data/problems/evaluation/depolarizing_03_r1_n14_b3.npz
evaluation_depolarizing_03,depolarizing,1,0,8233,baseline,True,0.17715356756029815,0.2732149825247171,0.17946252970884194,0.0,False,13.966368560336758,0.0,80,0,256,256,8.404760382772233,1.2941796973422282,8.387959474187406,data/problems/evaluation/depolarizing_03_r1_n14_b3.npz
evaluation_depolarizing_03,depolarizing,1,0,8233,cvar,False,0.1763600247473917,0.3248177025149843,0.1711935321735908,0.0,False,27.445949069176898,0.0017486804987392607,20,2560,256,2816,8.410571140267663,1.288368939846798,8.448303490233839,data/problems/evaluation/depolarizing_03_r1_n14_b3.npz
evaluation_depolarizing_03,depolarizing,1,0,8233,cvar,True,0.15859924798479372,0.3371690838672869,0.1659027982092048,0.0,False,33.89965415420446,0.0,22,0,256,256,8.540340643190056,1.1585994369244048,8.486931384001327,data/problems/evaluation/depolarizing_03_r1_n14_b3.npz
evaluation_depolarizing_03,depolarizing,1,0,8233,dicke,False,0.0,0.3274862954636661,0.007630553480172572,0.5215179320475645,True,350.8925212094447,0.01484868999639033,24,3072,256,3328,9.698940080114461,0.0,9.643193984227082,data/problems/evaluation/depolarizing_03_r1_n14_b3.npz
evaluation_depolarizing_03,depolarizing,1,0,8233,dicke,True,0.0,0.23472069736353582,0.0009106660553077415,0.8967518563421236,True,276.19331673320204,0.0,54,0,256,256,9.698940080114461,0.0,9.69228706426977,data/problems/evaluation/depolarizing_03_r1_n14_b3.npz
evaluation_depolarizing_03,depolarizing,1,0,8233,dicke_cvar,False,0.0,0.3334476674178296,0.007631198021746813,0.45949621432112964,True,355.1621479548026,0.012451699664380755,21,2688,256,2944,9.698940080114461,0.0,9.643189243847992,data/problems/evaluation/depolarizing_03_r1_n14_b3.npz
evaluation_depolarizing_03,depolarizing,1,0,8233,dicke_cvar,True,0.0,0.32994506959691033,0.0072289160926458235,0.5055931373170668,True,363.9999588322364,0.0,26,0,256,256,9.698940080114461,0.0,9.646128181330837,data/problems/evaluation/depolarizing_03_r1_n14_b3.npz
evaluation_depolarizing_03,depolarizing,2,0,8201,baseline,False,0.00715787992422504,0.12490754880495117,0.007210130863723559,0.0,False,23.98046429684694,0.0066831862268257325,25,3200,256,3456,6.530839371679793,0.019573247486904144,6.530696491725967,data/problems/evaluation/depolarizing_03_r2_n14_b3.npz
evaluation_depolarizing_03,depolarizing,2,0,8201,baseline,True,0.00715787992422504,0.12417644128074641,0.007179097058142107,0.0,False,26.1672073604204,0.0,80,0,256,256,6.530839371679793,0.019573247486904144,6.530781353471686,data/problems/evaluation/depolarizing_03_r2_n14_b3.npz
evaluation_depolarizing_03,depolarizing,2,0,8201,cvar,False,0.00715787992422504,0.12347961399027886,0.007191227409874311,0.0,False,24.26691446214965,0.0006292691078586543,23,2944,256,3200,6.530839371679793,0.019573247486904144,6.530748183070139,data/problems/evaluation/depolarizing_03_r2_n14_b3.npz
evaluation_depolarizing_03,depolarizing,2,0,8201,cvar,True,0.00715787992422504,0.12163666426743097,0.007176494445565376,0.0,False,24.743794263647242,0.0,80,0,256,256,6.530839371679793,0.019573247486904144,6.530788470257799,data/problems/evaluation/depolarizing_03_r2_n14_b3.npz
evaluation_depolarizing_03,depolarizing,2,0,8201,dicke,False,0.0,0.26695414848780114,0.006667650068999236,0.5035555686640639,True,363.40767765672996,0.03594273014796823,22,2816,256,3072,6.550412619166697,0.0,6.532179963331371,data/problems/evaluation/depolarizing_03_r2_n14_b3.npz
evaluation_depolarizing_03,depolarizing,2,0,8201,dicke,True,0.0,0.17859429460386744,0.007118793072249913,0.48884679003023745,True,297.62251320937025,0.0,24,0,256,256,6.550412619166697,0.0,6.5309463153246865,data/problems/evaluation/depolarizing_03_r2_n14_b3.npz
evaluation_depolarizing_03,depolarizing,2,0,8201,dicke_cvar,False,0.0,0.2668487180592449,0.006634876470012421,0.5054122577376046,True,363.998152793565,8.172474066370228e-07,24,3072,256,3328,6.550412619166697,0.0,6.532269583060905,data/problems/evaluation/depolarizing_03_r2_n14_b3.npz
evaluation_depolarizing_03,depolarizing,2,0,8201,dicke_cvar,True,0.0,0.22167909762787572,0.006134987254912837,0.5412079468719222,True,313.68056821086293,0.0,32,0,256,256,6.550412619166697,0.0,6.53363653086574,data/problems/evaluation/depolarizing_03_r2_n14_b3.npz
evaluation_depolarizing_03,depolarizing,2,0,8219,baseline,False,0.07708799165080057,0.2883899829223707,0.06141621254966368,0.0,False,13.874631974633688,4.2489681593593787e-05,23,2944,256,3200,6.339614974621277,0.21079764454542005,6.3824697410693645,data/problems/evaluation/depolarizing_03_r2_n14_b3.npz
evaluation_depolarizing_03,depolarizing,2,0,8219,baseline,True,0.05386679083629227,0.2882270742379575,0.06127358123432099,0.0,False,13.591017021526595,0.0,21,0,256,256,6.403113692916139,0.14729892625055818,6.382859775760019,data/problems/evaluation/depolarizing_03_r2_n14_b3.npz
evaluation_depolarizing_03,depolarizing,2,0,8219,cvar,False,0.09342617534606346,0.3359836336672017,0.08922098649696043,0.0,False,54.7077307568537,1.3204318293880135e-05,19,2432,256,2688,6.294938418709036,0.25547420045766156,6.3064419654653845,data/problems/evaluation/depolarizing_03_r2_n14_b3.npz
evaluation_depolarizing_03,depolarizing,2,0,8219,cvar,True,0.05386679083629227,0.3356779955528696,0.08724355225102637,0.0,False,62.43206775751129,0.0,80,0,256,256,6.403113692916139,0.14729892625055818,6.311851820325224,data/problems/evaluation/depolarizing_03_r2_n14_b3.npz
evaluation_depolarizing_03,depolarizing,2,0,8219,dicke,False,0.018202294975569435,0.28123028265575817,0.01823642539146094,0.22753296134360912,False,289.03161945593115,0.029068747369687564,19,2432,256,2688,6.500638976265968,0.049773642900729165,6.500544961725646,data/problems/evaluation/depolarizing_03_r2_n14_b3.npz
evaluation_depolarizing_03,depolarizing,2,0,8219,dicke,True,0.02502378534734061,0.17879541434680002,0.007375979542428299,0.47759693053846675,False,298.6441510715446,0.0,80,0,256,256,6.481984185752543,0.06842843341415428,6.530243038009054,data/problems/evaluation/depolarizing_03_r2_n14_b3.npz
evaluation_depolarizing_03,depolarizing,2,0,8219,dicke_cvar,False,0.0,0.2818383193766173,0.007272079496639486,0.511410212640482,True,350.93335612931725,0.008218532308207571,19,2432,256,2688,6.550412619166697,0.0,6.530527133739032,data/problems/evaluation/depolarizing_03_r2_n14_b3.npz
evaluation_depolarizing_03,depolarizing,2,0,8219,dicke_cvar,True,0.018863788362579532,0.26513567278759964,0.006595824704443037,0.5032888564614337,False,363.4046094199565,0.0,21,0,256,256,6.498829523652524,0.051583095514173394,6.532376371200677,data/problems/evaluation/depolarizing_03_r2_n14_b3.npz
evaluation_depolarizing_03,depolarizing,2,0,8233,baseline,False,0.00715787992422504,0.2736914890711575,0.029688998182447905,0.016535408534020024,False,29.93722930609707,0.002231049340250202,22,2816,256,3072,6.530839371679793,0.019573247486904144,6.469227685146979,data/problems/evaluation/depolarizing_03_r2_n14_b3.npz
evaluation_depolarizing_03,depolarizing,2,0,8233,baseline,True,0.02764529399312923,0.2579009666882022,0.030597160034009044,0.020212913872091343,False,74.98990412083893,0.0,80,0,256,256,6.474816466933831,0.07559615223286631,6.466742755128461,data/problems/evaluation/depolarizing_03_r2_n14_b3.npz
evaluation_depolarizing_03,depolarizing,2,0,8233,cvar,False,0.00715787992422504,0.31897273525362657,0.0247485759918503,0.00012654762614627835,False,37.436730167062386,0.001546329595758067,19,2432,256,2688,6.530839371679793,0.019573247486904144,6.482737888395897,data/problems/evaluation/depolarizing_03_r2_n14_b3.npz
evaluation_depolarizing_03,depolarizing,2,0,8233,cvar,True,0.02764529399312923,0.26822529688298197,0.03275211228461495,0.01602927529204501,False,123.93793824282614,0.0,80,0,256,256,6.474816466933831,0.07559615223286631,6.460847739293284,data/problems/evaluation/depolarizing_03_r2_n14_b3.npz
evaluation_depolarizing_03,depolarizing,2,0,8233,dicke,False,0.02502378534734061,0.26667119656700433,0.00663170203990065,0.5051636404602855,False,363.9820799941717,0.0004201439748019453,20,2560,256,2816,6.481984185752543,0.06842843341415428,6.532278263644446,data/problems/evaluation/depolarizing_03_r2_n14_b3.npz
evaluation_depolarizing_03,depolarizing,2,0,8233,dicke,True,0.0,0.26695323791615905,0.0066372028130681614,0.5055278469572554,True,363.99999999965405,0.0,22,0,256,256,6.550412619166697,0.0,6.532263221610318,data/problems/evaluation/depolarizing_03_r2_n14_b3.npz
evaluation_depolarizing_03,depolarizing,2,0,8233,dicke_cvar,False,0.0,0.27263715503497343,0.006896873765876686,0.5043161614226143,True,361.5756303533712,0.0040522457968013015,18,2304,256,2560,6.550412619166697,0.0,6.53155314582056,data/problems/evaluation/depolarizing_03_r2_n14_b3.npz
evaluation_depolarizing_03,depolarizing,2,0,8233,dicke_cvar,True,0.0,0.2669513068460285,0.006637169265981803,0.505525104883958,True,363.99999893159924,0.0,21,0,256,256,6.550412619166697,0.0,6.532263313345953,data/problems/evaluation/depolarizing_03_r2_n14_b3.npz
evaluation_depolarizing_04,depolarizing,1,0,8201,baseline,False,0.029820920491299686,0.21576247158368617,0.02508489083113919,0.09667461783538445,False,60.50072141556785,0.0018225996150071921,21,2688,256,2944,9.216623785205346,0.20428443096286486,9.24885252339643,data/problems/evaluation/depolarizing_04_r1_n14_b3.npz
evaluation_depolarizing_04,depolarizing,1,0,8201,baseline,True,0.0315725643764374,0.21515150966015073,0.025056363470249948,0.09437385698854905,False,61.11271419019646,0.0,56,0,256,256,9.20444271555848,0.2164655006097309,9.249064431037645,data/problems/evaluation/depolarizing_04_r1_n14_b3.npz
evaluation_depolarizing_04,depolarizing,1,0,8201,cvar,False,0.024287332417287186,0.24412970415598878,0.028088969278867143,0.019540892380371044,False,70.06632925054005,0.025093452094212765,20,2560,256,2816,9.253499852447376,0.16740836372083479,9.228093402810021,data/problems/evaluation/depolarizing_04_r1_n14_b3.npz
evaluation_depolarizing_04,depolarizing,1,0,8201,cvar,True,0.02100394409801622,0.286259510061637,0.019503941937597774,0.060345565388241984,False,21.65299979479093,0.0,62,0,256,256,9.276760649737943,0.14414756643026827,9.287015228238472,data/problems/evaluation/depolarizing_04_r1_n14_b3.npz
evaluation_depolarizing_04,depolarizing,1,0,8201,dicke,False,0.0031995262195564102,0.23147526647107194,0.00499985496529483,0.4918691027957409,False,340.35044010660624,0.01996996484181235,26,3328,256,3584,9.39861589805,0.022292318118211085,9.386428697889698,data/problems/evaluation/depolarizing_04_r1_n14_b3.npz
evaluation_depolarizing_04,depolarizing,1,0,8201,dicke,True,0.0,0.22603148100120724,0.004490217678607387,0.37418124896890437,True,274.49086554259867,0.0,57,0,256,256,9.420908216168211,0.0,9.389892472429983,data/problems/evaluation/depolarizing_04_r1_n14_b3.npz
evaluation_depolarizing_04,depolarizing,1,0,8201,dicke_cvar,False,0.0031995262195564102,0.27286626677647524,0.004719766360401456,0.06972752666620885,False,248.90799975565693,0.045174463069955095,18,2304,256,2560,9.39861589805,0.022292318118211085,9.38820257137131,data/problems/evaluation/depolarizing_04_r1_n14_b3.npz
evaluation_depolarizing_04,depolarizing,1,0,8201,dicke_cvar,True,0.0,0.20729545789419573,0.000903515693616381,0.8465875740736517,True,244.8119964182933,0.0,36,0,256,256,9.420908216168211,0.0,9.414654614833832,data/problems/evaluation/depolarizing_04_r1_n14_b3.npz
evaluation_depolarizing_04,depolarizing,1,0,8219,baseline,False,0.029820920491299686,0.258665670018428,0.029451084665221977,0.0,False,79.72858968587175,0.006869059404227329,21,2688,256,2944,9.216623785205346,0.20428443096286486,9.218753210805518,data/problems/evaluation/depolarizing_04_r1_n14_b3.npz
evaluation_depolarizing_04,depolarizing,1,0,8219,baseline,True,0.02031119671095948,0.22661270832454503,0.02778104143185319,0.0,False,77.9550689018333,0.0,44,0,256,256,9.281088380827631,0.13981983534057996,9.230084224572618,data/problems/evaluation/depolarizing_04_r1_n14_b3.npz
evaluation_depolarizing_04,depolarizing,1,0,8219,cvar,False,0.029820920491299686,0.2446500729988659,0.027588752311488208,0.0,False,56.34896932224566,0.008825276202075294,24,3072,256,3328,9.216623785205346,0.20428443096286486,9.231720649580323,data/problems/evaluation/depolarizing_04_r1_n14_b3.npz
evaluation_depolarizing_04,depolarizing,1,0,8219,cvar,True,0.02031119671095948,0.24251362760944428,0.027471166435974068,0.0,False,72.01810210707116,0.0,80,0,256,256,9.281088380827631,0.13981983534057996,9.23251647041026,data/problems/evaluation/depolarizing_04_r1_n14_b3.npz
evaluation_depolarizing_04,depolarizing,1,0,8219,dicke,False,0.0031995262195564102,0.23786954174141475,0.0059245153273550025,0.5056048551564922,False,363.98755455639633,0.009007024595936386,17,2176,256,2432,9.39861589805,0.022292318118211085,9.38009124877695,data/problems/evaluation/depolarizing_04_r1_n14_b3.npz
evaluation_depolarizing_04,depolarizing,1,0,8219,dicke,True,0.0,0.22603139830374497,0.004487471244685945,0.3742609337718842,True,274.43017831068624,0.0,67,0,256,256,9.420908216168211,0.0,9.389911326176907,data/problems/evaluation/depolarizing_04_r1_n14_b3.npz
evaluation_depolarizing_04,depolarizing,1,0,8219,dicke_cvar,False,0.0031995262195564102,0.23944381625533406,0.0069748434127551665,0.5011477815516479,False,353.9069145613252,0.02028501771708502,22,2816,256,3072,9.39861589805,0.022292318118211085,9.37288862610967,data/problems/evaluation/depolarizing_04_r1_n14_b3.npz
evaluation_depolarizing_04,depolarizing,1,0,8219,dicke_cvar,True,0.0,0.13782158747484483,0.001923301351830638,0.7342351968214821,True,243.6297642236622,0.0,61,0,256,256,9.420908216168211,0.0,9.407618007881485,data/problems/evaluation/depolarizing_04_r1_n14_b3.npz
evaluation_depolarizing_04,depolarizing,1,0,8233,baseline,False,0.04578700230963718,0.3143179747202788,0.03991865204811721,0.0,False,77.52797085337819,0.31574568934176117,21,2688,256,2944,9.105600298590819,0.3153079175773925,9.146618071956283,data/problems/evaluation/depolarizing_04_r1_n14_b3.npz
evaluation_depolarizing_04,depolarizing,1,0,8233,baseline,True,0.042412028360228185,0.23994266787661478,0.03768860018759861,0.0,False,73.09723813858906,0.0,31,0,256,256,9.129439307516614,0.2914689086515967,9.162391674813037,data/problems/evaluation/depolarizing_04_r1_n14_b3.npz
evaluation_depolarizing_04,depolarizing,1,0,8233,cvar,False,0.029820920491299686,0.3079758957876205,0.037563401332965304,0.0,False,72.95564990520201,0.025453952881781206,19,2432,256,2688,9.216623785205346,0.20428443096286486,9.162996490683097,data/problems/evaluation/depolarizing_04_r1_n14_b3.npz
evaluation_depolarizing_04,depolarizing,1,0,8233,cvar,True,0.03642749622776273,0.20063771653980933,0.051322971147066895,0.0,False,42.35536581336922,0.0,34,0,256,256,9.17019386811459,0.2507143480536218,9.06856145001053,data/problems/evaluation/depolarizing_04_r1_n14_b3.npz
evaluation_depolarizing_04,depolarizing,1,0,8233,dicke,False,0.0031995262195564102,0.2627195388358142,0.007466710188961839,0.03467557685460898,False,257.43079648943075,0.22227058480106976,19,2432,256,2688,9.39861589805,0.022292318118211085,9.369428041385497,data/problems/evaluation/depolarizing_04_r1_n14_b3.npz
evaluation_depolarizing_04,depolarizing,1,0,8233,dicke,True,0.020741173051864653,0.22618098281956017,0.004202062631251214,0.37793351147806287,False,268.2977780145407,0.0,80,0,256,256,9.278161223122682,0.14274699304552918,9.391869310874256,data/problems/evaluation/depolarizing_04_r1_n14_b3.npz
evaluation_depolarizing_04,depolarizing,1,0,8233,dicke_cvar,False,0.0,0.22621840653557412,0.004197703764499164,0.3882563781507602,True,269.7320528449404,0.0039922237565885865,20,2560,256,2816,9.420908216168211,0.0,9.391902298006158,data/problems/evaluation/depolarizing_04_r1_n14_b3.npz
evaluation_depolarizing_04,depolarizing,1,0,8233,dicke_cvar,True,0.0,0.23028076509528886,0.005402585795530275,0.4513884733070812,True,334.2120146697514,0.0,27,0,256,256,9.420908216168211,0.0,9.383655074520462,data/problems/evaluation/depolarizing_04_r1_n14_b3.npz
evaluation_depolarizing_04,depolarizing,2,0,8201,baseline,False,0.025196347968626295,0.20288087916627165,0.027015710211212945,0.0,False,81.17103448409348,0.057316239093531784,23,2944,256,3200,7.699120903385272,0.1455587480070255,7.690696793036433,data/problems/evaluation/depolarizing_04_r2_n14_b3.npz
evaluation_depolarizing_04,depolarizing,2,0,8201,baseline,True,0.025196347968626295,0.1876437063013806,0.026806812794085602,0.0,False,83.48419415014335,0.0,80,0,256,256,7.699120903385272,0.1455587480070255,7.6924159984831935,data/problems/evaluation/depolarizing_04_r2_n14_b3.npz
evaluation_depolarizing_04,depolarizing,2,0,8201,cvar,False,0.033605398998234816,0.2522936998501893,0.0315765194064151,0.0,False,60.8966756541584,0.02637070101611738,20,2560,256,2816,7.652437072740539,0.19224257865175876,7.6640131312152056,data/problems/evaluation/depolarizing_04_r2_n14_b3.npz
evaluation_depolarizing_04,depolarizing,2,0,8201,cvar,True,0.025196347968626295,0.18759178577076155,0.026817402677545264,0.0,False,82.24303966342272,0.0,80,0,256,256,7.699120903385272,0.1455587480070255,7.692390074406551,data/problems/evaluation/depolarizing_04_r2_n14_b3.npz
evaluation_depolarizing_04,depolarizing,2,0,8201,dicke,False,0.0,0.23786319857822044,0.0005336328204670777,0.8860818923922943,True,267.6242658391263,0.1748987527402197,17,2176,256,2432,7.844679651392298,0.0,7.841648249720896,data/problems/evaluation/depolarizing_04_r2_n14_b3.npz
evaluation_depolarizing_04,depolarizing,2,0,8201,dicke,True,0.0,0.15341776987810044,0.0004625049237248006,0.829853375635769,True,273.1497304116171,0.0,31,0,256,256,7.844679651392298,0.0,7.842517397244395,data/problems/evaluation/depolarizing_04_r2_n14_b3.npz
evaluation_depolarizing_04,depolarizing,2,0,8201,dicke_cvar,False,0.0,0.22679932443682163,0.00047459437890022256,0.8894794305380713,True,271.7805777169275,0.029978893664306616,17,2176,256,2432,7.844679651392298,0.0,7.84199387918436,data/problems/evaluation/depolarizing_04_r2_n14_b3.npz
evaluation_depolarizing_04,depolarizing,2,0,8201,dicke_cvar,True,0.0,0.1661324662289317,0.0003741940209293917,0.8610789835823509,True,255.9973379249484,0.0,34,0,256,256,7.844679651392298,0.0,7.8429250866475675,data/problems/evaluation/depolarizing_04_r2_n14_b3.npz
evaluation_depolarizing_04,depolarizing,2,0,8219,baseline,False,0.012135341727680382,0.2342229524243892,0.017083410356695153,0.0,False,82.51297959197755,0.012917387695853488,21,2688,256,2944,7.774612585925276,0.0700670654670219,7.749536622195307,data/problems/evaluation/depolarizing_04_r2_n14_b3.npz
evaluation_depolarizing_04,depolarizing,2,0,8219,baseline,True,0.022923370035137402,0.23231233197422094,0.0158003620494373,0.0,False,71.6252729239698,0.0,29,0,256,256,7.71779694848547,0.12688270290682802,7.756678345069594,data/problems/evaluation/depolarizing_04_r2_n14_b3.npz
evaluation_depolarizing_04,depolarizing,2,0,8219,cvar,False,0.022923370035137402,0.24080744149664343,0.018807837942359778,0.0,False,95.64918440063614,0.02323204234223164,22,2816,256,3072,7.71779694848547,0.12688270290682802,7.7399463302062275,data/problems/evaluation/depolarizing_04_r2_n14_b3.npz
evaluation_depolarizing_04,depolarizing,2,0,8219,cvar,True,0.012135341727680382,0.23242205123815385,0.01553324305890547,0.0,False,69.30877897712713,0.0,39,0,256,256,7.774612585925276,0.0700670654670219,7.758218696270726,data/problems/evaluation/depolarizing_04_r2_n14_b3.npz
evaluation_depolarizing_04,depolarizing,2,0,8219,dicke,False,0.0019750678446168487,0.25270445675605774,0.0017110625487890903,0.5058371851122674,False,359.6860428467006,0.00609097626238464,21,2688,256,2944,7.838643612418466,0.006036038973831204,7.836342046207853,data/problems/evaluation/depolarizing_04_r2_n14_b3.npz
evaluation_depolarizing_04,depolarizing,2,0,8219,dicke,True,0.0,0.2515329938762234,0.001948098914005106,0.500378362183332,True,361.77289124540783,0.0,22,0,256,256,7.844679651392298,0.0,7.834710796966871,data/problems/evaluation/depolarizing_04_r2_n14_b3.npz
evaluation_depolarizing_04,depolarizing,2,0,8219,dicke_cvar,False,0.013626670957171674,0.24994374233678776,0.002070697203435599,0.4649348218339464,False,355.8333954745833,0.02065093464412504,22,2816,256,3072,7.77606918468934,0.06861046670295767,7.834257715609296,data/problems/evaluation/depolarizing_04_r2_n14_b3.npz
evaluation_depolarizing_04,depolarizing,2,0,8219,dicke_cvar,True,0.0,0.267278322650915,0.0016222451606974757,0.5916507195390772,True,280.1381061658479,0.0,35,0,256,256,7.844679651392298,0.0,7.83619221681184,data/problems/evaluation/depolarizing_04_r2_n14_b3.npz
evaluation_depolarizing_04,depolarizing,2,0,8233,baseline,False,0.0019750678446168487,0.13515292328240425,0.0014021904877920233,0.29076429023377315,False,13.68789229366176,0.03667907980549101,24,3072,256,3328,7.838643612418466,0.006036038973831204,7.840388418662309,data/problems/evaluation/depolarizing_04_r2_n14_b3.npz
evaluation_depolarizing_04,depolarizing,2,0,8233,baseline,True,0.0019750678446168487,0.164331119566293,0.001964342504742,0.005442605780763832,False,18.55339058743092,0.0,66,0,256,256,7.838643612418466,0.006036038973831204,7.838676272334666,data/problems/evaluation/depolarizing_04_r2_n14_b3.npz
evaluation_depolarizing_04,depolarizing,2,0,8233,cvar,False,0.0,0.2810671544132176,2.387429294607588e-06,0.9987912369243432,True,27.451115591305673,0.0011774165315212581,17,2176,256,2432,7.844679651392298,0.0,7.844672354853016,data/problems/evaluation/depolarizing_04_r2_n14_b3.npz
evaluation_depolarizing_04,depolarizing,2,0,8233,cvar,True,0.0,0.2716061114801826,1.7679317122632115e-09,0.9999991322684583,True,19.39837829109071,0.0,40,0,256,256,7.844679651392298,0.0,7.844679645554745,data/problems/evaluation/depolarizing_04_r2_n14_b3.npz
evaluation_depolarizing_04,depolarizing,2,0,8233,dicke,False,0.0,0.2557310814819783,0.0015971231054927413,0.5593094126479641,True,270.3201696054187,0.056207361317192284,18,2304,256,2560,7.844679651392298,0.0,7.836673140243219,data/problems/evaluation/depolarizing_04_r2_n14_b3.npz
evaluation_depolarizing_04,depolarizing,2,0,8233,dicke,True,0.0,0.15341829428723208,0.0004630701822779163,0.8295588350171912,True,273.1347943393755,0.0,45,0,256,256,7.844679651392298,0.0,7.842515647532304,data/problems/evaluation/depolarizing_04_r2_n14_b3.npz
evaluation_depolarizing_04,depolarizing,2,0,8233,dicke_cvar,False,0.0,0.19332054555127207,0.00040039533580712734,0.8706491469479506,True,257.80948936621763,0.009848510296785351,24,3072,256,3328,7.844679651392298,0.0,7.842624808094201,data/problems/evaluation/depolarizing_04_r2_n14_b3.npz
evaluation_depolarizing_04,depolarizing,2,0,8233,dicke_cvar,True,0.0,0.16637072198316163,0.0003756189512761595,0.8603545080470401,True,255.7438236668568,0.0,49,0,256,256,7.844679651392298,0.0,7.842920748904758,data/problems/evaluation/depolarizing_04_r2_n14_b3.npz
evaluation_driven_dissipation_00,driven_dissipation,1,0,8201,baseline,False,0.06383785744038553,0.2765271321892556,0.06466821051068672,0.0007823548393410817,False,113.66305195521619,0.17093163007476697,19,2432,256,2688,9.426493188373033,0.46685955937912027,9.420131419785339,data/problems/evaluation/driven_dissipation_00_r1_n14_b3.npz
evaluation_driven_dissipation_00,driven_dissipation,1,0,8201,baseline,True,0.08184744306221525,0.24356155881265523,0.07135746491696822,1.0277290130034089e-10,False,31.378892488617282,0.0,80,0,256,256,9.29460334596049,0.5987494017916628,9.371281901456381,data/problems/evaluation/driven_dissipation_00_r1_n14_b3.npz
evaluation_driven_dissipation_00,driven_dissipation,1,0,8201,cvar,False,0.06383785744038553,0.27759538181198323,0.06560513551230428,0.00046008807645059324,False,114.22718247073243,0.04079168380308662,19,2432,256,2688,9.426493188373033,0.46685955937912027,9.413282268697342,data/problems/evaluation/driven_dissipation_00_r1_n14_b3.npz
evaluation_driven_dissipation_00,driven_dissipation,1,0,8201,cvar,True,0.05607159285627465,0.2651641005288725,0.06431245531721645,7.400331014650874e-09,False,40.74281470314573,0.0,36,0,256,256,9.483185028346107,0.4101677194060471,9.422828108713226,data/problems/evaluation/driven_dissipation_00_r1_n14_b3.npz
evaluation_driven_dissipation_00,driven_dissipation,1,0,8201,dicke,False,0.008803431262111165,0.25026299669651075,0.024209733417240087,0.15511301045263903,False,253.47041766417442,0.011067719804280785,21,2688,256,2944,9.828562293904021,0.06479045384813276,9.716138285691864,data/problems/evaluation/driven_dissipation_00_r1_n14_b3.npz
evaluation_driven_dissipation_00,driven_dissipation,1,0,8201,dicke,True,0.008803431262111165,0.24567663227516942,0.008124866387155674,0.6397263704117138,False,302.3707276987439,0.0,80,0,256,256,9.828562293904021,0.06479045384813276,9.833854189597652,data/problems/evaluation/driven_dissipation_00_r1_n14_b3.npz
evaluation_driven_dissipation_00,driven_dissipation,1,0,8201,dicke_cvar,False,0.0,0.2460713756408069,0.008961604578540557,0.6011767553940456,True,316.15890694084754,0.0060740536703280945,21,2688,256,2944,9.893352747752154,0.0,9.827725392893253,data/problems/evaluation/driven_dissipation_00_r1_n14_b3.npz
evaluation_driven_dissipation_00,driven_dissipation,1,0,8201,dicke_cvar,True,0.0,0.2465647039374401,0.005977354990549582,0.7354927443412433,True,289.42674916356924,0.0,80,0,256,256,9.893352747752154,0.0,9.849581022079043,data/problems/evaluation/driven_dissipation_00_r1_n14_b3.npz
evaluation_driven_dissipation_00,driven_dissipation,1,0,8219,baseline,False,0.008803431262111165,0.14310096041109704,0.0037097331003964227,0.8748064697209218,False,21.219399793479376,0.05725573632317582,20,2560,256,2816,9.828562293904021,0.06479045384813276,9.866215991349591,data/problems/evaluation/driven_dissipation_00_r1_n14_b3.npz
evaluation_driven_dissipation_00,driven_dissipation,1,0,8219,baseline,True,0.0,0.12515821722560758,0.000321154987714833,0.9901372140824618,True,23.65342727964951,0.0,80,0,256,256,9.893352747752154,0.0,9.891004038742214,data/problems/evaluation/driven_dissipation_00_r1_n14_b3.npz
evaluation_driven_dissipation_00,driven_dissipation,1,0,8219,cvar,False,0.008803431262111165,0.14319185361387593,0.0035710792855630927,0.8791451522583388,False,21.291354249409004,0.0018029493840558963,20,2560,256,2816,9.828562293904021,0.06479045384813276,9.867230055715813,data/problems/evaluation/driven_dissipation_00_r1_n14_b3.npz
evaluation_driven_dissipation_00,driven_dissipation,1,0,8219,cvar,True,0.0,0.14057494825386363,0.0052093922722517665,0.8269147782953631,True,20.11143704804087,0.0,80,0,256,256,9.893352747752154,0.0,9.855247481104888,data/problems/evaluation/driven_dissipation_00_r1_n14_b3.npz
evaluation_driven_dissipation_00,driven_dissipation,1,0,8219,dicke,False,0.0,0.19763288214119787,0.006479658522057294,0.6464819234318173,True,264.3919704899712,0.01057135766202677,22,2816,256,3072,9.893352747752154,0.0,9.845868710322469,data/problems/evaluation/driven_dissipation_00_r1_n14_b3.npz
evaluation_driven_dissipation_00,driven_dissipation,1,0,8219,dicke,True,0.0,0.19076478475580755,0.00836135364249588,0.589965083221147,True,287.2911297391037,0.0,80,0,256,256,9.893352747752154,0.0,9.832101779001134,data/problems/evaluation/driven_dissipation_00_r1_n14_b3.npz
evaluation_driven_dissipation_00,driven_dissipation,1,0,8219,dicke_cvar,False,0.008803431262111165,0.2472110996191691,0.011559724673265971,0.4957184705241444,False,328.5566411315273,0.015284751847064015,29,3712,256,3968,9.828562293904021,0.06479045384813276,9.808700717722296,data/problems/evaluation/driven_dissipation_00_r1_n14_b3.npz
evaluation_driven_dissipation_00,driven_dissipation,1,0,8219,dicke_cvar,True,0.0,0.20222148853433508,0.006198359874874309,0.6545997314653521,True,265.00431898213833,0.0,80,0,256,256,9.893352747752154,0.0,9.847926584496488,data/problems/evaluation/driven_dissipation_00_r1_n14_b3.npz
evaluation_driven_dissipation_00,driven_dissipation,1,0,8233,baseline,False,0.09158772374987965,0.2548480325918194,0.10815751651632134,0.0,False,25.51685570860734,0.004992032603515106,24,3072,256,3328,9.208571147731552,0.6847816000206013,9.101887490377859,data/problems/evaluation/driven_dissipation_00_r1_n14_b3.npz
evaluation_driven_dissipation_00,driven_dissipation,1,0,8233,baseline,True,0.10366782624486576,0.2506603532003969,0.10499387813981968,0.0,False,30.25521918559158,0.0,29,0,256,256,9.135031584823583,0.7583211629285707,9.125148596788014,data/problems/evaluation/driven_dissipation_00_r1_n14_b3.npz
evaluation_driven_dissipation_00,driven_dissipation,1,0,8233,cvar,False,0.1035812614610358,0.2536874143154868,0.10443713813552019,0.0,False,33.7467921445627,0.004979419223527071,18,2304,256,2560,9.13557707449465,0.7577756732575036,9.129204662411855,data/problems/evaluation/driven_dissipation_00_r1_n14_b3.npz
evaluation_driven_dissipation_00,driven_dissipation,1,0,8233,cvar,True,0.12498963714545022,0.25169289826469443,0.10787931455809892,0.0,False,24.13479032310067,0.0,78,0,256,256,8.985064066283826,0.9082886814683278,9.103924943469337,data/problems/evaluation/driven_dissipation_00_r1_n14_b3.npz
evaluation_driven_dissipation_00,driven_dissipation,1,0,8233,dicke,False,0.0,0.24969087561730594,0.021970630149327125,0.2635269206147991,True,273.4033998153921,0.021869033181666886,25,3200,256,3456,9.893352747752154,0.0,9.732549952557427,data/problems/evaluation/driven_dissipation_00_r1_n14_b3.npz
evaluation_driven_dissipation_00,driven_dissipation,1,0,8233,dicke,True,0.0,0.18941238181578832,0.007933167726395865,0.6014056551778939,True,279.7509218622787,0.0,80,0,256,256,9.893352747752154,0.0,9.835233798702951,data/problems/evaluation/driven_dissipation_00_r1_n14_b3.npz
evaluation_driven_dissipation_00,driven_dissipation,1,0,8233,dicke_cvar,False,0.0,0.21558845649117633,0.010457822891342599,0.5426061384190881,True,333.7340396570287,0.0029709588123041364,21,2688,256,2944,9.893352747752154,0.0,9.816770907683072,data/problems/evaluation/driven_dissipation_00_r1_n14_b3.npz
evaluation_driven_dissipation_00,driven_dissipation,1,0,8233,dicke_cvar,True,0.0,0.20399400450906524,0.006131907644722286,0.6565362564319625,True,265.456750519646,0.0,80,0,256,256,9.893352747752154,0.0,9.848412744724506,data/problems/evaluation/driven_dissipation_00_r1_n14_b3.npz
evaluation_driven_dissipation_00,driven_dissipation,2,0,8201,baseline,False,0.002556449445846742,0.16046632956751267,0.0011320636718816991,0.7908340378559978,False,31.957343582552486,0.002672569846694728,22,2816,256,3072,7.428396150242625,0.007909401502538493,7.4327980705474,data/problems/evaluation/driven_dissipation_00_r2_n14_b3.npz
evaluation_driven_dissipation_00,driven_dissipation,2,0,8201,baseline,True,0.0,0.15752070286417205,0.0029562179105159115,0.5558887353877163,True,32.303258258531855,0.0,40,0,256,256,7.436305551745163,0.0,7.427144097863739,data/problems/evaluation/driven_dissipation_00_r2_n14_b3.npz
evaluation_driven_dissipation_00,driven_dissipation,2,0,8201,cvar,False,0.028677477563678267,0.18724078869264446,0.024853742689696166,0.11141925349966642,False,35.38710600114311,0.010563349751615547,19,2432,256,2688,7.347372873664924,0.08893267808023886,7.359230029746654,data/problems/evaluation/driven_dissipation_00_r2_n14_b3.npz
evaluation_driven_dissipation_00,driven_dissipation,2,0,8201,cvar,True,0.0,0.1683631233283322,0.011733363567270855,0.23559177974341272,True,32.747206050560955,0.0,23,0,256,256,7.436305551745163,0.0,7.3999240966013895,data/problems/evaluation/driven_dissipation_00_r2_n14_b3.npz
evaluation_driven_dissipation_00,driven_dissipation,2,0,8201,dicke,False,0.0,0.19930745512435455,0.0017292625488835283,0.7989773923857801,True,282.63705268526314,0.003282647540665984,22,2816,256,3072,7.436305551745163,0.0,7.430945615563041,data/problems/evaluation/driven_dissipation_00_r2_n14_b3.npz
evaluation_driven_dissipation_00,driven_dissipation,2,0,8201,dicke,True,0.0232120325875626,0.18942008282549277,0.001399520519674288,0.8310246268116481,False,274.7403543885665,0.0,80,0,256,256,7.364348573710121,0.07195697803504242,7.431967767324055,data/problems/evaluation/driven_dissipation_00_r2_n14_b3.npz
evaluation_driven_dissipation_00,driven_dissipation,2,0,8201,dicke_cvar,False,0.0,0.19687273474945988,0.0018107536182687645,0.7890099816252091,True,286.7302067577704,0.004116972693833709,20,2560,256,2816,7.436305551745163,0.0,7.430693046505265,data/problems/evaluation/driven_dissipation_00_r2_n14_b3.npz
evaluation_driven_dissipation_00,driven_dissipation,2,0,8201,dicke_cvar,True,0.020692349053924478,0.20006898700126258,0.0009487883333079903,0.8893723933857243,False,258.08203542798606,0.0,80,0,256,256,7.372134956142015,0.06417059560314797,7.433364701100186,data/problems/evaluation/driven_dissipation_00_r2_n14_b3.npz
evaluation_driven_dissipation_00,driven_dissipation,2,0,8219,baseline,False,0.048619001636201066,0.24766055905708234,0.03374605248913232,6.797336027375422e-10,False,32.27248520285555,0.0003745665768102313,22,2816,256,3072,7.28571640858606,0.15058914315910332,7.331740746452035,data/problems/evaluation/driven_dissipation_00_r2_n14_b3.npz
evaluation_driven_dissipation_00,driven_dissipation,2,0,8219,baseline,True,0.048619001636201066,0.24748924306170766,0.03298795563547145,5.211063580645714e-09,False,34.951702399985216,0.0,21,0,256,256,7.28571640858606,0.15058914315910332,7.334088774258096,data/problems/evaluation/driven_dissipation_00_r2_n14_b3.npz
evaluation_driven_dissipation_00,driven_dissipation,2,0,8219,cvar,False,0.05801799889634825,0.3034788320653854,0.04197792703293743,0.0009800923451701582,False,66.4713073154004,0.05890933965047118,21,2688,256,2944,7.256419761221762,0.17988579052340103,7.306171056080482,data/problems/evaluation/driven_dissipation_00_r2_n14_b3.npz
evaluation_driven_dissipation_00,driven_dissipation,2,0,8219,cvar,True,0.048619001636201066,0.2515003511134607,0.030996861136647198,6.6797294698828225e-06,False,48.27293662380286,0.0,19,0,256,256,7.28571640858606,0.15058914315910332,7.34025308992285,data/problems/evaluation/driven_dissipation_00_r2_n14_b3.npz
evaluation_driven_dissipation_00,driven_dissipation,2,0,8219,dicke,False,0.002556449445846742,0.25820043060807907,0.0027428724284081223,0.5078653609355299,False,268.96667581767576,0.011546153033879847,23,2944,256,3200,7.428396150242625,0.007909401502538493,7.4278075775189665,data/problems/evaluation/driven_dissipation_00_r2_n14_b3.npz
evaluation_driven_dissipation_00,driven_dissipation,2,0,8219,dicke,True,0.0,0.18944468737339507,0.0014052424576305083,0.8303988372437431,True,274.875185409006,0.0,78,0,256,256,7.436305551745163,0.0,7.431950031395213,data/problems/evaluation/driven_dissipation_00_r2_n14_b3.npz
evaluation_driven_dissipation_00,driven_dissipation,2,0,8219,dicke_cvar,False,0.002556449445846742,0.2568153241478155,0.002928464641022127,0.45049088184732566,False,264.3954926799269,0.008770591093714586,25,3200,256,3456,7.428396150242625,0.007909401502538493,7.427233166533223,data/problems/evaluation/driven_dissipation_00_r2_n14_b3.npz
evaluation_driven_dissipation_00,driven_dissipation,2,0,8219,dicke_cvar,True,0.0,0.19980403149325252,0.0009485049513679156,0.8893301614164294,True,258.2857092539814,0.0,80,0,256,256,7.436305551745163,0.0,7.433365580992118,data/problems/evaluation/driven_dissipation_00_r2_n14_b3.npz
evaluation_driven_dissipation_00,driven_dissipation,2,0,8233,baseline,False,0.10665458245120239,0.28024717997682413,0.1049248031139349,0.0,False,19.61072055542225,0.00713506277375231,22,2816,256,3072,7.105541428252933,0.33076412349223006,7.110900163835805,data/problems/evaluation/driven_dissipation_00_r2_n14_b3.npz
evaluation_driven_dissipation_00,driven_dissipation,2,0,8233,baseline,True,0.10339742621800792,0.26044073416123376,0.10216482449920115,0.0,False,25.770258132869177,0.0,80,0,256,256,7.115616744187028,0.32068880755813556,7.119466384257276,data/problems/evaluation/driven_dissipation_00_r2_n14_b3.npz
evaluation_driven_dissipation_00,driven_dissipation,2,0,8233,cvar,False,0.05801799889634825,0.4153973924042134,0.053119823798611285,0.0,False,19.382986879110558,0.005020862387959291,25,3200,256,3456,7.256419761221762,0.17988579052340103,7.271626738026862,data/problems/evaluation/driven_dissipation_00_r2_n14_b3.npz
evaluation_driven_dissipation_00,driven_dissipation,2,0,8233,cvar,True,0.060668634347544076,0.40877581944055674,0.0521378477622652,0.0,False,24.67612672278182,0.0,22,0,256,256,7.248286678958045,0.1880188727871186,7.274671980298004,data/problems/evaluation/driven_dissipation_00_r2_n14_b3.npz
evaluation_driven_dissipation_00,driven_dissipation,2,0,8233,dicke,False,0.0,0.20527995343824748,0.0024335924899801732,0.7232619021486466,True,310.05471622110014,0.014276358480130646,23,2944,256,3200,7.436305551745163,0.0,7.428762486700751,data/problems/evaluation/driven_dissipation_00_r2_n14_b3.npz
evaluation_driven_dissipation_00,driven_dissipation,2,0,8233,dicke,True,0.0,0.18940255242114626,0.0014108635783230345,0.8294497048072575,True,275.2975128650807,0.0,80,0,256,256,7.436305551745163,0.0,7.431932614853155,data/problems/evaluation/driven_dissipation_00_r2_n14_b3.npz
evaluation_driven_dissipation_00,driven_dissipation,2,0,8233,dicke_cvar,False,0.0,0.2562449902610509,0.0015868465944053167,0.7670275953168726,True,264.4720832087878,0.024166887500666867,22,2816,256,3072,7.436305551745163,0.0,7.431388003538778,data/problems/evaluation/driven_dissipation_00_r2_n14_b3.npz
evaluation_driven_dissipation_00,driven_dissipation,2,0,8233,dicke_cvar,True,0.0,0.199466597154268,0.0009667107393483635,0.8870717241967158,True,258.4576758764028,0.0,80,0,256,256,7.436305551745163,0.0,7.433309154112198,data/problems/evaluation/driven_dissipation_00_r2_n14_b3.npz
evaluation_driven_dissipation_01,driven_dissipation,1,0,8201,baseline,False,0.027157495063613993,0.2834259824973932,0.027417796461523144,0.0,False,32.922543205509676,0.04731272355440552,21,2688,256,2944,8.60958955419951,0.12067263932900829,8.608427322196487,data/problems/evaluation/driven_dissipation_01_r1_n14_b3.npz
evaluation_driven_dissipation_01,driven_dissipation,1,0,8201,baseline,True,0.027157495063613993,0.27094012518439814,0.027175956874242214,0.0,False,32.10518295039032,0.0,80,0,256,256,8.60958955419951,0.12067263932900829,8.609506761274586,data/problems/evaluation/driven_dissipation_01_r1_n14_b3.npz
evaluation_driven_dissipation_01,driven_dissipation,1,0,8201,cvar,False,0.027157495063613993,0.27636720021340777,0.027195917071761982,0.0,False,50.44483234848368,0.021421741631446167,21,2688,256,2944,8.60958955419951,0.12067263932900829,8.609416666444472,data/problems/evaluation/driven_dissipation_01_r1_n14_b3.npz
evaluation_driven_dissipation_01,driven_dissipation,1,0,8201,cvar,True,0.027157495063613993,0.27118915981432756,0.027174960538118586,0.0,False,34.158550177111856,0.0,43,0,256,256,8.60958955419951,0.12067263932900829,8.609511166270694,data/problems/evaluation/driven_dissipation_01_r1_n14_b3.npz
evaluation_driven_dissipation_01,driven_dissipation,1,0,8201,dicke,False,0.0,0.31183724861684586,0.016624352559160692,0.5391519713534432,True,341.704264709888,0.04685512626126531,20,2560,256,2816,8.73026219352852,0.0,8.656245475982526,data/problems/evaluation/driven_dissipation_01_r1_n14_b3.npz
evaluation_driven_dissipation_01,driven_dissipation,1,0,8201,dicke,True,0.03333282561124794,0.3467653791791268,0.015896639853729473,0.5609963285403089,False,324.26111680855706,0.0,80,0,256,256,8.581375505490382,0.14888668803813765,8.659423737809002,data/problems/evaluation/driven_dissipation_01_r1_n14_b3.npz
evaluation_driven_dissipation_01,driven_dissipation,1,0,8201,dicke_cvar,False,0.0,0.3312708825876788,0.017194320207322564,0.5169119942672542,True,360.7634996309642,0.01655902440567214,22,2816,256,3072,8.73026219352852,0.0,8.65371206426054,data/problems/evaluation/driven_dissipation_01_r1_n14_b3.npz
evaluation_driven_dissipation_01,driven_dissipation,1,0,8201,dicke_cvar,True,0.03333282561124794,0.35121743173635483,0.015758625637265686,0.6292047502666108,False,246.3314724847549,0.0,74,0,256,256,8.581375505490382,0.14888668803813765,8.659973611043444,data/problems/evaluation/driven_dissipation_01_r1_n14_b3.npz
evaluation_driven_dissipation_01,driven_dissipation,1,0,8219,baseline,False,0.10572543410561679,0.313358544564858,0.10574821625144948,0.0,False,21.441615874595417,0.0014350405136367428,21,2688,256,2944,8.259972091820304,0.4702901017082155,8.259871022815098,data/problems/evaluation/driven_dissipation_01_r1_n14_b3.npz
evaluation_driven_dissipation_01,driven_dissipation,1,0,8219,baseline,True,0.10572543410561679,0.31305869233373945,0.1057469957772035,0.0,False,20.431771352733517,0.0,29,0,256,256,8.259972091820304,0.4702901017082155,8.259876445661524,data/problems/evaluation/driven_dissipation_01_r1_n14_b3.npz
evaluation_driven_dissipation_01,driven_dissipation,1,0,8219,cvar,False,0.1473383283778321,0.3570472210732338,0.13583679399210685,0.0,False,44.730131847219,0.003831588817948095,18,2304,256,2560,8.075354433973922,0.6549077595545967,8.126370646025533,data/problems/evaluation/driven_dissipation_01_r1_n14_b3.npz
evaluation_driven_dissipation_01,driven_dissipation,1,0,8219,cvar,True,0.10572543410561679,0.3198005827943548,0.11587270263121455,0.0,False,63.005933681972735,0.0,25,0,256,256,8.259972091820304,0.4702901017082155,8.214953867836451,data/problems/evaluation/driven_dissipation_01_r1_n14_b3.npz
evaluation_driven_dissipation_01,driven_dissipation,1,0,8219,dicke,False,0.0,0.273501230120027,0.013510512661379967,0.5944576199674162,True,293.8460246363673,0.0031946264025934923,26,3328,256,3584,8.73026219352852,0.0,8.67011831352396,data/problems/evaluation/driven_dissipation_01_r1_n14_b3.npz
evaluation_driven_dissipation_01,driven_dissipation,1,0,8219,dicke,True,0.0,0.34824050775284277,0.018116901637296887,0.5056792883659944,True,363.9995015144712,0.0,20,0,256,256,8.73026219352852,0.0,8.649596328124309,data/problems/evaluation/driven_dissipation_01_r1_n14_b3.npz
evaluation_driven_dissipation_01,driven_dissipation,1,0,8219,dicke_cvar,False,0.05530080507366315,0.36128633377519825,0.01928828004660876,0.609913380350235,False,255.07015506288084,0.08349271958954496,23,2944,256,3200,8.483690392410285,0.2465718011182343,8.644303098850221,data/problems/evaluation/driven_dissipation_01_r1_n14_b3.npz
evaluation_driven_dissipation_01,driven_dissipation,1,0,8219,dicke_cvar,True,0.0,0.35114828813734916,0.015743633540221555,0.6277566657467477,True,247.06821743155723,0.0,78,0,256,256,8.73026219352852,0.0,8.66004022556551,data/problems/evaluation/driven_dissipation_01_r1_n14_b3.npz
evaluation_driven_dissipation_01,driven_dissipation,1,0,8233,baseline,False,0.2253940926069589,0.34772517330520714,0.2400452833605887,0.0,False,14.772225869890153,0.016380802424697194,25,3200,256,3456,7.72898893041193,1.0012732631165893,7.6638223509831045,data/problems/evaluation/driven_dissipation_01_r1_n14_b3.npz
evaluation_driven_dissipation_01,driven_dissipation,1,0,8233,baseline,True,0.21481016822220245,0.34198379951434815,0.24511417887750409,0.0,False,10.85819952678224,0.0,80,0,256,256,7.775946334708268,0.9543158588202516,7.641233253307536,data/problems/evaluation/driven_dissipation_01_r1_n14_b3.npz
evaluation_driven_dissipation_01,driven_dissipation,1,0,8233,cvar,False,0.21686038491994383,0.40382213939122685,0.2156865178268054,0.0,False,32.02270165354787,0.014932709085710982,20,2560,256,2816,7.766834761106968,0.9634274324215513,7.772050711148648,data/problems/evaluation/driven_dissipation_01_r1_n14_b3.npz
evaluation_driven_dissipation_01,driven_dissipation,1,0,8233,cvar,True,0.21686038491994383,0.4124464975302529,0.21461208418127503,0.0,False,13.379682897081606,0.0,80,0,256,256,7.766834761106968,0.9634274324215513,7.776819180589358,data/problems/evaluation/driven_dissipation_01_r1_n14_b3.npz
evaluation_driven_dissipation_01,driven_dissipation,1,0,8233,dicke,False,0.05530080507366315,0.37008561865350886,0.030184908865745947,0.469460120320055,False,292.9656497169317,0.10688224364938215,19,2432,256,2688,8.483690392410285,0.2465718011182343,8.595775364156133,data/problems/evaluation/driven_dissipation_01_r1_n14_b3.npz
evaluation_driven_dissipation_01,driven_dissipation,1,0,8233,dicke,True,0.0,0.3473451777349696,0.0166334079841646,0.5370233786937357,True,347.6543172720256,0.0,80,0,256,256,8.73026219352852,0.0,8.656158119927229,data/problems/evaluation/driven_dissipation_01_r1_n14_b3.npz
evaluation_driven_dissipation_01,driven_dissipation,1,0,8233,dicke_cvar,False,0.05530080507366315,0.38929769678868603,0.035978559360099374,0.37375681206357547,False,277.90243147411445,0.10341644033292852,17,2176,256,2432,8.483690392410285,0.2465718011182343,8.569930925894083,data/problems/evaluation/driven_dissipation_01_r1_n14_b3.npz
evaluation_driven_dissipation_01,driven_dissipation,1,0,8233,dicke_cvar,True,0.0,0.3511433870437469,0.015742135789192886,0.6292687361099096,True,246.25447194038543,0.0,59,0,256,256,8.73026219352852,0.0,8.660047034867253,data/problems/evaluation/driven_dissipation_01_r1_n14_b3.npz
evaluation_driven_dissipation_01,driven_dissipation,2,0,8201,baseline,False,0.14804143274038226,0.2698648535377004,0.1385111169447038,0.0,False,19.32429539066029,0.0034834197706903325,18,2304,256,2560,6.207786965208284,0.3542814518067683,6.230384979007123,data/problems/evaluation/driven_dissipation_01_r2_n14_b3.npz
evaluation_driven_dissipation_01,driven_dissipation,2,0,8201,baseline,True,0.13167944082019714,0.2676435313783289,0.1358130776110821,0.0,False,19.867532300545168,0.0,18,0,256,256,6.246935284692787,0.3151331323222655,6.236885071394704,data/problems/evaluation/driven_dissipation_01_r2_n14_b3.npz
evaluation_driven_dissipation_01,driven_dissipation,2,0,8201,cvar,False,0.14153896044330208,0.31225440316184505,0.13016968351049657,0.0,False,66.27488768278704,0.008347040542386885,19,2432,256,2688,6.223354833654236,0.3387135833608168,6.250507070104519,data/problems/evaluation/driven_dissipation_01_r2_n14_b3.npz
evaluation_driven_dissipation_01,driven_dissipation,2,0,8201,cvar,True,0.14251127958883178,0.28802463079899554,0.13862774857750604,0.0,False,35.125808847298565,0.0,24,0,256,256,6.220997605655218,0.34107081135983464,6.230298033842731,data/problems/evaluation/driven_dissipation_01_r2_n14_b3.npz
evaluation_driven_dissipation_01,driven_dissipation,2,0,8201,dicke,False,0.0,0.30803830037658253,0.007496635205214961,0.47856771444989565,True,306.7381600328157,0.0010397781941700046,18,2304,256,2560,6.562068417015053,0.0,6.544123040704536,data/problems/evaluation/driven_dissipation_01_r2_n14_b3.npz
evaluation_driven_dissipation_01,driven_dissipation,2,0,8201,dicke,True,0.035303417488146485,0.29781138210678715,0.017229349715117137,0.3115175006837462,False,303.8162937183105,0.0,80,0,256,256,6.477307782352258,0.08476063466279449,6.520808963050413,data/problems/evaluation/driven_dissipation_01_r2_n14_b3.npz
evaluation_driven_dissipation_01,driven_dissipation,2,0,8201,dicke_cvar,False,0.0033763546039549167,0.3216848718037732,0.0022754291924758207,0.663990092160258,False,264.74781297639305,0.011202909031842623,23,2944,256,3200,6.55398854158209,0.008079875432962957,6.55662271510197,data/problems/evaluation/driven_dissipation_01_r2_n14_b3.npz
evaluation_driven_dissipation_01,driven_dissipation,2,0,8201,dicke_cvar,True,0.0033763546039549167,0.329827843121886,0.001562904789551655,0.6996561431988895,False,246.9731698477239,0.0,80,0,256,256,6.55398854158209,0.008079875432962957,6.558328146028809,data/problems/evaluation/driven_dissipation_01_r2_n14_b3.npz
evaluation_driven_dissipation_01,driven_dissipation,2,0,8219,baseline,False,0.11941628678852018,0.30855517544463074,0.11442140615133291,0.0,False,30.864626523698718,0.03871441322032254,20,2560,256,2816,6.276217444832725,0.28585097218232747,6.28823276890185,data/problems/evaluation/driven_dissipation_01_r2_n14_b3.npz
evaluation_driven_dissipation_01,driven_dissipation,2,0,8219,baseline,True,0.11941628678852018,0.2833187199247987,0.11338041014937655,0.0,False,48.57232382269429,0.0,78,0,256,256,6.276217444832725,0.28585097218232747,6.290701380856074,data/problems/evaluation/driven_dissipation_01_r2_n14_b3.npz
evaluation_driven_dissipation_01,driven_dissipation,2,0,8219,cvar,False,0.11941628678852018,0.32034737516637485,0.11441720421746726,0.0,False,44.8046133532087,0.030164499239972997,20,2560,256,2816,6.276217444832725,0.28585097218232747,6.288239843641623,data/problems/evaluation/driven_dissipation_01_r2_n14_b3.npz
evaluation_driven_dissipation_01,driven_dissipation,2,0,8219,cvar,True,0.1090445727875172,0.2607839961151353,0.11167042077913028,0.0,False,40.93738314357203,0.0,72,0,256,256,6.301116396147293,0.2609520208677596,6.29480446456313,data/problems/evaluation/driven_dissipation_01_r2_n14_b3.npz
evaluation_driven_dissipation_01,driven_dissipation,2,0,8219,dicke,False,0.0033763546039549167,0.3403863348253798,0.016981124620714307,0.040150565539894045,False,255.79481677847386,0.1132411049015225,23,2944,256,3200,6.55398854158209,0.008079875432962957,6.521410072475209,data/problems/evaluation/driven_dissipation_01_r2_n14_b3.npz
evaluation_driven_dissipation_01,driven_dissipation,2,0,8219,dicke,True,0.02943481250385724,0.297722179277092,0.017032982665680034,0.3162838033749461,False,304.93784859650697,0.0,80,0,256,256,6.4915719701795265,0.07049644683552625,6.521279059332613,data/problems/evaluation/driven_dissipation_01_r2_n14_b3.npz
evaluation_driven_dissipation_01,driven_dissipation,2,0,8219,dicke_cvar,False,0.020356745750451374,0.31214657957964376,0.006399139623293572,0.5180744541529638,False,268.5945413911069,0.00011148753060297167,21,2688,256,2944,6.513353166812257,0.04871525020279588,6.5467513335277445,data/problems/evaluation/driven_dissipation_01_r2_n14_b3.npz
evaluation_driven_dissipation_01,driven_dissipation,2,0,8219,dicke_cvar,True,0.0,0.2509544361621897,0.004052284683294462,0.5930321943263694,True,315.3009079555249,0.0,80,0,256,256,6.562068417015053,0.0,6.552369925472314,data/problems/evaluation/driven_dissipation_01_r2_n14_b3.npz
evaluation_driven_dissipation_01,driven_dissipation,2,0,8233,baseline,False,0.0,0.26214552611322495,0.013472494838748472,0.3842078433790209,True,13.261561031571844,0.001711984512750675,19,2432,256,2688,6.562068417015053,0.0,6.529820044050373,data/problems/evaluation/driven_dissipation_01_r2_n14_b3.npz
evaluation_driven_dissipation_01,driven_dissipation,2,0,8233,baseline,True,0.0,0.2605350145376817,0.017958999273733157,0.3794688307619465,True,11.38861644519761,0.0,20,0,256,256,6.562068417015053,0.0,6.519070826237924,data/problems/evaluation/driven_dissipation_01_r2_n14_b3.npz
evaluation_driven_dissipation_01,driven_dissipation,2,0,8233,cvar,False,0.02096215623717285,0.28697281199647795,0.010411211106816415,0.10293787578614011,False,56.06140595817968,0.0032790177354957706,26,3328,256,3584,6.511861898905284,0.050206518109768616,6.537150897968871,data/problems/evaluation/driven_dissipation_01_r2_n14_b3.npz
evaluation_driven_dissipation_01,driven_dissipation,2,0,8233,cvar,True,0.020356745750451374,0.3066461709826313,0.01012731431161336,0.1369103921935514,False,53.362874176727736,0.0,26,0,256,256,6.513353166812257,0.04871525020279588,6.537831333723519,data/problems/evaluation/driven_dissipation_01_r2_n14_b3.npz
evaluation_driven_dissipation_01,driven_dissipation,2,0,8233,dicke,False,0.0,0.30322601767059787,0.009673173596057563,0.44022222383030163,True,351.9638240898779,0.009529095253021147,22,2816,256,3072,6.562068417015053,0.0,6.538907079509062,data/problems/evaluation/driven_dissipation_01_r2_n14_b3.npz
evaluation_driven_dissipation_01,driven_dissipation,2,0,8233,dicke,True,0.0,0.2976778443753132,0.01730859186294964,0.31236461194914167,True,303.7284858990132,0.0,80,0,256,256,6.562068417015053,0.0,6.520619026495858,data/problems/evaluation/driven_dissipation_01_r2_n14_b3.npz
evaluation_driven_dissipation_01,driven_dissipation,2,0,8233,dicke_cvar,False,0.020356745750451374,0.3108873362778457,0.005441117745905646,0.5302429977755896,False,323.3917245050767,0.0022013668418301435,21,2688,256,2944,6.513353166812257,0.04871525020279588,6.5490442852107655,data/problems/evaluation/driven_dissipation_01_r2_n14_b3.npz
evaluation_driven_dissipation_01,driven_dissipation,2,0,8233,dicke_cvar,True,0.0,0.32931634403085963,0.001565752426546483,0.7009332112997755,True,248.07440299731618,0.0,80,0,256,256,6.562068417015053,0.0,6.558321328591492,data/problems/evaluation/driven_dissipation_01_r2_n14_b3.npz
evaluation_driven_dissipation_02,driven_dissipation,1,0,8201,baseline,False,0.043615839126817504,0.17839982280614658,0.03185708676098921,0.11536758997373875,False,14.414134372030826,0.03654565428035239,19,2432,256,2688,8.62939134143819,0.2513566268208489,8.698338963129743,data/problems/evaluation/driven_dissipation_02_r1_n14_b3.npz
evaluation_driven_dissipation_02,driven_dissipation,1,0,8201,baseline,True,0.014839283957208588,0.1694214855379862,0.020385092714576742,0.01646052754987881,False,18.84939097503531,0.0,22,0,256,256,8.799399563449334,0.08134840480970418,8.766648374002134,data/problems/evaluation/driven_dissipation_02_r1_n14_b3.npz
evaluation_driven_dissipation_02,driven_dissipation,1,0,8201,cvar,False,0.014839283957208588,0.16985050519781286,0.018443575380277452,0.0014767999422832245,False,19.148134993922376,0.004865769290764987,21,2688,256,2944,8.799399563449334,0.08134840480970418,8.778195294572782,data/problems/evaluation/driven_dissipation_02_r1_n14_b3.npz
evaluation_driven_dissipation_02,driven_dissipation,1,0,8201,cvar,True,0.0,0.18738004350196646,0.01420864912266122,0.05796055879898865,True,32.32862343493579,0.0,80,0,256,256,8.880747968259039,0.0,8.802789772403068,data/problems/evaluation/driven_dissipation_02_r1_n14_b3.npz
evaluation_driven_dissipation_02,driven_dissipation,1,0,8201,dicke,False,0.0,0.2514647916988806,0.007486246463977305,0.590336024869712,True,300.11773045979913,0.008151319639264187,18,2304,256,2560,8.880747968259039,0.0,8.838605163764601,data/problems/evaluation/driven_dissipation_02_r1_n14_b3.npz
evaluation_driven_dissipation_02,driven_dissipation,1,0,8201,dicke,True,0.0,0.24638418453316085,0.005174288530879589,0.6987875290947854,True,269.05316824350405,0.0,80,0,256,256,8.880747968259039,0.0,8.851829801792327,data/problems/evaluation/driven_dissipation_02_r1_n14_b3.npz
evaluation_driven_dissipation_02,driven_dissipation,1,0,8201,dicke_cvar,False,0.014839283957208588,0.2542171664808338,0.007492373008603189,0.5979822855870396,False,324.9982455439945,0.0012708547679669557,20,2560,256,2816,8.799399563449334,0.08134840480970418,8.838482176128347,data/problems/evaluation/driven_dissipation_02_r1_n14_b3.npz
evaluation_driven_dissipation_02,driven_dissipation,1,0,8201,dicke_cvar,True,0.0,0.19562795646875902,0.0005373968163835081,0.9647474281981849,True,266.5126900723555,0.0,80,0,256,256,8.880747968259039,0.0,8.877794094073705,data/problems/evaluation/driven_dissipation_02_r1_n14_b3.npz
evaluation_driven_dissipation_02,driven_dissipation,1,0,8219,baseline,False,0.018295405000527273,0.21968511462410334,0.03375227373324348,0.0,False,62.38644306405918,0.04141276916009051,21,2688,256,2944,8.780217418818879,0.10053054944016004,8.678493595901232,data/problems/evaluation/driven_dissipation_02_r1_n14_b3.npz
evaluation_driven_dissipation_02,driven_dissipation,1,0,8219,baseline,True,0.06986200779583661,0.20528190115668193,0.05616950738872139,0.0,False,20.704630686392342,0.0,80,0,256,256,8.485498387398954,0.3952495808600851,8.562527897165833,data/problems/evaluation/driven_dissipation_02_r1_n14_b3.npz
evaluation_driven_dissipation_02,driven_dissipation,1,0,8219,cvar,False,0.018295405000527273,0.25000585442613676,0.020896927546289745,0.0,False,75.57415398264239,0.0025209891197999212,19,2432,256,2688,8.780217418818879,0.10053054944016004,8.763536106480595,data/problems/evaluation/driven_dissipation_02_r1_n14_b3.npz
evaluation_driven_dissipation_02,driven_dissipation,1,0,8219,cvar,True,0.018295405000527273,0.22020260217752669,0.03313181848206413,0.0,False,64.07487915469916,0.0,80,0,256,256,8.780217418818879,0.10053054944016004,8.681176594034996,data/problems/evaluation/driven_dissipation_02_r1_n14_b3.npz
evaluation_driven_dissipation_02,driven_dissipation,1,0,8219,dicke,False,0.014839283957208588,0.2469209686740906,0.005485205903204845,0.6833762747863745,False,283.46284364875675,0.0011430740613569412,19,2432,256,2688,8.799399563449334,0.08134840480970418,8.850049241526435,data/problems/evaluation/driven_dissipation_02_r1_n14_b3.npz
evaluation_driven_dissipation_02,driven_dissipation,1,0,8219,dicke,True,0.0,0.24613386438096949,0.004857197686931982,0.7160993704258682,True,268.1000427906282,0.0,80,0,256,256,8.880747968259039,0.0,8.853620834054922,data/problems/evaluation/driven_dissipation_02_r1_n14_b3.npz
evaluation_driven_dissipation_02,driven_dissipation,1,0,8219,dicke_cvar,False,0.0,0.24883269451879814,0.005986732986512633,0.6606729788905417,True,301.1001107473696,0.0018557963791132615,20,2560,256,2816,8.880747968259039,0.0,8.847160575348076,data/problems/evaluation/driven_dissipation_02_r1_n14_b3.npz
evaluation_driven_dissipation_02,driven_dissipation,1,0,8219,dicke_cvar,True,0.0,0.1876244269381979,0.0005622395817232314,0.9631635413765236,True,264.100996112035,0.0,80,0,256,256,8.880747968259039,0.0,8.877657665719747,data/problems/evaluation/driven_dissipation_02_r1_n14_b3.npz
evaluation_driven_dissipation_02,driven_dissipation,1,0,8233,baseline,False,0.018295405000527273,0.21270307326085242,0.024602621777486677,0.0,False,67.04269784375069,4.655944520770561e-05,26,3328,256,3584,8.780217418818879,0.10053054944016004,8.733651662278337,data/problems/evaluation/driven_dissipation_02_r1_n14_b3.npz
evaluation_driven_dissipation_02,driven_dissipation,1,0,8233,baseline,True,0.018295405000527273,0.21069564413070901,0.02460173433036722,0.0,False,58.65179674675986,0.0,23,0,256,256,8.780217418818879,0.10053054944016004,8.733763958563712,data/problems/evaluation/driven_dissipation_02_r1_n14_b3.npz
evaluation_driven_dissipation_02,driven_dissipation,1,0,8233,cvar,False,0.032287488062817095,0.2345585300175029,0.026326040264228436,0.0,False,61.72571135206764,0.002083145469736536,19,2432,256,2688,8.679104337885317,0.2016436303737219,8.721900148827018,data/problems/evaluation/driven_dissipation_02_r1_n14_b3.npz
evaluation_driven_dissipation_02,driven_dissipation,1,0,8233,cvar,True,0.014839283957208588,0.2216768599201443,0.02491271638520348,0.0,False,66.82744815857166,0.0,80,0,256,256,8.799399563449334,0.08134840480970418,8.731616354394047,data/problems/evaluation/driven_dissipation_02_r1_n14_b3.npz
evaluation_driven_dissipation_02,driven_dissipation,1,0,8233,dicke,False,0.0,0.248383920376965,0.0055550171874894855,0.6829579037815396,True,304.9087809568121,0.007379302108460273,20,2560,256,2816,8.880747968259039,0.0,8.849613366285878,data/problems/evaluation/driven_dissipation_02_r1_n14_b3.npz
evaluation_driven_dissipation_02,driven_dissipation,1,0,8233,dicke,True,0.0,0.2461244687465363,0.0048407008980004855,0.7170256055831851,True,268.18926166782705,0.0,80,0,256,256,8.880747968259039,0.0,8.853713714957678,data/problems/evaluation/driven_dissipation_02_r1_n14_b3.npz
evaluation_driven_dissipation_02,driven_dissipation,1,0,8233,dicke_cvar,False,0.0,0.24828714978109892,0.005308490351908233,0.6963984833030056,True,298.2433070747116,0.03183744980811776,20,2560,256,2816,8.880747968259039,0.0,8.851022218382328,data/problems/evaluation/driven_dissipation_02_r1_n14_b3.npz
evaluation_driven_dissipation_02,driven_dissipation,1,0,8233,dicke_cvar,True,0.0,0.18781617147326304,0.0005649667640814657,0.9630121768717358,True,263.45264261835416,0.0,80,0,256,256,8.880747968259039,0.0,8.87764253473319,data/problems/evaluation/driven_dissipation_02_r1_n14_b3.npz
evaluation_driven_dissipation_02,driven_dissipation,2,0,8201,baseline,False,0.0,0.15231164088568072,4.104942977527613e-06,0.9988243046873205,True,37.11377839234305,0.012197699911727256,23,2944,256,3200,7.220601381484199,0.0,7.220590221248128,data/problems/evaluation/driven_dissipation_02_r2_n14_b3.npz
evaluation_driven_dissipation_02,driven_dissipation,2,0,8201,baseline,True,0.0,0.1483274274061861,5.9313617463918235e-06,0.9983012007130878,True,43.566848641904095,0.0,19,0,256,256,7.220601381484199,0.0,7.2205852557066486,data/problems/evaluation/driven_dissipation_02_r2_n14_b3.npz
evaluation_driven_dissipation_02,driven_dissipation,2,0,8201,cvar,False,0.0,0.16443957775057613,6.941133303449105e-06,0.9980119923871723,True,39.82353518150925,9.161956928238624e-05,20,2560,256,2816,7.220601381484199,0.0,7.220582510409329,data/problems/evaluation/driven_dissipation_02_r2_n14_b3.npz
evaluation_driven_dissipation_02,driven_dissipation,2,0,8201,cvar,True,0.0,0.14978391071579714,4.155018469243971e-06,0.9988099625828838,True,38.148821056901205,0.0,25,0,256,256,7.220601381484199,0.0,7.220590085106331,data/problems/evaluation/driven_dissipation_02_r2_n14_b3.npz
evaluation_driven_dissipation_02,driven_dissipation,2,0,8201,dicke,False,0.0,0.2324771892375086,0.0008099071183845438,0.8925148347769785,True,298.5611051689945,0.00023873161978649193,23,2944,256,3200,7.220601381484199,0.0,7.218446356800369,data/problems/evaluation/driven_dissipation_02_r2_n14_b3.npz
evaluation_driven_dissipation_02,driven_dissipation,2,0,8201,dicke,True,0.0,0.2285781259622143,0.0007391037621263915,0.8993216641728639,True,291.05941981563285,0.0,80,0,256,256,7.220601381484199,0.0,7.218634673284737,data/problems/evaluation/driven_dissipation_02_r2_n14_b3.npz
evaluation_driven_dissipation_02,driven_dissipation,2,0,8201,dicke_cvar,False,0.0034915023758769403,0.29101854167634994,0.0035233491700927522,0.6709027604272702,False,273.77930740666204,0.05171716875839394,21,2688,256,2944,7.211108925444898,0.009492456039301267,7.2112596392003345,data/problems/evaluation/driven_dissipation_02_r2_n14_b3.npz
evaluation_driven_dissipation_02,driven_dissipation,2,0,8201,dicke_cvar,True,0.0,0.23023428213238142,0.0007159214374712854,0.900118278109346,True,287.3689162486183,0.0,80,0,256,256,7.220601381484199,0.0,7.218696381377395,data/problems/evaluation/driven_dissipation_02_r2_n14_b3.npz
evaluation_driven_dissipation_02,driven_dissipation,2,0,8219,baseline,False,0.021771289802091417,0.27479365197971145,0.019347527764973248,0.11460883982331405,False,33.571124727461175,0.07143386439579658,19,2432,256,2688,7.164261473192937,0.05633990829126212,7.1691692325971506,data/problems/evaluation/driven_dissipation_02_r2_n14_b3.npz
evaluation_driven_dissipation_02,driven_dissipation,2,0,8219,baseline,True,0.0034915023758769403,0.16519525706569826,0.005126077126077867,0.41517621798047655,False,47.95769279034995,0.0,80,0,256,256,7.211108925444898,0.009492456039301267,7.2067510035044045,data/problems/evaluation/driven_dissipation_02_r2_n14_b3.npz
evaluation_driven_dissipation_02,driven_dissipation,2,0,8219,cvar,False,0.021771289802091417,0.2736246072565801,0.019769544463094625,0.11494090374941601,False,34.60748771948077,0.03531910346945999,19,2432,256,2688,7.164261473192937,0.05633990829126212,7.167949361265332,data/problems/evaluation/driven_dissipation_02_r2_n14_b3.npz
evaluation_driven_dissipation_02,driven_dissipation,2,0,8219,cvar,True,0.021771289802091417,0.2548877830185284,0.016053677774584815,0.25798069634890153,False,78.48282390560568,0.0,80,0,256,256,7.164261473192937,0.05633990829126212,7.17768426311563,data/problems/evaluation/driven_dissipation_02_r2_n14_b3.npz
evaluation_driven_dissipation_02,driven_dissipation,2,0,8219,dicke,False,0.021771289802091417,0.3184729268000891,0.0166710652140718,0.2133448013453353,False,272.0284359642224,0.01504260243589961,19,2432,256,2688,7.164261473192937,0.05633990829126212,7.176653998160259,data/problems/evaluation/driven_dissipation_02_r2_n14_b3.npz
evaluation_driven_dissipation_02,driven_dissipation,2,0,8219,dicke,True,0.0,0.31345540347478784,0.009839174737658198,0.39060974225430745,True,310.7143019685419,0.0,20,0,256,256,7.220601381484199,0.0,7.194635106368213,data/problems/evaluation/driven_dissipation_02_r2_n14_b3.npz
evaluation_driven_dissipation_02,driven_dissipation,2,0,8219,dicke_cvar,False,0.03218540759724809,0.3188816871185988,0.016954762582721845,0.20829797869043254,False,271.2578471782301,0.017462229132632956,20,2560,256,2816,7.134226197066397,0.08637518441780223,7.175899159615371,data/problems/evaluation/driven_dissipation_02_r2_n14_b3.npz
evaluation_driven_dissipation_02,driven_dissipation,2,0,8219,dicke_cvar,True,0.0,0.31428217448735707,0.005286655573808902,0.5702667325259988,True,317.6450952616034,0.0,80,0,256,256,7.220601381484199,0.0,7.206641776663569,data/problems/evaluation/driven_dissipation_02_r2_n14_b3.npz
evaluation_driven_dissipation_02,driven_dissipation,2,0,8233,baseline,False,0.03175737866783585,0.25521318178175106,0.029064934049509265,0.044651489512980036,False,58.42350208528013,0.013604929122555731,22,2816,256,3072,7.133958073563792,0.08664330792040698,7.140837079922141,data/problems/evaluation/driven_dissipation_02_r2_n14_b3.npz
evaluation_driven_dissipation_02,driven_dissipation,2,0,8233,baseline,True,0.028542211481508737,0.24329615891320605,0.027989192478165302,0.05533313302334242,False,49.96306836467942,0.0,80,0,256,256,7.1427061114288515,0.07789527005534769,7.14396020848057,data/problems/evaluation/driven_dissipation_02_r2_n14_b3.npz
evaluation_driven_dissipation_02,driven_dissipation,2,0,8233,cvar,False,0.0,0.3522306992811128,7.917784021596623e-06,0.9977325340804751,True,35.874516446477784,0.02204358620520086,19,2432,256,2688,7.220601381484199,0.0,7.2205798552331135,data/problems/evaluation/driven_dissipation_02_r2_n14_b3.npz
evaluation_driven_dissipation_02,driven_dissipation,2,0,8233,cvar,True,0.0,0.331947689900266,4.1880355253093055e-06,0.9988013676996778,True,40.249958325672544,0.0,80,0,256,256,7.220601381484199,0.0,7.220589995552371,data/problems/evaluation/driven_dissipation_02_r2_n14_b3.npz
evaluation_driven_dissipation_02,driven_dissipation,2,0,8233,dicke,False,0.0,0.32698829162390103,0.014981990425032789,0.33418941369574606,True,268.4569341554669,0.034607138256311565,25,3200,256,3456,7.220601381484199,0.0,7.180608530317205,data/problems/evaluation/driven_dissipation_02_r2_n14_b3.npz
evaluation_driven_dissipation_02,driven_dissipation,2,0,8233,dicke,True,0.0,0.3136155660590384,0.010751472709575943,0.36343081875359606,True,317.6067753933073,0.0,80,0,256,256,7.220601381484199,0.0,7.192191514763778,data/problems/evaluation/driven_dissipation_02_r2_n14_b3.npz
evaluation_driven_dissipation_02,driven_dissipation,2,0,8233,dicke_cvar,False,0.0,0.30547000742998315,0.002271976443865528,0.77646838795133,True,336.2241390193004,0.004738865107046131,21,2688,256,2944,7.220601381484199,0.0,7.2145445084799436,data/problems/evaluation/driven_dissipation_02_r2_n14_b3.npz
evaluation_driven_dissipation_02,driven_dissipation,2,0,8233,dicke_cvar,True,0.0034915023758769403,0.31454920782113627,0.005508649270157666,0.5600647129419485,False,327.02409550966877,0.0,80,0,256,256,7.211108925444898,0.009492456039301267,7.206039169718839,data/problems/evaluation/driven_dissipation_02_r2_n14_b3.npz
evaluation_driven_dissipation_03,driven_dissipation,1,0,8201,baseline,False,0.1424313546315477,0.28269555001614527,0.12104860036643325,0.0,False,47.12066654067443,0.012235928451930889,25,3200,256,3456,8.964912525568197,0.8364708281416,9.090825721586192,data/problems/evaluation/driven_dissipation_03_r1_n14_b3.npz
evaluation_driven_dissipation_03,driven_dissipation,1,0,8201,baseline,True,0.11524168727177742,0.26999375397842096,0.11666225603410343,0.0,False,41.43779413474185,0.0,76,0,256,256,9.12531796041344,0.6760653932963567,9.116870166580249,data/problems/evaluation/driven_dissipation_03_r1_n14_b3.npz
evaluation_driven_dissipation_03,driven_dissipation,1,0,8201,cvar,False,0.11524168727177742,0.2903908963126949,0.11605829369157279,0.0,False,53.647991716437915,0.00951599475073106,21,2688,256,2944,9.12531796041344,0.6760653932963567,9.120472736129768,data/problems/evaluation/driven_dissipation_03_r1_n14_b3.npz
evaluation_driven_dissipation_03,driven_dissipation,1,0,8201,cvar,True,0.11524168727177742,0.285512820290845,0.11551171517211124,0.0,False,50.75243031747145,0.0,80,0,256,256,9.12531796041344,0.6760653932963567,9.123716070992844,data/problems/evaluation/driven_dissipation_03_r1_n14_b3.npz
evaluation_driven_dissipation_03,driven_dissipation,1,0,8201,dicke,False,0.012790750288828031,0.3261972810877269,0.022530072622167982,0.284505071867751,False,277.0637764091996,0.003412162580592515,18,2304,256,2560,9.727196725157365,0.07418662855243241,9.669757232243466,data/problems/evaluation/driven_dissipation_03_r1_n14_b3.npz
evaluation_driven_dissipation_03,driven_dissipation,1,0,8201,dicke,True,0.012790750288828031,0.32539915478302806,0.019728289277330044,0.3387887957393131,False,284.54386880050816,0.0,25,0,256,256,9.727196725157365,0.07418662855243241,9.686111697037582,data/problems/evaluation/driven_dissipation_03_r1_n14_b3.npz
evaluation_driven_dissipation_03,driven_dissipation,1,0,8201,dicke_cvar,False,0.06540227462952139,0.3329056833374525,0.03008625596763511,0.18771160404739995,False,263.8013023192394,0.03937648467056931,18,2304,256,2560,9.419336271756253,0.3820470819535444,9.625418517050154,data/problems/evaluation/driven_dissipation_03_r1_n14_b3.npz
evaluation_driven_dissipation_03,driven_dissipation,1,0,8201,dicke_cvar,True,0.012790750288828031,0.32625222060592074,0.01766974884508686,0.4111082499721427,False,297.0352615956833,0.0,21,0,256,256,9.727196725157365,0.07418662855243241,9.698165945970935,data/problems/evaluation/driven_dissipation_03_r1_n14_b3.npz
evaluation_driven_dissipation_03,driven_dissipation,1,0,8219,baseline,False,0.18911706819513152,0.33285215569957544,0.18062422498791506,0.0,False,50.8331573498879,0.029655176405897876,21,2688,256,2944,8.689875081260372,1.1115082724494254,8.739818367557438,data/problems/evaluation/driven_dissipation_03_r1_n14_b3.npz
evaluation_driven_dissipation_03,driven_dissipation,1,0,8219,baseline,True,0.17594619606270906,0.32584355931353526,0.17574379578226526,0.0,False,38.61707247063966,0.0,29,0,256,256,8.7690778574009,1.0323054963088971,8.769910532410117,data/problems/evaluation/driven_dissipation_03_r1_n14_b3.npz
evaluation_driven_dissipation_03,driven_dissipation,1,0,8219,cvar,False,0.18938677657136535,0.40352050219935454,0.17643954846470264,0.0,False,38.45471825283144,0.031217537583043686,20,2560,256,2816,8.688523610338104,1.1128597433716934,8.76460271973199,data/problems/evaluation/driven_dissipation_03_r1_n14_b3.npz
evaluation_driven_dissipation_03,driven_dissipation,1,0,8219,cvar,True,0.1424313546315477,0.3171030799594345,0.1685885260455303,0.0,False,24.936694837742788,0.0,80,0,256,256,8.964912525568197,0.8364708281416,8.809940895163136,data/problems/evaluation/driven_dissipation_03_r1_n14_b3.npz
evaluation_driven_dissipation_03,driven_dissipation,1,0,8219,dicke,False,0.0,0.26074647623505787,0.0069442942945648605,0.725551058301966,True,275.9932158962885,0.008891467850211221,20,2560,256,2816,9.801383353709797,0.0,9.761036948262397,data/problems/evaluation/driven_dissipation_03_r1_n14_b3.npz
evaluation_driven_dissipation_03,driven_dissipation,1,0,8219,dicke,True,0.0,0.2591310471624939,0.006476264984140432,0.7374494373754557,True,267.8101287002376,0.0,80,0,256,256,9.801383353709797,0.0,9.763764773754367,data/problems/evaluation/driven_dissipation_03_r1_n14_b3.npz
evaluation_driven_dissipation_03,driven_dissipation,1,0,8219,dicke_cvar,False,0.0,0.2708416101983893,0.008287803010580961,0.6924259413344842,True,302.09507280916426,0.017270061131695158,19,2432,256,2688,9.801383353709797,0.0,9.75320563884858,data/problems/evaluation/driven_dissipation_03_r1_n14_b3.npz
evaluation_driven_dissipation_03,driven_dissipation,1,0,8219,dicke_cvar,True,0.0,0.26111899010099743,0.0062019970323948835,0.7439727280379117,True,264.4063710673615,0.0,74,0,256,256,9.801383353709797,0.0,9.765365703553485,data/problems/evaluation/driven_dissipation_03_r1_n14_b3.npz
evaluation_driven_dissipation_03,driven_dissipation,1,0,8233,baseline,False,0.10111885504795086,0.348522188384103,0.12085329421990529,0.0,False,36.187360210659236,1.658492434764014e-05,22,2816,256,3072,9.208364316322678,0.5930190373871191,9.092026400197348,data/problems/evaluation/driven_dissipation_03_r1_n14_b3.npz
evaluation_driven_dissipation_03,driven_dissipation,1,0,8233,baseline,True,0.1424313546315477,0.3483563472580023,0.12060213606406607,0.0,False,35.46281522267159,0.0,22,0,256,256,8.964912525568197,0.8364708281416,9.093507876688454,data/problems/evaluation/driven_dissipation_03_r1_n14_b3.npz
evaluation_driven_dissipation_03,driven_dissipation,1,0,8233,cvar,False,0.1424313546315477,0.358252512209249,0.12589260124844823,0.0,False,46.40059868985596,0.0054351748937797595,19,2432,256,2688,8.964912525568197,0.8364708281416,9.062273873026232,data/problems/evaluation/driven_dissipation_03_r1_n14_b3.npz
evaluation_driven_dissipation_03,driven_dissipation,1,0,8233,cvar,True,0.1424313546315477,0.36111876574873697,0.1222478503367938,0.0,False,35.849466128893354,0.0,58,0,256,256,8.964912525568197,0.8364708281416,9.083755229432283,data/problems/evaluation/driven_dissipation_03_r1_n14_b3.npz
evaluation_driven_dissipation_03,driven_dissipation,1,0,8233,dicke,False,0.06540227462952139,0.3319456132368806,0.031486655811735834,0.22822953196817286,False,264.9640764416094,0.00423869285553824,19,2432,256,2688,9.419336271756253,0.3820470819535444,9.617318667923758,data/problems/evaluation/driven_dissipation_03_r1_n14_b3.npz
evaluation_driven_dissipation_03,driven_dissipation,1,0,8233,dicke,True,0.012790750288828031,0.25897998765937513,0.006375022022489164,0.740882828106646,False,270.5380918903283,0.0,62,0,256,256,9.727196725157365,0.07418662855243241,9.764351019900275,data/problems/evaluation/driven_dissipation_03_r1_n14_b3.npz
evaluation_driven_dissipation_03,driven_dissipation,1,0,8233,dicke_cvar,False,0.012790750288828031,0.3351842635510223,0.03361271050170192,0.1991911922873595,False,269.4556404773017,0.015865274891613268,21,2688,256,2944,9.727196725157365,0.07418662855243241,9.6047391299606,data/problems/evaluation/driven_dissipation_03_r1_n14_b3.npz
evaluation_driven_dissipation_03,driven_dissipation,1,0,8233,dicke_cvar,True,0.012790750288828031,0.2607867416429582,0.006156465733761117,0.7455978876588936,False,265.24746834436735,0.0,60,0,256,256,9.727196725157365,0.07418662855243241,9.765629192080524,data/problems/evaluation/driven_dissipation_03_r1_n14_b3.npz
evaluation_driven_dissipation_03,driven_dissipation,2,0,8201,baseline,False,0.020127725719426424,0.16509655683471336,0.04382508097737835,0.02251112468956651,False,30.27754045592206,5.010572680053116e-05,23,2944,256,3200,6.760364193283287,0.05389379299070729,6.696820936062356,data/problems/evaluation/driven_dissipation_03_r2_n14_b3.npz
evaluation_driven_dissipation_03,driven_dissipation,2,0,8201,baseline,True,0.020127725719426424,0.16517753066567362,0.04406244534305089,0.024137193021103953,False,29.939107384142225,0.0,23,0,256,256,6.760364193283287,0.05389379299070729,6.6961847670669306,data/problems/evaluation/driven_dissipation_03_r2_n14_b3.npz
evaluation_driven_dissipation_03,driven_dissipation,2,0,8201,cvar,False,0.0,0.19892971101405038,0.0008925968234774081,0.9794183281495784,True,32.451403260827895,0.00350246646249186,25,3200,256,3456,6.8142579862739945,0.0,6.8118551207953395,data/problems/evaluation/driven_dissipation_03_r2_n14_b3.npz
evaluation_driven_dissipation_03,driven_dissipation,2,0,8201,cvar,True,0.0,0.20516352895740494,9.004202899072147e-05,0.997968907917917,True,32.13748832148707,0.0,22,0,256,256,6.8142579862739945,0.0,6.814015610079434,data/problems/evaluation/driven_dissipation_03_r2_n14_b3.npz
evaluation_driven_dissipation_03,driven_dissipation,2,0,8201,dicke,False,0.00413715869768327,0.20325826540334826,0.0029932937100514354,0.4994587855452831,False,305.51331898350145,0.009509491037090534,18,2304,256,2560,6.801780882497485,0.01247710377650968,6.805646878158864,data/problems/evaluation/driven_dissipation_03_r2_n14_b3.npz
evaluation_driven_dissipation_03,driven_dissipation,2,0,8201,dicke,True,0.005030412272625108,0.1843482655502203,0.002303009403872914,0.5732450118596788,False,294.49926604272946,0.0,80,0,256,256,6.800352010071012,0.013905976202982728,6.80756027783435,data/problems/evaluation/driven_dissipation_03_r2_n14_b3.npz
evaluation_driven_dissipation_03,driven_dissipation,2,0,8201,dicke_cvar,False,0.0,0.1947957862488317,0.0024580246001858,0.5582011097004893,True,311.83415561373835,0.000192801856083058,21,2688,256,2944,6.8142579862739945,0.0,6.807134997895553,data/problems/evaluation/driven_dissipation_03_r2_n14_b3.npz
evaluation_driven_dissipation_03,driven_dissipation,2,0,8201,dicke_cvar,True,0.005030412272625108,0.18503958225215303,0.0023765422137627793,0.5642971419385385,False,291.539078333515,0.0,80,0,256,256,6.800352010071012,0.013905976202982728,6.8073524326014745,data/problems/evaluation/driven_dissipation_03_r2_n14_b3.npz
evaluation_driven_dissipation_03,driven_dissipation,2,0,8219,baseline,False,0.08919938761958468,0.2649177983628344,0.07751555827114033,0.0,False,40.13532569184962,0.016744763833298926,18,2304,256,2560,6.575095324229866,0.23916266204412828,6.606277240030179,data/problems/evaluation/driven_dissipation_03_r2_n14_b3.npz
evaluation_driven_dissipation_03,driven_dissipation,2,0,8219,baseline,True,0.11912407874958073,0.24912868196731475,0.08540702438521779,0.0,False,33.0723628104565,0.0,80,0,256,256,6.494041967509594,0.3202160187644001,6.585076140936498,data/problems/evaluation/driven_dissipation_03_r2_n14_b3.npz
evaluation_driven_dissipation_03,driven_dissipation,2,0,8219,cvar,False,0.08919938761958468,0.26267457004407274,0.07768336436036696,0.0,False,35.13344286934247,0.0001577005071080606,19,2432,256,2688,6.575095324229866,0.23916266204412828,6.605830203477203,data/problems/evaluation/driven_dissipation_03_r2_n14_b3.npz
evaluation_driven_dissipation_03,driven_dissipation,2,0,8219,cvar,True,0.08336476618464056,0.25745679144161027,0.07876339045737203,0.0,False,33.58402841775344,0.0,80,0,256,256,6.5904866283378,0.22377135793619463,6.602931662534138,data/problems/evaluation/driven_dissipation_03_r2_n14_b3.npz
evaluation_driven_dissipation_03,driven_dissipation,2,0,8219,dicke,False,0.00413715869768327,0.20666865628798897,0.002502938036023895,0.5637579758265193,False,331.5595952635314,0.012276542303184534,19,2432,256,2688,6.801780882497485,0.01247710377650968,6.807018963611098,data/problems/evaluation/driven_dissipation_03_r2_n14_b3.npz
evaluation_driven_dissipation_03,driven_dissipation,2,0,8219,dicke,True,0.00413715869768327,0.18444668001570577,0.0023005903738053065,0.5734703080598991,False,294.818157865627,0.0,80,0,256,256,6.801780882497485,0.01247710377650968,6.807567283820573,data/problems/evaluation/driven_dissipation_03_r2_n14_b3.npz
evaluation_driven_dissipation_03,driven_dissipation,2,0,8219,dicke_cvar,False,0.03780913567973481,0.2654812480153457,0.02041281567037939,0.06309201786804652,False,262.5984516753368,0.021637448548084137,17,2176,256,2432,6.705760290163619,0.10849769611037541,6.758322019910637,data/problems/evaluation/driven_dissipation_03_r2_n14_b3.npz
evaluation_driven_dissipation_03,driven_dissipation,2,0,8219,dicke_cvar,True,0.00413715869768327,0.1857292529036438,0.002409664633623233,0.5614657685889815,False,291.52453279688376,0.0,78,0,256,256,6.801780882497485,0.01247710377650968,6.807259339969397,data/problems/evaluation/driven_dissipation_03_r2_n14_b3.npz
evaluation_driven_dissipation_03,driven_dissipation,2,0,8233,baseline,False,0.07078343105384757,0.2403081201521316,0.06805904183508991,0.0,False,33.07091260219754,0.0002810637448344977,21,2688,256,2944,6.620639685341176,0.19361830093281807,6.631740242362499,data/problems/evaluation/driven_dissipation_03_r2_n14_b3.npz
evaluation_driven_dissipation_03,driven_dissipation,2,0,8233,baseline,True,0.04350477997904939,0.23932534881945747,0.06760189561676219,0.0,False,30.070771020110687,0.0,80,0,256,256,6.697840167851867,0.11641781842212762,6.632988074934982,data/problems/evaluation/driven_dissipation_03_r2_n14_b3.npz
evaluation_driven_dissipation_03,driven_dissipation,2,0,8233,cvar,False,0.07626146726220999,0.24072688164361875,0.068367090956696,0.0,False,30.086955661900554,0.00030745509359064727,19,2432,256,2688,6.610382470959143,0.20387551531485126,6.63100259614167,data/problems/evaluation/driven_dissipation_03_r2_n14_b3.npz
evaluation_driven_dissipation_03,driven_dissipation,2,0,8233,cvar,True,0.07626146726220999,0.24019869468830266,0.06807100619682417,0.0,False,32.171276379944054,0.0,18,0,256,256,6.610382470959143,0.20387551531485126,6.631725164878159,data/problems/evaluation/driven_dissipation_03_r2_n14_b3.npz
evaluation_driven_dissipation_03,driven_dissipation,2,0,8233,dicke,False,0.00413715869768327,0.26616544277966847,0.00860333948822895,0.39994011286384334,False,304.5030723245341,0.010701739383438102,20,2560,256,2816,6.801780882497485,0.01247710377650968,6.790415799296598,data/problems/evaluation/driven_dissipation_03_r2_n14_b3.npz
evaluation_driven_dissipation_03,driven_dissipation,2,0,8233,dicke,True,0.0,0.18424590778382652,0.0023031241750659354,0.5735891855555281,True,294.42820554212204,0.0,75,0,256,256,6.8142579862739945,0.0,6.80755976507532,data/problems/evaluation/driven_dissipation_03_r2_n14_b3.npz
evaluation_driven_dissipation_03,driven_dissipation,2,0,8233,dicke_cvar,False,0.005030412272625108,0.23685651576669148,0.00670942956152949,0.27902945124351464,False,289.44313541747516,0.0107194792088805,26,3328,256,3584,6.800352010071012,0.013905976202982728,6.795555181456471,data/problems/evaluation/driven_dissipation_03_r2_n14_b3.npz
evaluation_driven_dissipation_03,driven_dissipation,2,0,8233,dicke_cvar,True,0.0,0.18554444173080192,0.0024014110645946907,0.5622145835780153,True,291.52814021681735,0.0,80,0,256,256,6.8142579862739945,0.0,6.8072825068357705,data/problems/evaluation/driven_dissipation_03_r2_n14_b3.npz
evaluation_driven_dissipation_04,driven_dissipation,1,0,8201,baseline,False,0.08907951502800497,0.22727605522086514,0.0776129899795251,0.0,False,22.901057334246797,0.0001886105782729075,21,2688,256,2944,8.5704514896167,0.39096532937133865,8.62107056529926,data/problems/evaluation/driven_dissipation_04_r1_n14_b3.npz
evaluation_driven_dissipation_04,driven_dissipation,1,0,8201,baseline,True,0.058826592408917744,0.22723057628639937,0.07776699231874082,0.0,False,22.63322263764119,0.0,21,0,256,256,8.70391405732914,0.2575027616588983,8.620396849741761,data/problems/evaluation/driven_dissipation_04_r1_n14_b3.npz
evaluation_driven_dissipation_04,driven_dissipation,1,0,8201,cvar,False,0.058826592408917744,0.23895172777193174,0.0680420817801897,0.0,False,52.28465980646446,0.0005867383663717973,22,2816,256,3072,8.70391405732914,0.2575027616588983,8.663279086233635,data/problems/evaluation/driven_dissipation_04_r1_n14_b3.npz
evaluation_driven_dissipation_04,driven_dissipation,1,0,8201,cvar,True,0.08907951502800497,0.23479981943047085,0.06881694111247297,0.0,False,45.51928138156201,0.0,80,0,256,256,8.5704514896167,0.39096532937133865,8.659860666004139,data/problems/evaluation/driven_dissipation_04_r1_n14_b3.npz
evaluation_driven_dissipation_04,driven_dissipation,1,0,8201,dicke,False,0.0,0.28946792670038174,0.0018618766322248933,0.7386860101607002,True,339.94159835693466,0.07024668272494683,21,2688,256,2944,8.961416818988038,0.0,8.953270514810882,data/problems/evaluation/driven_dissipation_04_r1_n14_b3.npz
evaluation_driven_dissipation_04,driven_dissipation,1,0,8201,dicke,True,0.0,0.23941399359043006,0.0009205630798381458,0.8298696283891412,True,295.7332887951471,0.0,49,0,256,256,8.961416818988038,0.0,8.957375418532571,data/problems/evaluation/driven_dissipation_04_r1_n14_b3.npz
evaluation_driven_dissipation_04,driven_dissipation,1,0,8201,dicke_cvar,False,0.0,0.3005385358850745,0.0006573496298743517,0.8568017357287901,True,290.24142076287023,0.03402410418223045,20,2560,256,2816,8.961416818988038,0.0,8.958522378825988,data/problems/evaluation/driven_dissipation_04_r1_n14_b3.npz
evaluation_driven_dissipation_04,driven_dissipation,1,0,8201,dicke_cvar,True,0.0,0.24680702421938755,0.0006552013240529697,0.8635945635155209,True,293.41757032132296,0.0,68,0,256,256,8.961416818988038,0.0,8.958535131803634,data/problems/evaluation/driven_dissipation_04_r1_n14_b3.npz
evaluation_driven_dissipation_04,driven_dissipation,1,0,8219,baseline,False,0.029348215779174913,0.2194571954505388,0.010818420903418413,0.12698755531116113,False,36.67276970474643,0.028565411321338274,22,2816,256,3072,8.834278330760556,0.12713848822748197,8.914311402073348,data/problems/evaluation/driven_dissipation_04_r1_n14_b3.npz
evaluation_driven_dissipation_04,driven_dissipation,1,0,8219,baseline,True,0.007754479222631378,0.20108836868649974,0.013104634408031052,0.05969973562578834,False,23.601931028303742,0.0,54,0,256,256,8.9275150232185,0.03390179576953756,8.90431720661455,data/problems/evaluation/driven_dissipation_04_r1_n14_b3.npz
evaluation_driven_dissipation_04,driven_dissipation,1,0,8219,cvar,False,0.007754479222631378,0.22343814550659308,0.013557469835050491,0.07465136512732962,False,29.060209534327008,0.007442973782888274,20,2560,256,2816,8.9275150232185,0.03390179576953756,8.902361295948976,data/problems/evaluation/driven_dissipation_04_r1_n14_b3.npz
evaluation_driven_dissipation_04,driven_dissipation,1,0,8219,cvar,True,0.007754479222631378,0.20672421902998925,0.010516284528853032,0.1224634457058359,False,30.710679113503485,0.0,80,0,256,256,8.9275150232185,0.03390179576953756,8.91559461978675,data/problems/evaluation/driven_dissipation_04_r1_n14_b3.npz
evaluation_driven_dissipation_04,driven_dissipation,1,0,8219,dicke,False,0.0026061881085764314,0.29104314871678544,0.004181085297445627,0.6219088025077113,False,286.7511538763543,0.0025951575751150813,19,2432,256,2688,8.949802664260638,0.01161415472740046,8.94317221706861,data/problems/evaluation/driven_dissipation_04_r1_n14_b3.npz
evaluation_driven_dissipation_04,driven_dissipation,1,0,8219,dicke,True,0.0,0.29010656985534555,0.003734075154451799,0.6505145775119763,True,276.18538943498277,0.0,68,0,256,256,8.961416818988038,0.0,8.945117787589886,data/problems/evaluation/driven_dissipation_04_r1_n14_b3.npz
evaluation_driven_dissipation_04,driven_dissipation,1,0,8219,dicke_cvar,False,0.007754479222631378,0.3026000651928511,0.00326938617296706,0.6178133293561979,False,318.5644424151919,0.03982988716982838,20,2560,256,2816,8.9275150232185,0.03390179576953756,8.947125623847624,data/problems/evaluation/driven_dissipation_04_r1_n14_b3.npz
evaluation_driven_dissipation_04,driven_dissipation,1,0,8219,dicke_cvar,True,0.0,0.2464742282769012,0.0006663321081109971,0.8622321664728726,True,293.15015099977177,0.0,57,0,256,256,8.961416818988038,0.0,8.958486491128737,data/problems/evaluation/driven_dissipation_04_r1_n14_b3.npz
evaluation_driven_dissipation_04,driven_dissipation,1,0,8233,baseline,False,0.08776726854716779,0.282372320793133,0.08277101889674851,0.0,False,31.264456658505203,0.004990517751457091,21,2688,256,2944,8.57686126139235,0.3845555575956876,8.598345755634675,data/problems/evaluation/driven_dissipation_04_r1_n14_b3.npz
evaluation_driven_dissipation_04,driven_dissipation,1,0,8233,baseline,True,0.09164585443490393,0.2775396284382725,0.08802484226667198,0.0,False,23.52794407057234,0.0,55,0,256,256,8.559104025726104,0.4023127932619346,8.575086933856438,data/problems/evaluation/driven_dissipation_04_r1_n14_b3.npz
evaluation_driven_dissipation_04,driven_dissipation,1,0,8233,cvar,False,0.06250409717483633,0.28831828602170134,0.07535466750187633,0.0,False,45.879612411931596,0.001956895416772575,22,2816,256,3072,8.687821029921402,0.2735957890666363,8.631240157825282,data/problems/evaluation/driven_dissipation_04_r1_n14_b3.npz
evaluation_driven_dissipation_04,driven_dissipation,1,0,8233,cvar,True,0.033585721255547284,0.2871722662947959,0.07521217271900947,0.0,False,48.45560672759137,0.0,64,0,256,256,8.814729984675685,0.1466868343123533,8.631893405826501,data/problems/evaluation/driven_dissipation_04_r1_n14_b3.npz
evaluation_driven_dissipation_04,driven_dissipation,1,0,8233,dicke,False,0.007754479222631378,0.29245163552565895,0.0017600598606707582,0.7475958878111243,False,264.7497637914559,0.0016741351355422651,21,2688,256,2944,8.9275150232185,0.03390179576953756,8.953707178495021,data/problems/evaluation/driven_dissipation_04_r1_n14_b3.npz
evaluation_driven_dissipation_04,driven_dissipation,1,0,8233,dicke,True,0.0026061881085764314,0.2394405249304018,0.0009097043438314307,0.8310294889067709,False,296.2188653776118,0.0,80,0,256,256,8.949802664260638,0.01161415472740046,8.957422821414795,data/problems/evaluation/driven_dissipation_04_r1_n14_b3.npz
evaluation_driven_dissipation_04,driven_dissipation,1,0,8233,dicke_cvar,False,0.0,0.3325766833376469,0.00903863950330985,0.5248125196480171,True,271.18257280175,0.04542674059686469,19,2432,256,2688,8.961416818988038,0.0,8.922060264545378,data/problems/evaluation/driven_dissipation_04_r1_n14_b3.npz
evaluation_driven_dissipation_04,driven_dissipation,1,0,8233,dicke_cvar,True,0.0026061881085764314,0.2468953350029498,0.0006530427435568417,0.8638628049587591,False,293.46777250418364,0.0,67,0,256,256,8.949802664260638,0.01161415472740046,8.958544565391435,data/problems/evaluation/driven_dissipation_04_r1_n14_b3.npz
evaluation_driven_dissipation_04,driven_dissipation,2,0,8201,baseline,False,0.09959303118457415,0.3216888908007209,0.10627186798368371,0.0,False,64.3784531653654,0.006862251937257646,22,2816,256,3072,6.704102220775909,0.33150073359017274,6.6817266059534255,data/problems/evaluation/driven_dissipation_04_r2_n14_b3.npz
evaluation_driven_dissipation_04,driven_dissipation,2,0,8201,baseline,True,0.10415522028069758,0.29975614249005744,0.10453059269513318,0.0,False,25.85737248008379,0.0,80,0,256,256,6.689020888638601,0.34658206572748096,6.687554774638901,data/problems/evaluation/driven_dissipation_04_r2_n14_b3.npz
evaluation_driven_dissipation_04,driven_dissipation,2,0,8201,cvar,False,0.1124233456937149,0.3863945846154425,0.10303355908322329,0.0,False,45.59173185960848,0.01089858479724981,18,2304,256,2560,6.66002710464835,0.37557584971773217,6.692537466099558,data/problems/evaluation/driven_dissipation_04_r2_n14_b3.npz
evaluation_driven_dissipation_04,driven_dissipation,2,0,8201,cvar,True,0.11622515107508938,0.3680647359146651,0.10242620787434464,0.0,False,59.43053501307079,0.0,80,0,256,256,6.648700707617757,0.38690224674832496,6.694588088990125,data/problems/evaluation/driven_dissipation_04_r2_n14_b3.npz
evaluation_driven_dissipation_04,driven_dissipation,2,0,8201,dicke,False,0.0,0.23770921547207963,0.010993271427419068,0.5260442741015092,True,328.59017262009877,0.041111850865908295,20,2560,256,2816,7.035602954366082,0.0,6.999415617299464,data/problems/evaluation/driven_dissipation_04_r2_n14_b3.npz
evaluation_driven_dissipation_04,driven_dissipation,2,0,8201,dicke,True,0.0,0.21055013521752772,0.00945337388264619,0.5763375567864615,True,289.5789148083273,0.0,80,0,256,256,7.035602954366082,0.0,7.004511063549119,data/problems/evaluation/driven_dissipation_04_r2_n14_b3.npz
evaluation_driven_dissipation_04,driven_dissipation,2,0,8201,dicke_cvar,False,0.0,0.29400341297673854,0.016053786903110767,0.39821648625577355,True,258.719998260917,0.03298163686087108,18,2304,256,2560,7.035602954366082,0.0,6.98263267893363,data/problems/evaluation/driven_dissipation_04_r2_n14_b3.npz
evaluation_driven_dissipation_04,driven_dissipation,2,0,8201,dicke_cvar,True,0.0,0.21354394060557041,0.009449239110433097,0.5747426187943323,True,291.30233214507325,0.0,80,0,256,256,7.035602954366082,0.0,7.004528175578928,data/problems/evaluation/driven_dissipation_04_r2_n14_b3.npz
evaluation_driven_dissipation_04,driven_dissipation,2,0,8219,baseline,False,0.1576074126558975,0.3101351609492174,0.15938993368042248,0.0,False,20.897052238273048,0.006829548694288867,22,2816,256,3072,6.510522960619495,0.5250799937465871,6.504557993847536,data/problems/evaluation/driven_dissipation_04_r2_n14_b3.npz
evaluation_driven_dissipation_04,driven_dissipation,2,0,8219,baseline,True,0.1576074126558975,0.30784855195881483,0.1583323335973098,0.0,False,22.078089689150506,0.0,44,0,256,256,6.510522960619495,0.5250799937465871,6.508095301983032,data/problems/evaluation/driven_dissipation_04_r2_n14_b3.npz
evaluation_driven_dissipation_04,driven_dissipation,2,0,8219,cvar,False,0.17853644833308036,0.32129889439947024,0.16929886913997488,0.0,False,36.442881174865406,0.0020911399321299484,26,3328,256,3584,6.440587033151985,0.5950159212140971,6.471453928754164,data/problems/evaluation/driven_dissipation_04_r2_n14_b3.npz
evaluation_driven_dissipation_04,driven_dissipation,2,0,8219,cvar,True,0.1831357328377226,0.2851751116098662,0.17476352528719497,0.0,False,31.20299793053504,0.0,36,0,256,256,6.425146617968197,0.6104563363978848,6.453211248030556,data/problems/evaluation/driven_dissipation_04_r2_n14_b3.npz
evaluation_driven_dissipation_04,driven_dissipation,2,0,8219,dicke,False,0.031757611331336,0.28524509836796547,0.018528172512470034,0.2689097366234495,False,288.74647899049955,0.009589079563737002,19,2432,256,2688,6.930535633950599,0.1050673204154835,6.97453603136694,data/problems/evaluation/driven_dissipation_04_r2_n14_b3.npz
evaluation_driven_dissipation_04,driven_dissipation,2,0,8219,dicke,True,0.0,0.21041927926679296,0.009374292749210759,0.5797483220557054,True,289.64721753416444,0.0,33,0,256,256,7.035602954366082,0.0,7.004771293417539,data/problems/evaluation/driven_dissipation_04_r2_n14_b3.npz
evaluation_driven_dissipation_04,driven_dissipation,2,0,8219,dicke_cvar,False,0.018573429950952246,0.23431428553938752,0.009804293528827364,0.57641588047853,False,330.58718290972575,0.007518351937200407,22,2816,256,3072,6.974817182029111,0.060785772336971355,7.0033290399691435,data/problems/evaluation/driven_dissipation_04_r2_n14_b3.npz
evaluation_driven_dissipation_04,driven_dissipation,2,0,8219,dicke_cvar,True,0.0,0.21294772127888864,0.009429199234551827,0.5756982067167716,True,290.8482614927446,0.0,80,0,256,256,7.035602954366082,0.0,7.0045939191592055,data/problems/evaluation/driven_dissipation_04_r2_n14_b3.npz
evaluation_driven_dissipation_04,driven_dissipation,2,0,8233,baseline,False,0.04675645141873413,0.20692156865506006,0.046450195778304636,0.0,False,30.34065303801983,0.007744203189738563,21,2688,256,2944,6.880687179863488,0.15491577450259442,6.8817091757023015,data/problems/evaluation/driven_dissipation_04_r2_n14_b3.npz
evaluation_driven_dissipation_04,driven_dissipation,2,0,8233,baseline,True,0.04675645141873413,0.19881646295607222,0.046347890198157306,0.0,False,35.069746719036345,0.0,51,0,256,256,6.880687179863488,0.15491577450259442,6.882050080855308,data/problems/evaluation/driven_dissipation_04_r2_n14_b3.npz
evaluation_driven_dissipation_04,driven_dissipation,2,0,8233,cvar,False,0.04675645141873413,0.24263845795421635,0.04672672293547008,0.0,False,60.10223713555862,0.0031330101651061426,27,3456,256,3712,6.880687179863488,0.15491577450259442,6.88078611970936,data/problems/evaluation/driven_dissipation_04_r2_n14_b3.npz
evaluation_driven_dissipation_04,driven_dissipation,2,0,8233,cvar,True,0.04675645141873413,0.23375334801744743,0.046660507282164365,0.0,False,68.82413820879985,0.0,80,0,256,256,6.880687179863488,0.15491577450259442,6.881006677840997,data/problems/evaluation/driven_dissipation_04_r2_n14_b3.npz
evaluation_driven_dissipation_04,driven_dissipation,2,0,8233,dicke,False,0.0,0.21641993841010645,0.009608365784331835,0.5747606711689348,True,302.37851237340675,0.009784184216881542,24,3072,256,3328,7.035602954366082,0.0,7.003991679911511,data/problems/evaluation/driven_dissipation_04_r2_n14_b3.npz
evaluation_driven_dissipation_04,driven_dissipation,2,0,8233,dicke,True,0.0,0.21041923920203032,0.009357540434619355,0.5805508016350439,True,289.7756858529454,0.0,50,0,256,256,7.035602954366082,0.0,7.004826269994132,data/problems/evaluation/driven_dissipation_04_r2_n14_b3.npz
evaluation_driven_dissipation_04,driven_dissipation,2,0,8233,dicke_cvar,False,0.018573429950952246,0.24682430019705764,0.009845023686446566,0.5799766435718513,False,343.7081164503802,0.030058179138270802,23,2944,256,3200,6.974817182029111,0.060785772336971355,7.003185954040455,data/problems/evaluation/driven_dissipation_04_r2_n14_b3.npz
evaluation_driven_dissipation_04,driven_dissipation,2,0,8233,dicke_cvar,True,0.0,0.21394300262090987,0.00945105068237615,0.5746668185117966,True,291.737897483871,0.0,77,0,256,256,7.035602954366082,0.0,7.004522230255828,data/problems/evaluation/driven_dissipation_04_r2_n14_b3.npz
evaluation_thermal_relaxation_00,thermal_relaxation,1,0,8201,baseline,False,0.002811401549586191,0.22573579116579798,0.007104111168392689,0.0,False,32.579474450845076,0.09505468577960396,20,2560,256,2816,10.42352313071623,0.022788092979121544,10.392185398131321,data/problems/evaluation/thermal_relaxation_00_r1_n14_b3.npz
evaluation_thermal_relaxation_00,thermal_relaxation,1,0,8201,baseline,True,0.002811401549586191,0.153587441440835,0.005731643974420818,0.0,False,36.569642718750636,0.0,78,0,256,256,10.42352313071623,0.022788092979121544,10.401557899610982,data/problems/evaluation/thermal_relaxation_00_r1_n14_b3.npz
evaluation_thermal_relaxation_00,thermal_relaxation,1,0,8201,cvar,False,0.002811401549586191,0.209134208002582,0.002862114559183128,0.0,False,36.68806143916808,0.001176256796767472,25,3200,256,3456,10.42352313071623,0.022788092979121544,10.423137777269691,data/problems/evaluation/thermal_relaxation_00_r1_n14_b3.npz
evaluation_thermal_relaxation_00,thermal_relaxation,1,0,8201,cvar,True,0.002811401549586191,0.20150554452770889,0.0028256844653983446,0.0,False,30.650282119468763,0.0,72,0,256,256,10.42352313071623,0.022788092979121544,10.423416042525439,data/problems/evaluation/thermal_relaxation_00_r1_n14_b3.npz
evaluation_thermal_relaxation_00,thermal_relaxation,1,0,8201,dicke,False,0.002811401549586191,0.13007622790635626,0.000855213727122336,0.7415902702854558,False,258.5628732969934,0.016342184951271488,25,3200,256,3456,10.42352313071623,0.022788092979121544,10.439791608999393,data/problems/evaluation/thermal_relaxation_00_r1_n14_b3.npz
evaluation_thermal_relaxation_00,thermal_relaxation,1,0,8201,dicke,True,0.0,0.1264103084460728,0.0009414744932682641,0.7215756971794827,True,259.58954877611825,0.0,29,0,256,256,10.446311223695352,0.0,10.439169266248594,data/problems/evaluation/thermal_relaxation_00_r1_n14_b3.npz
evaluation_thermal_relaxation_00,thermal_relaxation,1,0,8201,dicke_cvar,False,0.0,0.19381838708240648,0.0007717324192661573,0.7370464198748858,True,256.31472160973675,0.03280920757855976,21,2688,256,2944,10.446311223695352,0.0,10.440160240728153,data/problems/evaluation/thermal_relaxation_00_r1_n14_b3.npz
evaluation_thermal_relaxation_00,thermal_relaxation,1,0,8201,dicke_cvar,True,0.0,0.1407964979347075,0.0007081712781628384,0.7703317227556119,True,245.61734806536805,0.0,45,0,256,256,10.446311223695352,0.0,10.440808387205928,data/problems/evaluation/thermal_relaxation_00_r1_n14_b3.npz
evaluation_thermal_relaxation_00,thermal_relaxation,1,0,8219,baseline,False,0.012609607300948244,0.24207657733040144,0.008821348930109978,0.0,False,20.608815933370003,0.07377394468155574,20,2560,256,2816,10.352605956550631,0.0937052671447205,10.381183546132458,data/problems/evaluation/thermal_relaxation_00_r1_n14_b3.npz
evaluation_thermal_relaxation_00,thermal_relaxation,1,0,8219,baseline,True,0.012609607300948244,0.22107204199473174,0.01753767901882615,0.0,False,9.434546116172125,0.0,30,0,256,256,10.352605956550631,0.0937052671447205,10.311184424313502,data/problems/evaluation/thermal_relaxation_00_r1_n14_b3.npz
evaluation_thermal_relaxation_00,thermal_relaxation,1,0,8219,cvar,False,0.00412938903882237,0.24207657733040144,0.008821348930109978,0.0,False,20.608815933370003,0.03543871148132016,18,2304,256,2560,10.421100667631947,0.02521055606340461,10.381183546132458,data/problems/evaluation/thermal_relaxation_00_r1_n14_b3.npz
evaluation_thermal_relaxation_00,thermal_relaxation,1,0,8219,cvar,True,0.00412938903882237,0.26121715961391173,0.00421842647182858,0.0,False,26.931009263113737,0.0,80,0,256,256,10.421100667631947,0.02521055606340461,10.41965032230406,data/problems/evaluation/thermal_relaxation_00_r1_n14_b3.npz
evaluation_thermal_relaxation_00,thermal_relaxation,1,0,8219,dicke,False,0.009419178902915258,0.20930100391604362,0.0024394018495703953,0.5088982780339495,False,363.88837917757394,0.04179186455901318,19,2432,256,2688,10.374058341364426,0.07225288233092542,10.428154130303348,data/problems/evaluation/thermal_relaxation_00_r1_n14_b3.npz
evaluation_thermal_relaxation_00,thermal_relaxation,1,0,8219,dicke,True,0.0,0.1263884861184754,0.0009462642313945091,0.7207880638468016,True,260.18678986513345,0.0,26,0,256,256,10.446311223695352,0.0,10.439135440643648,data/problems/evaluation/thermal_relaxation_00_r1_n14_b3.npz
evaluation_thermal_relaxation_00,thermal_relaxation,1,0,8219,dicke_cvar,False,0.002811401549586191,0.2056027139067609,0.0017119916873687042,0.5662093893795698,False,342.51215743722406,0.01376205570403588,20,2560,256,2816,10.42352313071623,0.022788092979121544,10.433364786908884,data/problems/evaluation/thermal_relaxation_00_r1_n14_b3.npz
evaluation_thermal_relaxation_00,thermal_relaxation,1,0,8219,dicke_cvar,True,0.0,0.14048080410174732,0.0007079850561318373,0.7705153178496528,True,245.72935225238905,0.0,57,0,256,256,10.446311223695352,0.0,10.440810736249535,data/problems/evaluation/thermal_relaxation_00_r1_n14_b3.npz
evaluation_thermal_relaxation_00,thermal_relaxation,1,0,8233,baseline,False,0.0553924105587933,0.17646502643666034,0.04285013262869,0.0,False,43.32338543467671,0.005099560399460579,25,3200,256,3456,10.013103487460409,0.4332077362349427,10.110488185481639,data/problems/evaluation/thermal_relaxation_00_r1_n14_b3.npz
evaluation_thermal_relaxation_00,thermal_relaxation,1,0,8233,baseline,True,0.046858079012632024,0.17081922467171168,0.03466443398182282,0.0,False,24.937684499012533,0.0,23,0,256,256,10.078993009900906,0.3673182137944462,10.175932902832836,data/problems/evaluation/thermal_relaxation_00_r1_n14_b3.npz
evaluation_thermal_relaxation_00,thermal_relaxation,1,0,8233,cvar,False,0.036960060071951024,0.1715809985436198,0.03424913914493098,0.0,False,32.114071842380866,0.013731689912503953,23,2944,256,3200,10.156922477339961,0.2893887463553906,10.179269588912344,data/problems/evaluation/thermal_relaxation_00_r1_n14_b3.npz
evaluation_thermal_relaxation_00,thermal_relaxation,1,0,8233,cvar,True,0.036960060071951024,0.20097578499858312,0.03896349241621885,0.0,False,62.37991659655884,0.0,49,0,256,256,10.156922477339961,0.2893887463553906,10.141161269799467,data/problems/evaluation/thermal_relaxation_00_r1_n14_b3.npz
evaluation_thermal_relaxation_00,thermal_relaxation,1,0,8233,dicke,False,0.0,0.1777917631214639,0.0019513836479027472,0.5652625964706598,True,328.93925454704834,0.02485484365060575,18,2304,256,2560,10.446311223695352,0.0,10.431786279031607,data/problems/evaluation/thermal_relaxation_00_r1_n14_b3.npz
evaluation_thermal_relaxation_00,thermal_relaxation,1,0,8233,dicke,True,0.002811401549586191,0.12640703910027612,0.0009545406016941572,0.7193461631473106,False,261.13539008093414,0.0,62,0,256,256,10.42352313071623,0.022788092979121544,10.439076645017087,data/problems/evaluation/thermal_relaxation_00_r1_n14_b3.npz
evaluation_thermal_relaxation_00,thermal_relaxation,1,0,8233,dicke_cvar,False,0.002811401549586191,0.14032596064916944,0.001267969661121882,0.6652271705028932,False,292.51672157021835,0.0144219622543873,20,2560,256,2816,10.42352313071623,0.022788092979121544,10.436811766572141,data/problems/evaluation/thermal_relaxation_00_r1_n14_b3.npz
evaluation_thermal_relaxation_00,thermal_relaxation,1,0,8233,dicke_cvar,True,0.002811401549586191,0.14047722742428573,0.0007069166218223557,0.7708189706886872,False,245.7580952227355,0.0,69,0,256,256,10.42352313071623,0.022788092979121544,10.440818568053848,data/problems/evaluation/thermal_relaxation_00_r1_n14_b3.npz
evaluation_thermal_relaxation_00,thermal_relaxation,2,0,8201,baseline,False,0.0,0.16867881467722015,2.8056549032336627e-10,0.9999998453899418,True,32.66283091311034,0.01935309110397454,19,2432,256,2688,8.513965795527167,0.0,8.513965793727511,data/problems/evaluation/thermal_relaxation_00_r2_n14_b3.npz
evaluation_thermal_relaxation_00,thermal_relaxation,2,0,8201,baseline,True,0.0,0.13665187889345615,0.003332274720824902,0.827598809656636,True,10.387185004872823,0.0,67,0,256,256,8.513965795527167,0.0,8.492709808286804,data/problems/evaluation/thermal_relaxation_00_r2_n14_b3.npz
evaluation_thermal_relaxation_00,thermal_relaxation,2,0,8201,cvar,False,0.0,0.21772373829349023,1.5640398820615356e-05,0.991371870529799,True,83.3315743967473,2.4786012852384687e-05,17,2176,256,2432,8.513965795527167,0.0,8.513865471334718,data/problems/evaluation/thermal_relaxation_00_r2_n14_b3.npz
evaluation_thermal_relaxation_00,thermal_relaxation,2,0,8201,cvar,True,0.0,0.21710496805358362,1.5384121918120345e-05,0.9915132473732612,True,82.54702317951808,0.0,23,0,256,256,8.513965795527167,0.0,8.513867115204134,data/problems/evaluation/thermal_relaxation_00_r2_n14_b3.npz
evaluation_thermal_relaxation_00,thermal_relaxation,2,0,8201,dicke,False,0.0,0.3122682460893381,0.0016615038571286436,0.672465508347531,True,273.9594995441783,0.014381288109905022,22,2816,256,3072,8.513965795527167,0.0,8.503159906848925,data/problems/evaluation/thermal_relaxation_00_r2_n14_b3.npz
evaluation_thermal_relaxation_00,thermal_relaxation,2,0,8201,dicke,True,0.0,0.1881649238393396,0.0002753201185731827,0.8545111622215135,True,229.4893344380568,0.0,67,0,256,256,8.513965795527167,0.0,8.512201773504314,data/problems/evaluation/thermal_relaxation_00_r2_n14_b3.npz
evaluation_thermal_relaxation_00,thermal_relaxation,2,0,8201,dicke_cvar,False,0.0018127217869925974,0.2075085999797037,0.0003334677425890793,0.8283824744960896,False,275.87538399808045,0.027511674302106215,21,2688,256,2944,8.502338224413354,0.011627571113812962,8.511829583044312,data/problems/evaluation/thermal_relaxation_00_r2_n14_b3.npz
evaluation_thermal_relaxation_00,thermal_relaxation,2,0,8201,dicke_cvar,True,0.0,0.2068307677565174,0.00032149441229216685,0.8281498638819306,True,214.89385268649843,0.0,41,0,256,256,8.513965795527167,0.0,8.511905483680763,data/problems/evaluation/thermal_relaxation_00_r2_n14_b3.npz
evaluation_thermal_relaxation_00,thermal_relaxation,2,0,8219,baseline,False,0.0,0.3139024745438563,0.007670606363565671,0.5847561504313695,True,106.03247611795592,0.057993117250928705,21,2688,256,2944,8.513965795527167,0.0,8.4412086662749,data/problems/evaluation/thermal_relaxation_00_r2_n14_b3.npz
evaluation_thermal_relaxation_00,thermal_relaxation,2,0,8219,baseline,True,0.01261834612131784,0.2447887621769787,0.020550410594206862,0.0017959035583942073,False,54.77884839727408,0.0,80,0,256,256,8.433364436588626,0.08060135893854081,8.359672993353183,data/problems/evaluation/thermal_relaxation_00_r2_n14_b3.npz
evaluation_thermal_relaxation_00,thermal_relaxation,2,0,8219,cvar,False,0.04032546941649856,0.31503986946373724,0.008275175866026808,0.5594312114724542,False,103.03757912780098,0.04285078418457644,19,2432,256,2688,8.098771496480936,0.41519429904623095,8.43465841963674,data/problems/evaluation/thermal_relaxation_00_r2_n14_b3.npz
evaluation_thermal_relaxation_00,thermal_relaxation,2,0,8219,cvar,True,0.0018127217869925974,0.2916431351210108,0.009099842175753728,0.38050868179728703,False,81.06487099347063,0.0,80,0,256,256,8.502338224413354,0.011627571113812962,8.440327718862864,data/problems/evaluation/thermal_relaxation_00_r2_n14_b3.npz
evaluation_thermal_relaxation_00,thermal_relaxation,2,0,8219,dicke,False,0.0,0.2098848439472109,0.0003344574274123056,0.8210971897667588,True,212.37721686713272,0.0487099289848274,25,3200,256,3456,8.513965795527167,0.0,8.511822347319159,data/problems/evaluation/thermal_relaxation_00_r2_n14_b3.npz
evaluation_thermal_relaxation_00,thermal_relaxation,2,0,8219,dicke,True,0.0,0.29258606911125123,0.0013918552324427996,0.8364227041423513,True,255.2681289183681,0.0,80,0,256,256,8.513965795527167,0.0,8.504948308384915,data/problems/evaluation/thermal_relaxation_00_r2_n14_b3.npz
evaluation_thermal_relaxation_00,thermal_relaxation,2,0,8219,dicke_cvar,False,0.0,0.3245295666287721,0.0021637234914244083,0.6713759138354516,True,253.42063690646773,0.02855916083139931,20,2560,256,2816,8.513965795527167,0.0,8.499928800903161,data/problems/evaluation/thermal_relaxation_00_r2_n14_b3.npz
evaluation_thermal_relaxation_00,thermal_relaxation,2,0,8219,dicke_cvar,True,0.0,0.2934970683643252,0.0012942435816693503,0.8409262134144286,True,247.2162926940461,0.0,73,0,256,256,8.513965795527167,0.0,8.505604190948167,data/problems/evaluation/thermal_relaxation_00_r2_n14_b3.npz
evaluation_thermal_relaxation_00,thermal_relaxation,2,0,8233,baseline,False,0.04032546941649856,0.3838927008791032,0.06337446269984325,0.0,False,32.197460046466375,0.0026018482604566184,17,2176,256,2432,8.098771496480936,0.41519429904623095,7.9259327266889485,data/problems/evaluation/thermal_relaxation_00_r2_n14_b3.npz
evaluation_thermal_relaxation_00,thermal_relaxation,2,0,8233,baseline,True,0.046890175090915184,0.357488452686449,0.06378379160991766,0.0,False,49.44791702998562,0.0,80,0,256,256,8.087454202340995,0.4265115931861718,7.969734993080878,data/problems/evaluation/thermal_relaxation_00_r2_n14_b3.npz
evaluation_thermal_relaxation_00,thermal_relaxation,2,0,8233,cvar,False,0.04652019828354782,0.3834039017812242,0.061452520576044695,0.0,False,30.8155211776848,0.038597541770845734,20,2560,256,2816,8.060950177353867,0.4530156181732998,7.945780332340416,data/problems/evaluation/thermal_relaxation_00_r2_n14_b3.npz
evaluation_thermal_relaxation_00,thermal_relaxation,2,0,8233,cvar,True,0.04652019828354782,0.39104429873599933,0.05941444121107069,0.0,False,13.907763517218134,0.0,80,0,256,256,8.060950177353867,0.4530156181732998,8.011024418420323,data/problems/evaluation/thermal_relaxation_00_r2_n14_b3.npz
evaluation_thermal_relaxation_00,thermal_relaxation,2,0,8233,dicke,False,0.0018127217869925974,0.19688708852309056,0.0002971774830297544,0.8450418827343866,False,259.3135194441012,0.009001568617812872,23,2944,256,3200,8.502338224413354,0.011627571113812962,8.51206197895858,data/problems/evaluation/thermal_relaxation_00_r2_n14_b3.npz
evaluation_thermal_relaxation_00,thermal_relaxation,2,0,8233,dicke,True,0.0,0.188167647037473,0.00027365320901346393,0.855413098721614,True,230.97396740261956,0.0,65,0,256,256,8.513965795527167,0.0,8.512212453140243,data/problems/evaluation/thermal_relaxation_00_r2_n14_b3.npz
evaluation_thermal_relaxation_00,thermal_relaxation,2,0,8233,dicke_cvar,False,0.004289107387461544,0.31471670060832974,0.002300417600474614,0.4565422409785609,False,273.52020230485755,0.09739857526635909,19,2432,256,2688,8.486586847070685,0.027378948456481922,8.498774417431157,data/problems/evaluation/thermal_relaxation_00_r2_n14_b3.npz
evaluation_thermal_relaxation_00,thermal_relaxation,2,0,8233,dicke_cvar,True,0.0,0.20699736010301,0.0003221550366742316,0.8277856261219837,True,214.8110804847536,0.0,74,0,256,256,8.513965795527167,0.0,8.511901246043303,data/problems/evaluation/thermal_relaxation_00_r2_n14_b3.npz
evaluation_thermal_relaxation_01,thermal_relaxation,1,0,8201,baseline,False,0.0016667037281235086,0.08407258432254616,0.0017206991529244643,0.019504599313331483,False,29.03856092120691,0.0019261085456370175,25,3200,256,3456,10.117505757879426,0.011851162593229603,10.117091613522472,data/problems/evaluation/thermal_relaxation_01_r1_n14_b3.npz
evaluation_thermal_relaxation_01,thermal_relaxation,1,0,8201,baseline,True,0.00129439470783457,0.08344211347706695,0.0018182659672421183,0.0011106438084065307,False,28.510634224813188,0.0,53,0,256,256,10.12096127387501,0.008395646597646689,10.116354590238902,data/problems/evaluation/thermal_relaxation_01_r1_n14_b3.npz
evaluation_thermal_relaxation_01,thermal_relaxation,1,0,8201,cvar,False,0.0,0.17486256263810557,0.0006526188243413476,0.6372553844470621,True,39.921528589221175,0.0007433316474729779,19,2432,256,2688,10.129356920472656,0.0,10.124681166934892,data/problems/evaluation/thermal_relaxation_01_r1_n14_b3.npz
evaluation_thermal_relaxation_01,thermal_relaxation,1,0,8201,cvar,True,0.0016667037281235086,0.18932299876991593,0.0006477129187691291,0.6372893574570109,False,36.37435467677202,0.0,20,0,256,256,10.117505757879426,0.011851162593229603,10.12471582889957,data/problems/evaluation/thermal_relaxation_01_r1_n14_b3.npz
evaluation_thermal_relaxation_01,thermal_relaxation,1,0,8201,dicke,False,0.0,0.12842982953349835,0.00043085773958042336,0.7466251957113573,True,294.2116843368652,0.00929271910055851,22,2816,256,3072,10.129356920472656,0.0,10.126406889819965,data/problems/evaluation/thermal_relaxation_01_r1_n14_b3.npz
evaluation_thermal_relaxation_01,thermal_relaxation,1,0,8201,dicke,True,0.0,0.11779866096943581,0.00034351384540358556,0.7737645453384705,True,270.7418537958465,0.0,26,0,256,256,10.129356920472656,0.0,10.127052572856014,data/problems/evaluation/thermal_relaxation_01_r1_n14_b3.npz
evaluation_thermal_relaxation_01,thermal_relaxation,1,0,8201,dicke_cvar,False,0.0,0.14556737390161217,0.0002995404938956024,0.7833325231612915,True,258.43536376825443,0.0016865012497606635,21,2688,256,2944,10.129356920472656,0.0,10.127385181160237,data/problems/evaluation/thermal_relaxation_01_r1_n14_b3.npz
evaluation_thermal_relaxation_01,thermal_relaxation,1,0,8201,dicke_cvar,True,0.00129439470783457,0.13250976059995154,0.00028679211312360474,0.7929718218759144,False,259.23772669452694,0.0,20,0,256,256,10.12096127387501,0.008395646597646689,10.127468684700343,data/problems/evaluation/thermal_relaxation_01_r1_n14_b3.npz
evaluation_thermal_relaxation_01,thermal_relaxation,1,0,8219,baseline,False,0.013240909658586713,0.19591137433068243,0.013387193926406537,0.0005298341163534337,False,38.9043178643503,0.09275961438833313,20,2560,256,2816,10.030224302065365,0.0991326184072907,10.029037246815676,data/problems/evaluation/thermal_relaxation_01_r1_n14_b3.npz
evaluation_thermal_relaxation_01,thermal_relaxation,1,0,8219,baseline,True,0.01436414433798519,0.171869612879308,0.013453835789137204,0.0006269447281699314,False,20.952288478461025,0.0,55,0,256,256,10.021693243207851,0.10766367726480475,10.028592349136169,data/problems/evaluation/thermal_relaxation_01_r1_n14_b3.npz
evaluation_thermal_relaxation_01,thermal_relaxation,1,0,8219,cvar,False,0.009520084668702631,0.2605597478047648,0.008090527700161769,0.021531291630081828,False,67.15548964884307,0.048675935535444026,21,2688,256,2944,10.056422907482679,0.07293401298997715,10.067774093328934,data/problems/evaluation/thermal_relaxation_01_r1_n14_b3.npz
evaluation_thermal_relaxation_01,thermal_relaxation,1,0,8219,cvar,True,0.013240909658586713,0.23336301910214013,0.00856647717735424,0.044213356547636584,False,53.23938394599888,0.0,80,0,256,256,10.030224302065365,0.0991326184072907,10.064614231003734,data/problems/evaluation/thermal_relaxation_01_r1_n14_b3.npz
evaluation_thermal_relaxation_01,thermal_relaxation,1,0,8219,dicke,False,0.0,0.11992962657923482,0.00039118685894875714,0.7553877732467325,True,281.13105979929423,0.007123007114337998,18,2304,256,2560,10.129356920472656,0.0,10.126706897192834,data/problems/evaluation/thermal_relaxation_01_r1_n14_b3.npz
evaluation_thermal_relaxation_01,thermal_relaxation,1,0,8219,dicke,True,0.00129439470783457,0.11779488545060623,0.0003436719186307043,0.7735443824965142,False,270.65242654480323,0.0,70,0,256,256,10.12096127387501,0.008395646597646689,10.12705173501886,data/problems/evaluation/thermal_relaxation_01_r1_n14_b3.npz
evaluation_thermal_relaxation_01,thermal_relaxation,1,0,8219,dicke_cvar,False,0.00129439470783457,0.13801373283828486,0.0005217697925705331,0.6958131876747485,False,310.58243761905544,0.02492664271370071,20,2560,256,2816,10.12096127387501,0.008395646597646689,10.12577808857651,data/problems/evaluation/thermal_relaxation_01_r1_n14_b3.npz
evaluation_thermal_relaxation_01,thermal_relaxation,1,0,8219,dicke_cvar,True,0.0,0.13147389710573867,0.00028631499837173297,0.7944146623686017,True,259.8851737493887,0.0,54,0,256,256,10.129356920472656,0.0,10.12746966849377,data/problems/evaluation/thermal_relaxation_01_r1_n14_b3.npz
evaluation_thermal_relaxation_01,thermal_relaxation,1,0,8233,baseline,False,0.0,0.20275854387493084,6.656411095186288e-07,0.999584558328146,True,44.85031049981938,0.04970567565379369,22,2816,256,3072,10.129356920472656,0.0,10.129352245532546,data/problems/evaluation/thermal_relaxation_01_r1_n14_b3.npz
evaluation_thermal_relaxation_01,thermal_relaxation,1,0,8233,baseline,True,0.0,0.17905845083200672,7.497643670720368e-10,0.9999995066880292,True,36.89603799187543,0.0,80,0,256,256,10.129356920472656,0.0,10.12935691530377,data/problems/evaluation/thermal_relaxation_01_r1_n14_b3.npz
evaluation_thermal_relaxation_01,thermal_relaxation,1,0,8233,cvar,False,0.0,0.21144581268129437,1.8999591641191052e-06,0.9988365627855633,True,50.29431257827293,0.005024681384992569,24,3072,256,3328,10.129356920472656,0.0,10.129343495717487,data/problems/evaluation/thermal_relaxation_01_r1_n14_b3.npz
evaluation_thermal_relaxation_01,thermal_relaxation,1,0,8233,cvar,True,0.0,0.19121229950705354,1.1301890498535656e-07,0.9999272216069715,True,41.53333364974135,0.0,80,0,256,256,10.129356920472656,0.0,10.129356134823805,data/problems/evaluation/thermal_relaxation_01_r1_n14_b3.npz
evaluation_thermal_relaxation_01,thermal_relaxation,1,0,8233,dicke,False,0.0,0.18967044638798622,0.0008023062992676985,0.6861890066821293,True,289.0228334145351,0.0003383157480048027,20,2560,256,2816,10.129356920472656,0.0,10.123567903837769,data/problems/evaluation/thermal_relaxation_01_r1_n14_b3.npz
evaluation_thermal_relaxation_01,thermal_relaxation,1,0,8233,dicke,True,0.0,0.13356297885324167,0.0004394312520326696,0.7477278859295007,True,296.4247729559964,0.0,80,0,256,256,10.129356920472656,0.0,10.126336262277912,data/problems/evaluation/thermal_relaxation_01_r1_n14_b3.npz
evaluation_thermal_relaxation_01,thermal_relaxation,1,0,8233,dicke_cvar,False,0.004586350889975163,0.19059286210602971,0.0008069033367047572,0.6497058479714527,False,312.8537625511105,0.0024265928494249245,19,2432,256,2688,10.09592619683797,0.03343072363468558,10.123593147204513,data/problems/evaluation/thermal_relaxation_01_r1_n14_b3.npz
evaluation_thermal_relaxation_01,thermal_relaxation,1,0,8233,dicke_cvar,True,0.00129439470783457,0.19207992001624108,0.0009232925302116056,0.6056381368342139,False,338.643738930058,0.0,61,0,256,256,10.12096127387501,0.008395646597646689,10.122747622101322,data/problems/evaluation/thermal_relaxation_01_r1_n14_b3.npz
evaluation_thermal_relaxation_01,thermal_relaxation,2,0,8201,baseline,False,0.01381736556123947,0.16126655714906044,0.018444875091518927,0.05283547885715878,False,31.806619234108283,0.05049864964879802,22,2816,256,3072,9.115967245151717,0.09971076225284747,9.082755772385791,data/problems/evaluation/thermal_relaxation_01_r2_n14_b3.npz
evaluation_thermal_relaxation_01,thermal_relaxation,2,0,8201,baseline,True,0.01381736556123947,0.14789179548844747,0.01744897056748309,0.08483653377908862,False,25.464917909401194,0.0,80,0,256,256,9.115967245151717,0.09971076225284747,9.089935313395186,data/problems/evaluation/thermal_relaxation_01_r2_n14_b3.npz
evaluation_thermal_relaxation_01,thermal_relaxation,2,0,8201,cvar,False,0.0027461197849229795,0.16960805639351834,0.018016680345868258,0.08040791445307494,False,48.97683808716125,0.003626785990933107,21,2688,256,2944,9.195801600267144,0.01987640713742067,9.085846373589806,data/problems/evaluation/thermal_relaxation_01_r2_n14_b3.npz
evaluation_thermal_relaxation_01,thermal_relaxation,2,0,8201,cvar,True,0.01633556959411698,0.1704287394767924,0.015267992035501252,0.08026484864554506,False,33.29130442390928,0.0,76,0,256,256,9.098031282669893,0.11764672473467108,9.105659612077677,data/problems/evaluation/thermal_relaxation_01_r2_n14_b3.npz
evaluation_thermal_relaxation_01,thermal_relaxation,2,0,8201,dicke,False,0.0,0.26332732898730526,0.003668096630910939,0.4492452523258431,True,359.0031257571719,0.018465112192327604,24,3072,256,3328,9.215678007404565,0.0,9.189225660808965,data/problems/evaluation/thermal_relaxation_01_r2_n14_b3.npz
evaluation_thermal_relaxation_01,thermal_relaxation,2,0,8201,dicke,True,0.0071468984400031525,0.26093806170454625,0.003081320239829926,0.5035412862086106,False,363.98958383168076,0.0,22,0,256,256,9.164215834170774,0.051462173233790764,9.193454574387214,data/problems/evaluation/thermal_relaxation_01_r2_n14_b3.npz
evaluation_thermal_relaxation_01,thermal_relaxation,2,0,8201,dicke_cvar,False,0.0,0.2628385161247483,0.0026165920320808155,0.5945212204318443,True,349.07856927701914,0.00020914028779232818,21,2688,256,2944,9.215678007404565,0.0,9.19681312977797,data/problems/evaluation/thermal_relaxation_01_r2_n14_b3.npz
evaluation_thermal_relaxation_01,thermal_relaxation,2,0,8201,dicke_cvar,True,0.0071468984400031525,0.2613057928555606,0.0029490916077689854,0.5179557121872718,False,363.4691938028595,0.0,80,0,256,256,9.164215834170774,0.051462173233790764,9.1944081567061,data/problems/evaluation/thermal_relaxation_01_r2_n14_b3.npz
evaluation_thermal_relaxation_01,thermal_relaxation,2,0,8219,baseline,False,0.0027461197849229795,0.11763991277192087,0.0028036283331448414,0.22018534938748469,False,28.572780487464165,0.005350728958182116,22,2816,256,3072,9.195801600267144,0.01987640713742067,9.195409221421654,data/problems/evaluation/thermal_relaxation_01_r2_n14_b3.npz
evaluation_thermal_relaxation_01,thermal_relaxation,2,0,8219,baseline,True,0.0027461197849229795,0.11618326116001446,0.0027394927053294897,0.21514126388816424,False,22.743929184200766,0.0,80,0,256,256,9.195801600267144,0.01987640713742067,9.195871464800641,data/problems/evaluation/thermal_relaxation_01_r2_n14_b3.npz
evaluation_thermal_relaxation_01,thermal_relaxation,2,0,8219,cvar,False,0.0027461197849229795,0.12216138855305872,0.0033982843168204437,0.19261768896504106,False,40.020813184852734,0.0010142176690237925,22,2816,256,3072,9.195801600267144,0.01987640713742067,9.19112575899252,data/problems/evaluation/thermal_relaxation_01_r2_n14_b3.npz
evaluation_thermal_relaxation_01,thermal_relaxation,2,0,8219,cvar,True,0.0027461197849229795,0.1244019131008078,0.004026532557732088,0.166089208615826,False,43.24050193061125,0.0,80,0,256,256,9.195801600267144,0.01987640713742067,9.186600952987206,data/problems/evaluation/thermal_relaxation_01_r2_n14_b3.npz
evaluation_thermal_relaxation_01,thermal_relaxation,2,0,8219,dicke,False,0.0027461197849229795,0.2609843470164787,0.003067658939714654,0.5049785720004232,False,363.99952694250237,0.00025737513693036007,24,3072,256,3328,9.195801600267144,0.01987640713742067,9.19355309284988,data/problems/evaluation/thermal_relaxation_01_r2_n14_b3.npz
evaluation_thermal_relaxation_01,thermal_relaxation,2,0,8219,dicke,True,0.0027461197849229795,0.2609302401349122,0.0031074764807424563,0.5007030125529808,False,363.94099795717466,0.0,27,0,256,256,9.195801600267144,0.01987640713742067,9.19326595996266,data/problems/evaluation/thermal_relaxation_01_r2_n14_b3.npz
evaluation_thermal_relaxation_01,thermal_relaxation,2,0,8219,dicke_cvar,False,0.0027461197849229795,0.26645550589105577,0.002834837070938951,0.5385354391164312,False,352.4526431168696,0.005063156125155746,22,2816,256,3072,9.195801600267144,0.01987640713742067,9.195234964852883,data/problems/evaluation/thermal_relaxation_01_r2_n14_b3.npz
evaluation_thermal_relaxation_01,thermal_relaxation,2,0,8219,dicke_cvar,True,0.0,0.26307162308806686,0.0025465894795027207,0.5933050020519972,True,346.46055367555306,0.0,61,0,256,256,9.215678007404565,0.0,9.19731610762624,data/problems/evaluation/thermal_relaxation_01_r2_n14_b3.npz
evaluation_thermal_relaxation_01,thermal_relaxation,2,0,8233,baseline,False,0.049970508641845116,0.23111613275253623,0.037590048675908885,0.0,False,35.7771557419832,0.0017836522986875991,27,3456,256,3712,8.855820916758017,0.3598570906465479,8.94502122446325,data/problems/evaluation/thermal_relaxation_01_r2_n14_b3.npz
evaluation_thermal_relaxation_01,thermal_relaxation,2,0,8233,baseline,True,0.01633556959411698,0.2293264978346418,0.037734596210100294,0.0,False,39.45611396805505,0.0,43,0,256,256,9.098031282669893,0.11764672473467108,8.943984962540954,data/problems/evaluation/thermal_relaxation_01_r2_n14_b3.npz
evaluation_thermal_relaxation_01,thermal_relaxation,2,0,8233,cvar,False,0.044284334866221645,0.33689217504432833,0.039891323836363325,0.0,False,33.35834616304884,0.04396445668266183,20,2560,256,2816,8.896842268348014,0.31883573905655105,8.928470123290051,data/problems/evaluation/thermal_relaxation_01_r2_n14_b3.npz
evaluation_thermal_relaxation_01,thermal_relaxation,2,0,8233,cvar,True,0.02325712800398534,0.2739006618834324,0.02975824441015918,0.0,False,80.02184390897875,0.0,58,0,256,256,9.04825153641432,0.16742647099024488,9.001397976371756,data/problems/evaluation/thermal_relaxation_01_r2_n14_b3.npz
evaluation_thermal_relaxation_01,thermal_relaxation,2,0,8233,dicke,False,0.0,0.25448051404461397,0.0061010376466790976,0.21122480262247256,True,326.55791250296227,0.05875665617791603,23,2944,256,3200,9.215678007404565,0.0,9.17169163074104,data/problems/evaluation/thermal_relaxation_01_r2_n14_b3.npz
evaluation_thermal_relaxation_01,thermal_relaxation,2,0,8233,dicke,True,0.0,0.2602555892308896,0.0017381613332375643,0.7412240437510551,True,250.4858784960687,0.0,40,0,256,256,9.215678007404565,0.0,9.203155812676915,data/problems/evaluation/thermal_relaxation_01_r2_n14_b3.npz
evaluation_thermal_relaxation_01,thermal_relaxation,2,0,8233,dicke_cvar,False,0.0,0.27134051829122735,0.0021696558724255627,0.7130170278165885,True,280.56331603806143,0.019441555928147475,23,2944,256,3200,9.215678007404565,0.0,9.2000516784079,data/problems/evaluation/thermal_relaxation_01_r2_n14_b3.npz
evaluation_thermal_relaxation_01,thermal_relaxation,2,0,8233,dicke_cvar,True,0.0,0.2609164423670134,0.0016022808936381435,0.7583657420583586,True,253.52589465414704,0.0,45,0,256,256,9.215678007404565,0.0,9.20413489006077,data/problems/evaluation/thermal_relaxation_01_r2_n14_b3.npz
evaluation_thermal_relaxation_02,thermal_relaxation,1,0,8201,baseline,False,0.030961860564746407,0.17243474981970802,0.02483826909024713,0.0,False,17.960231573872193,0.01786913001163004,23,2944,256,3200,9.262471500727926,0.17956957133555562,9.297558436065472,data/problems/evaluation/thermal_relaxation_02_r1_n14_b3.npz
evaluation_thermal_relaxation_02,thermal_relaxation,1,0,8201,baseline,True,0.01549176951203968,0.175780667863486,0.021439193461589044,0.0,False,26.781272431072292,0.0,80,0,256,256,9.351052335965027,0.09098873609845448,9.3170331225245,data/problems/evaluation/thermal_relaxation_02_r1_n14_b3.npz
evaluation_thermal_relaxation_02,thermal_relaxation,1,0,8201,cvar,False,0.030961860564746407,0.18302395837424498,0.023313548729863322,0.0,False,24.06074277258961,0.0018111891220851106,22,2816,256,3072,9.262471500727926,0.17956957133555562,9.306304023907643,data/problems/evaluation/thermal_relaxation_02_r1_n14_b3.npz
evaluation_thermal_relaxation_02,thermal_relaxation,1,0,8201,cvar,True,0.030961860564746407,0.17052039300104987,0.02577126322393171,0.0,False,14.456335946443554,0.0,47,0,256,256,9.262471500727926,0.17956957133555562,9.292199144513514,data/problems/evaluation/thermal_relaxation_02_r1_n14_b3.npz
evaluation_thermal_relaxation_02,thermal_relaxation,1,0,8201,dicke,False,0.0,0.17597478934744198,0.0007788773810523616,0.7565170503047507,True,291.6785057240251,0.03667244834963945,18,2304,256,2560,9.442041072063482,0.0,9.439407270228214,data/problems/evaluation/thermal_relaxation_02_r1_n14_b3.npz
evaluation_thermal_relaxation_02,thermal_relaxation,1,0,8201,dicke,True,0.0,0.16243746224312824,0.0006150590520504146,0.7953327296662072,True,254.83768651386913,0.0,30,0,256,256,9.442041072063482,0.0,9.440004223888902,data/problems/evaluation/thermal_relaxation_02_r1_n14_b3.npz
evaluation_thermal_relaxation_02,thermal_relaxation,1,0,8201,dicke_cvar,False,0.0,0.19919757425258505,0.0011975781691778526,0.663197050444306,True,316.3574543470918,0.10216904783734027,19,2432,256,2688,9.442041072063482,0.0,9.437459100577412,data/problems/evaluation/thermal_relaxation_02_r1_n14_b3.npz
evaluation_thermal_relaxation_02,thermal_relaxation,1,0,8201,dicke_cvar,True,0.0,0.17530267731869106,0.0005444507238108445,0.8208764145901077,True,248.9015792661991,0.0,38,0,256,256,9.442041072063482,0.0,9.440187424917635,data/problems/evaluation/thermal_relaxation_02_r1_n14_b3.npz
evaluation_thermal_relaxation_02,thermal_relaxation,1,0,8219,baseline,False,0.0,0.19222179091249225,6.828137361169904e-19,0.9999999999999997,True,32.85585325369977,0.007128525968737698,19,2432,256,2688,9.442041072063482,0.0,9.442041072063482,data/problems/evaluation/thermal_relaxation_02_r1_n14_b3.npz
evaluation_thermal_relaxation_02,thermal_relaxation,1,0,8219,baseline,True,0.0,0.1907944376372745,1.5192494792619248e-17,0.9999999999999919,True,29.446181235021665,0.0,37,0,256,256,9.442041072063482,0.0,9.442041072063482,data/problems/evaluation/thermal_relaxation_02_r1_n14_b3.npz
evaluation_thermal_relaxation_02,thermal_relaxation,1,0,8219,cvar,False,0.0,0.19230912523470256,1.4917444051229255e-15,0.9999999999992001,True,25.290095096649473,5.614956526711623e-05,21,2688,256,2944,9.442041072063482,0.0,9.442041072063477,data/problems/evaluation/thermal_relaxation_02_r1_n14_b3.npz
evaluation_thermal_relaxation_02,thermal_relaxation,1,0,8219,cvar,True,0.0,0.19171523167347593,5.493540790498956e-16,0.9999999999997055,True,26.116759664565507,0.0,35,0,256,256,9.442041072063482,0.0,9.442041072063478,data/problems/evaluation/thermal_relaxation_02_r1_n14_b3.npz
evaluation_thermal_relaxation_02,thermal_relaxation,1,0,8219,dicke,False,0.0,0.258833724598081,0.002111403911490681,0.5904127365158758,True,336.19019877886655,0.008279229547000888,22,2816,256,3072,9.442041072063482,0.0,9.432732516794335,data/problems/evaluation/thermal_relaxation_02_r1_n14_b3.npz
evaluation_thermal_relaxation_02,thermal_relaxation,1,0,8219,dicke,True,0.0,0.16243935190525557,0.0006137625367349838,0.7957573938605855,True,255.20460049436088,0.0,58,0,256,256,9.442041072063482,0.0,9.440011345982223,data/problems/evaluation/thermal_relaxation_02_r1_n14_b3.npz
evaluation_thermal_relaxation_02,thermal_relaxation,1,0,8219,dicke_cvar,False,0.0018633404655384511,0.26073701926205994,0.0023934500837110052,0.48621307994084195,False,361.400857035329,0.013880788830610058,21,2688,256,2944,9.434522996835998,0.0075180752274839335,9.431372445318042,data/problems/evaluation/thermal_relaxation_02_r1_n14_b3.npz
evaluation_thermal_relaxation_02,thermal_relaxation,1,0,8219,dicke_cvar,True,0.0,0.17540412858834148,0.0005477579182607484,0.8199589887237615,True,248.71032452617604,0.0,33,0,256,256,9.442041072063482,0.0,9.44017119916565,data/problems/evaluation/thermal_relaxation_02_r1_n14_b3.npz
evaluation_thermal_relaxation_02,thermal_relaxation,1,0,8233,baseline,False,0.053763171376144836,0.19910025923298338,0.07295273211258697,0.0,False,35.02528967094755,0.015117197643226277,20,2560,256,2816,9.12630709367381,0.3157339783896713,9.01266238846023,data/problems/evaluation/thermal_relaxation_02_r1_n14_b3.npz
evaluation_thermal_relaxation_02,thermal_relaxation,1,0,8233,baseline,True,0.053763171376144836,0.19448189108084551,0.065877535251208,0.0,False,21.13795352858416,0.0,80,0,256,256,9.12630709367381,0.3157339783896713,9.053618924621102,data/problems/evaluation/thermal_relaxation_02_r1_n14_b3.npz
evaluation_thermal_relaxation_02,thermal_relaxation,1,0,8233,cvar,False,0.07564751936569382,0.19668814211130842,0.06890391649238974,0.0,False,33.54923194746186,0.005662098540916816,22,2816,256,3072,8.996875101473396,0.4451659705900859,9.036677891504489,data/problems/evaluation/thermal_relaxation_02_r1_n14_b3.npz
evaluation_thermal_relaxation_02,thermal_relaxation,1,0,8233,cvar,True,0.07564751936569382,0.20068557008310015,0.07479955160212343,0.0,False,37.32816779253266,0.0,80,0,256,256,8.996875101473396,0.4451659705900859,9.001739658718488,data/problems/evaluation/thermal_relaxation_02_r1_n14_b3.npz
evaluation_thermal_relaxation_02,thermal_relaxation,1,0,8233,dicke,False,0.0,0.2023927806869321,0.0012043768960767298,0.6772513371396691,True,259.40486682103733,0.08159244923544673,23,2944,256,3200,9.442041072063482,0.0,9.437156226972963,data/problems/evaluation/thermal_relaxation_02_r1_n14_b3.npz
evaluation_thermal_relaxation_02,thermal_relaxation,1,0,8233,dicke,True,0.0,0.16244821965070647,0.0006146297220512605,0.7954301824926375,True,254.39836610103205,0.0,45,0,256,256,9.442041072063482,0.0,9.440003773904891,data/problems/evaluation/thermal_relaxation_02_r1_n14_b3.npz
evaluation_thermal_relaxation_02,thermal_relaxation,1,0,8233,dicke_cvar,False,0.0018633404655384511,0.19567911334784466,0.000709268910876187,0.787572013671055,False,246.72410001828547,0.006223496015698604,21,2688,256,2944,9.434522996835998,0.0075180752274839335,9.43935181951981,data/problems/evaluation/thermal_relaxation_02_r1_n14_b3.npz
evaluation_thermal_relaxation_02,thermal_relaxation,1,0,8233,dicke_cvar,True,0.0,0.17537338256368884,0.0005489040878721641,0.8196139833765572,True,248.65032446506083,0.0,38,0,256,256,9.442041072063482,0.0,9.440165931752531,data/problems/evaluation/thermal_relaxation_02_r1_n14_b3.npz
evaluation_thermal_relaxation_02,thermal_relaxation,2,0,8201,baseline,False,0.03608206409476145,0.11908242093828714,0.03943427338140062,0.0,False,9.648827179972969,0.015608381493124934,22,2816,256,3072,7.887470003962184,0.19692699277283943,7.858048608033225,data/problems/evaluation/thermal_relaxation_02_r2_n14_b3.npz
evaluation_thermal_relaxation_02,thermal_relaxation,2,0,8201,baseline,True,0.04233997864380542,0.11396214050960661,0.04095331873802395,0.0,False,8.396084862413566,0.0,76,0,256,256,7.83932639371922,0.24507060301580363,7.848179840617566,data/problems/evaluation/thermal_relaxation_02_r2_n14_b3.npz
evaluation_thermal_relaxation_02,thermal_relaxation,2,0,8201,cvar,False,0.03608206409476145,0.15973983437851227,0.03781185526427734,0.0,False,17.022408913208636,0.006192818886216811,23,2944,256,3200,7.887470003962184,0.19692699277283943,7.864055138458628,data/problems/evaluation/thermal_relaxation_02_r2_n14_b3.npz
evaluation_thermal_relaxation_02,thermal_relaxation,2,0,8201,cvar,True,0.04144864969319636,0.17860191997673922,0.03994243263172061,0.0,False,38.52928734853445,0.0,24,0,256,256,7.843772626837036,0.2406243698979873,7.853416974454029,data/problems/evaluation/thermal_relaxation_02_r2_n14_b3.npz
evaluation_thermal_relaxation_02,thermal_relaxation,2,0,8201,dicke,False,0.0,0.2322330321784493,0.0019941170128119834,0.7100220771742789,True,333.2764685635701,0.03056160564128274,24,3072,256,3328,8.084396996735023,0.0,8.072530076097998,data/problems/evaluation/thermal_relaxation_02_r2_n14_b3.npz
evaluation_thermal_relaxation_02,thermal_relaxation,2,0,8201,dicke,True,0.0,0.1418065434885697,0.0009299951226148518,0.809832023473194,True,268.2449518386054,0.0,51,0,256,256,8.084396996735023,0.0,8.078834296277671,data/problems/evaluation/thermal_relaxation_02_r2_n14_b3.npz
evaluation_thermal_relaxation_02,thermal_relaxation,2,0,8201,dicke_cvar,False,0.0,0.2571564867686762,0.0014397421203864082,0.8277836010022028,True,265.01004708965917,0.01690501626771962,21,2688,256,2944,8.084396996735023,0.0,8.075819180889305,data/problems/evaluation/thermal_relaxation_02_r2_n14_b3.npz
evaluation_thermal_relaxation_02,thermal_relaxation,2,0,8201,dicke_cvar,True,0.0,0.16786582177821688,0.0006325444044962253,0.8612568155597724,True,241.54496478907785,0.0,37,0,256,256,8.084396996735023,0.0,8.08061412656496,data/problems/evaluation/thermal_relaxation_02_r2_n14_b3.npz
evaluation_thermal_relaxation_02,thermal_relaxation,2,0,8219,baseline,False,0.03608206409476145,0.15241644863933834,0.025881932849725883,0.10608672385269557,False,25.53643072259298,0.0030516250626759778,21,2688,256,2944,7.887470003962184,0.19692699277283943,7.934866111283121,data/problems/evaluation/thermal_relaxation_02_r2_n14_b3.npz
evaluation_thermal_relaxation_02,thermal_relaxation,2,0,8219,baseline,True,0.033565683252834176,0.12066093440358733,0.03107784889817944,0.029905676862533093,False,14.952742945289572,0.0,51,0,256,256,7.899375946414538,0.18502105032048544,7.911635096073081,data/problems/evaluation/thermal_relaxation_02_r2_n14_b3.npz
evaluation_thermal_relaxation_02,thermal_relaxation,2,0,8219,cvar,False,0.0059506385680433175,0.1758005634557014,0.0041569449417595645,0.3179958982392792,False,23.486136992215428,0.0004301754684952197,24,3072,256,3328,8.048606082791819,0.03579091394320422,8.0594312305642,data/problems/evaluation/thermal_relaxation_02_r2_n14_b3.npz
evaluation_thermal_relaxation_02,thermal_relaxation,2,0,8219,cvar,True,0.0,0.17377029436576616,0.004063113386829629,0.32751127336430563,True,19.32797635341414,0.0,58,0,256,256,8.084396996735023,0.0,8.060000852184277,data/problems/evaluation/thermal_relaxation_02_r2_n14_b3.npz
evaluation_thermal_relaxation_02,thermal_relaxation,2,0,8219,dicke,False,0.0,0.18885752540622955,0.0007212631048191216,0.8496154212571377,True,224.16877711124184,0.3231295525535658,19,2432,256,2688,8.084396996735023,0.0,8.080087059227177,data/problems/evaluation/thermal_relaxation_02_r2_n14_b3.npz
evaluation_thermal_relaxation_02,thermal_relaxation,2,0,8219,dicke,True,0.003903922847986553,0.14180154454522612,0.0009289384282563988,0.81000750447709,False,268.08896500661837,0.0,33,0,256,256,8.061073855603446,0.023323141131577074,8.07884061314452,data/problems/evaluation/thermal_relaxation_02_r2_n14_b3.npz
evaluation_thermal_relaxation_02,thermal_relaxation,2,0,8219,dicke_cvar,False,0.0,0.18579168094295861,0.0006775502864221282,0.861686985312542,True,232.95361775376068,0.0050051033640121645,23,2944,256,3200,8.084396996735023,0.0,8.08034734447921,data/problems/evaluation/thermal_relaxation_02_r2_n14_b3.npz
evaluation_thermal_relaxation_02,thermal_relaxation,2,0,8219,dicke_cvar,True,0.003903922847986553,0.16804843331178412,0.0006328358894796788,0.8611675446017586,False,241.56235477479103,0.0,33,0,256,256,8.061073855603446,0.023323141131577074,8.080612391172297,data/problems/evaluation/thermal_relaxation_02_r2_n14_b3.npz
evaluation_thermal_relaxation_02,thermal_relaxation,2,0,8233,baseline,False,0.015497016063708685,0.2856142021713309,0.024751245773662858,0.0061315856109414035,False,108.55619992292476,0.1300250236476388,21,2688,256,2944,7.991487522457107,0.09290947427791618,7.936930489445146,data/problems/evaluation/thermal_relaxation_02_r2_n14_b3.npz
evaluation_thermal_relaxation_02,thermal_relaxation,2,0,8233,baseline,True,0.015497016063708685,0.25679574762516966,0.017316862268393886,0.010464427860893188,False,89.12753656296333,0.0,34,0,256,256,7.991487522457107,0.09290947427791618,7.982700536369074,data/problems/evaluation/thermal_relaxation_02_r2_n14_b3.npz
evaluation_thermal_relaxation_02,thermal_relaxation,2,0,8233,cvar,False,0.010476180705079694,0.2688298496008166,0.01928238011875369,0.019566300407362625,False,113.04755435275682,0.0012602080061183685,21,2688,256,2944,8.0217332214281,0.06266377530692324,7.969734531896799,data/problems/evaluation/thermal_relaxation_02_r2_n14_b3.npz
evaluation_thermal_relaxation_02,thermal_relaxation,2,0,8233,cvar,True,0.010476180705079694,0.29281503069037357,0.009962615883264024,0.08430732183224465,False,82.97930738664276,0.0,37,0,256,256,8.0217332214281,0.06266377530692324,8.024953322399075,data/problems/evaluation/thermal_relaxation_02_r2_n14_b3.npz
evaluation_thermal_relaxation_02,thermal_relaxation,2,0,8233,dicke,False,0.0,0.18821020845444308,0.0006946324153208745,0.8570134175627935,True,226.53918956469727,0.21734392851718187,22,2816,256,3072,8.084396996735023,0.0,8.080245909623386,data/problems/evaluation/thermal_relaxation_02_r2_n14_b3.npz
evaluation_thermal_relaxation_02,thermal_relaxation,2,0,8233,dicke,True,0.0,0.1418043066106061,0.0009272827447049268,0.8103026345988414,True,268.06068911839805,0.0,40,0,256,256,8.084396996735023,0.0,8.078850508403711,data/problems/evaluation/thermal_relaxation_02_r2_n14_b3.npz
evaluation_thermal_relaxation_02,thermal_relaxation,2,0,8233,dicke_cvar,False,0.003903922847986553,0.2386557371295435,0.0024383626295973702,0.6430588256153549,False,356.0794860193341,0.028777809471373872,22,2816,256,3072,8.061073855603446,0.023323141131577074,8.069886600679336,data/problems/evaluation/thermal_relaxation_02_r2_n14_b3.npz
evaluation_thermal_relaxation_02,thermal_relaxation,2,0,8233,dicke_cvar,True,0.0,0.16791407337991168,0.0006327083518181903,0.8612125578212809,True,241.58045807626272,0.0,33,0,256,256,8.084396996735023,0.0,8.080613147053473,data/problems/evaluation/thermal_relaxation_02_r2_n14_b3.npz
evaluation_thermal_relaxation_03,thermal_relaxation,1,0,8201,baseline,False,0.016178478668644934,0.17524522325201827,0.016197299311128247,0.0,False,67.34702195424678,0.00022458378516165833,24,3072,256,3328,9.41539508508371,0.11655956663036093,9.415331426504597,data/problems/evaluation/thermal_relaxation_03_r1_n14_b3.npz
evaluation_thermal_relaxation_03,thermal_relaxation,1,0,8201,baseline,True,0.017595331058658237,0.17535991154612063,0.016019511050536256,0.0,False,71.91541366703231,0.0,20,0,256,256,9.405147338517319,0.12680731319675154,9.416629442689825,data/problems/evaluation/thermal_relaxation_03_r1_n14_b3.npz
evaluation_thermal_relaxation_03,thermal_relaxation,1,0,8201,cvar,False,0.015020277136605175,0.23801994170036334,0.014363529722306296,0.0,False,84.49601340441431,0.024420306720043944,19,2432,256,2688,9.423907091584393,0.10804756012967687,9.42879102914311,data/problems/evaluation/thermal_relaxation_03_r1_n14_b3.npz
evaluation_thermal_relaxation_03,thermal_relaxation,1,0,8201,cvar,True,0.017595331058658237,0.20717173480833365,0.015649827735455615,0.0,False,48.67691542833749,0.0,80,0,256,256,9.405147338517319,0.12680731319675154,9.419321885039398,data/problems/evaluation/thermal_relaxation_03_r1_n14_b3.npz
evaluation_thermal_relaxation_03,thermal_relaxation,1,0,8201,dicke,False,0.0,0.16568954815059322,0.0002285570322686275,0.9127385656861124,True,276.8502056418391,1.2474756196700909e-05,24,3072,256,3328,9.53195465171407,0.0,9.530288938151635,data/problems/evaluation/thermal_relaxation_03_r1_n14_b3.npz
evaluation_thermal_relaxation_03,thermal_relaxation,1,0,8201,dicke,True,0.0,0.16568478809993545,0.00022520030892124782,0.9139885112230067,True,276.12649890459744,0.0,53,0,256,256,9.53195465171407,0.0,9.530313400698962,data/problems/evaluation/thermal_relaxation_03_r1_n14_b3.npz
evaluation_thermal_relaxation_03,thermal_relaxation,1,0,8201,dicke_cvar,False,0.0,0.26837366285519954,0.0014975631452650686,0.5543051474340728,True,349.8638795202305,0.06576098715381236,23,2944,256,3200,9.53195465171407,0.0,9.521067857799904,data/problems/evaluation/thermal_relaxation_03_r1_n14_b3.npz
evaluation_thermal_relaxation_03,thermal_relaxation,1,0,8201,dicke_cvar,True,0.002949285004757907,0.18093813264970887,0.00011578532101745133,0.9553515100602815,False,249.75882566542458,0.0,75,0,256,256,9.510348106157327,0.02160654555674313,9.531110801002521,data/problems/evaluation/thermal_relaxation_03_r1_n14_b3.npz
evaluation_thermal_relaxation_03,thermal_relaxation,1,0,8219,baseline,False,0.006772293613810098,0.2801653320965853,0.002930235524909948,0.1195000229543619,False,50.19756735465083,0.030597391114461914,28,3584,256,3840,9.482951641631656,0.04900301008241392,9.510586551170336,data/problems/evaluation/thermal_relaxation_03_r1_n14_b3.npz
evaluation_thermal_relaxation_03,thermal_relaxation,1,0,8219,baseline,True,0.002949285004757907,0.27243967535798086,0.002018944487578879,0.32944271683606763,False,71.20816328847812,0.0,80,0,256,256,9.510348106157327,0.02160654555674313,9.517192251721347,data/problems/evaluation/thermal_relaxation_03_r1_n14_b3.npz
evaluation_thermal_relaxation_03,thermal_relaxation,1,0,8219,cvar,False,0.005498365977158948,0.2907596576378478,0.005204781215521942,0.0040418329978161305,False,35.31038526782419,0.1349276673906928,21,2688,256,2944,9.492122789562552,0.03983186215151768,9.494209905010583,data/problems/evaluation/thermal_relaxation_03_r1_n14_b3.npz
evaluation_thermal_relaxation_03,thermal_relaxation,1,0,8219,cvar,True,0.0025261514287606675,0.27338108758794266,0.00201463717781305,0.3294088774614857,False,68.40964677834289,0.0,22,0,256,256,9.513554354515128,0.01840029719894254,9.5172224787429,data/problems/evaluation/thermal_relaxation_03_r1_n14_b3.npz
evaluation_thermal_relaxation_03,thermal_relaxation,1,0,8219,dicke,False,0.0,0.1791545134810532,0.00017812342601421184,0.9315120475807775,True,274.2095492957181,0.022447838916137997,20,2560,256,2816,9.53195465171407,0.0,9.530656591182098,data/problems/evaluation/thermal_relaxation_03_r1_n14_b3.npz
evaluation_thermal_relaxation_03,thermal_relaxation,1,0,8219,dicke,True,0.0025261514287606675,0.16571977572740654,0.00021961439313899751,0.9160703945358541,False,274.94318840253203,0.0,48,0,256,256,9.513554354515128,0.01840029719894254,9.530354109386032,data/problems/evaluation/thermal_relaxation_03_r1_n14_b3.npz
evaluation_thermal_relaxation_03,thermal_relaxation,1,0,8219,dicke_cvar,False,0.0,0.16840834369913457,0.00019778432209433227,0.924302421862575,True,267.2510729356134,0.00039878716613758053,19,2432,256,2688,9.53195465171407,0.0,9.530513178149489,data/problems/evaluation/thermal_relaxation_03_r1_n14_b3.npz
evaluation_thermal_relaxation_03,thermal_relaxation,1,0,8219,dicke_cvar,True,0.0,0.17902697453750654,0.0001190958916876922,0.9540710144412651,True,250.85520105486265,0.0,61,0,256,256,9.53195465171407,0.0,9.531086678743364,data/problems/evaluation/thermal_relaxation_03_r1_n14_b3.npz
evaluation_thermal_relaxation_03,thermal_relaxation,1,0,8233,baseline,False,0.042701348629993086,0.13121567123406566,0.03558895265454677,0.0,False,24.815164176974097,0.011357002638311409,20,2560,256,2816,9.224024830276996,0.3079298214370745,9.275656083916939,data/problems/evaluation/thermal_relaxation_03_r1_n14_b3.npz
evaluation_thermal_relaxation_03,thermal_relaxation,1,0,8233,baseline,True,0.03147481767706401,0.12682537668322008,0.033506233442771,0.0,False,30.09232655767631,0.0,80,0,256,256,9.30522224550226,0.22673240621180923,9.290621161036544,data/problems/evaluation/thermal_relaxation_03_r1_n14_b3.npz
evaluation_thermal_relaxation_03,thermal_relaxation,1,0,8233,cvar,False,0.03019984196190089,0.15806372762070733,0.029380084537021327,0.0,False,64.1634961590995,0.0010389382290661164,18,2304,256,2560,9.314399372513467,0.21755527920060302,9.320299257724638,data/problems/evaluation/thermal_relaxation_03_r1_n14_b3.npz
evaluation_thermal_relaxation_03,thermal_relaxation,1,0,8233,cvar,True,0.027586156181701717,0.1603174687322059,0.029083310458480782,0.0,False,62.15961751375951,0.0,18,0,256,256,9.333127216548954,0.19882743516511603,9.322434804227708,data/problems/evaluation/thermal_relaxation_03_r1_n14_b3.npz
evaluation_thermal_relaxation_03,thermal_relaxation,1,0,8233,dicke,False,0.0,0.19828575074233307,0.0005406284997969701,0.8026183314886612,True,321.0630900127728,0.05097126304888433,21,2688,256,2944,9.53195465171407,0.0,9.528015699264824,data/problems/evaluation/thermal_relaxation_03_r1_n14_b3.npz
evaluation_thermal_relaxation_03,thermal_relaxation,1,0,8233,dicke,True,0.0,0.16571710989668026,0.00021957325674432077,0.9160850330363131,True,274.96930138749605,0.0,74,0,256,256,9.53195465171407,0.0,9.530354409517592,data/problems/evaluation/thermal_relaxation_03_r1_n14_b3.npz
evaluation_thermal_relaxation_03,thermal_relaxation,1,0,8233,dicke_cvar,False,0.002949285004757907,0.2532474695246819,0.0009010329052047702,0.6968360373083574,False,282.4428018500804,0.000798044265609088,17,2176,256,2432,9.510348106157327,0.02160654555674313,9.525396570613138,data/problems/evaluation/thermal_relaxation_03_r1_n14_b3.npz
evaluation_thermal_relaxation_03,thermal_relaxation,1,0,8233,dicke_cvar,True,0.0,0.17839696827573148,0.00012000176406779815,0.953719090728737,True,251.22738500550284,0.0,56,0,256,256,9.53195465171407,0.0,9.531080078783765,data/problems/evaluation/thermal_relaxation_03_r1_n14_b3.npz
evaluation_thermal_relaxation_03,thermal_relaxation,2,0,8201,baseline,False,0.006020628967120435,0.1496177710489019,0.008561502867542274,0.21950982445624123,False,52.121119631288416,0.004979926193715456,21,2688,256,2944,8.117151021116955,0.037897116238616135,8.102066295867326,data/problems/evaluation/thermal_relaxation_03_r2_n14_b3.npz
evaluation_thermal_relaxation_03,thermal_relaxation,2,0,8201,baseline,True,0.0,0.14813360008560575,0.008543323757558455,0.2156428097350741,True,44.37279120644849,0.0,80,0,256,256,8.155048137355571,0.0,8.102215371764753,data/problems/evaluation/thermal_relaxation_03_r2_n14_b3.npz
evaluation_thermal_relaxation_03,thermal_relaxation,2,0,8201,cvar,False,0.022377225591000454,0.20701371035768748,0.010893904650776895,0.07249751189558873,False,84.87613933317996,0.007777348562828967,22,2816,256,3072,8.016715960918285,0.13833217643728624,8.087785667931975,data/problems/evaluation/thermal_relaxation_03_r2_n14_b3.npz
evaluation_thermal_relaxation_03,thermal_relaxation,2,0,8201,cvar,True,0.01282709722814315,0.18115499466308416,0.011968746404804534,0.05240060296835891,False,56.710646826125064,0.0,48,0,256,256,8.076525978009824,0.0785221593457468,8.081765014049735,data/problems/evaluation/thermal_relaxation_03_r2_n14_b3.npz
evaluation_thermal_relaxation_03,thermal_relaxation,2,0,8201,dicke,False,0.0,0.24604097852644405,0.002616556016431416,0.4972055729797341,True,363.0768635427125,0.014538513843036227,21,2688,256,2944,8.155048137355571,0.0,8.138749022515448,data/problems/evaluation/thermal_relaxation_03_r2_n14_b3.npz
evaluation_thermal_relaxation_03,thermal_relaxation,2,0,8201,dicke,True,0.0,0.24015932730599682,0.0036929887031157487,0.41449931478107693,True,299.02537493747803,0.0,80,0,256,256,8.155048137355571,0.0,8.132018644238387,data/problems/evaluation/thermal_relaxation_03_r2_n14_b3.npz
evaluation_thermal_relaxation_03,thermal_relaxation,2,0,8201,dicke_cvar,False,0.0,0.24593066571408223,0.0026267660104078573,0.4961349260447766,True,362.84803397335065,0.00034218365255855865,21,2688,256,2944,8.155048137355571,0.0,8.138684543375179,data/problems/evaluation/thermal_relaxation_03_r2_n14_b3.npz
evaluation_thermal_relaxation_03,thermal_relaxation,2,0,8201,dicke_cvar,True,0.0,0.18290775906832588,0.0006264987067452045,0.8248558358974123,True,250.3532371396632,0.0,77,0,256,256,8.155048137355571,0.0,8.15116879902563,data/problems/evaluation/thermal_relaxation_03_r2_n14_b3.npz
evaluation_thermal_relaxation_03,thermal_relaxation,2,0,8219,baseline,False,0.009059353493805414,0.45686089619305703,0.008750410669632079,0.0,False,14.068020573066782,0.09315844991282018,20,2560,256,2816,8.098283892122042,0.056764245233528854,8.10030059340502,data/problems/evaluation/thermal_relaxation_03_r2_n14_b3.npz
evaluation_thermal_relaxation_03,thermal_relaxation,2,0,8219,baseline,True,0.037324456270714096,0.434079724487199,0.033606780787982196,0.0,False,10.659154994633075,0.0,45,0,256,256,7.925377079363913,0.22967105799165832,7.947115680069567,data/problems/evaluation/thermal_relaxation_03_r2_n14_b3.npz
evaluation_thermal_relaxation_03,thermal_relaxation,2,0,8219,cvar,False,0.018022134751344062,0.43750530930598885,0.02747339589331547,0.0,False,11.843842794658043,0.005912296254166102,27,3456,256,3712,8.041889043873564,0.11315909348200748,7.984392054507295,data/problems/evaluation/thermal_relaxation_03_r2_n14_b3.npz
evaluation_thermal_relaxation_03,thermal_relaxation,2,0,8219,cvar,True,0.009059353493805414,0.44637912050888306,0.014008438585390841,0.0,False,10.844293724926038,0.0,42,0,256,256,8.098283892122042,0.056764245233528854,8.067942760865957,data/problems/evaluation/thermal_relaxation_03_r2_n14_b3.npz
evaluation_thermal_relaxation_03,thermal_relaxation,2,0,8219,dicke,False,0.006020628967120435,0.15594196713303282,0.000999187516658041,0.7391470574305288,False,269.961814132613,0.012239276607101002,20,2560,256,2816,8.117151021116955,0.037897116238616135,8.148845931534575,data/problems/evaluation/thermal_relaxation_03_r2_n14_b3.npz
evaluation_thermal_relaxation_03,thermal_relaxation,2,0,8219,dicke,True,0.0,0.15385700582782208,0.0009850916690935074,0.7419464645690792,True,271.8596329580586,0.0,42,0,256,256,8.155048137355571,0.0,8.148934723738934,data/problems/evaluation/thermal_relaxation_03_r2_n14_b3.npz
evaluation_thermal_relaxation_03,thermal_relaxation,2,0,8219,dicke_cvar,False,0.003067172691282437,0.17254104903967613,0.0008071759473428623,0.782348164117532,False,258.046247611162,0.00025584649313814545,21,2688,256,2944,8.136180821220643,0.018867316134928203,8.150042877959415,data/problems/evaluation/thermal_relaxation_03_r2_n14_b3.npz
evaluation_thermal_relaxation_03,thermal_relaxation,2,0,8219,dicke_cvar,True,0.003067172691282437,0.18290429052659168,0.00062691977964341,0.8247537743516048,False,250.35701949264245,0.0,43,0,256,256,8.136180821220643,0.018867316134928203,8.151166176919677,data/problems/evaluation/thermal_relaxation_03_r2_n14_b3.npz
evaluation_thermal_relaxation_03,thermal_relaxation,2,0,8233,baseline,False,0.0,0.12327142619788999,1.0535425728946555e-08,0.9999965651018742,True,39.503202806950895,0.049363489991546494,20,2560,256,2816,8.155048137355571,0.0,8.155048072548263,data/problems/evaluation/thermal_relaxation_03_r2_n14_b3.npz
evaluation_thermal_relaxation_03,thermal_relaxation,2,0,8233,baseline,True,0.0,0.10614280654661375,2.536310624886864e-15,0.9999999999991731,True,24.755990894085294,0.0,80,0,256,256,8.155048137355571,0.0,8.155048137355557,data/problems/evaluation/thermal_relaxation_03_r2_n14_b3.npz
evaluation_thermal_relaxation_03,thermal_relaxation,2,0,8233,cvar,False,0.0,0.12117703404987186,2.2531661130473067e-09,0.9999992653931357,True,38.08776009127778,0.0025049248015474035,20,2560,256,2816,8.155048137355571,0.0,8.155048123495511,data/problems/evaluation/thermal_relaxation_03_r2_n14_b3.npz
evaluation_thermal_relaxation_03,thermal_relaxation,2,0,8233,cvar,True,0.0,0.11521042496361977,3.464167966911638e-13,0.9999999998870567,True,29.48387689408068,0.0,27,0,256,256,8.155048137355571,0.0,8.15504813735344,data/problems/evaluation/thermal_relaxation_03_r2_n14_b3.npz
evaluation_thermal_relaxation_03,thermal_relaxation,2,0,8233,dicke,False,0.003067172691282437,0.24510028442068632,0.003877904985340133,0.37655795348759746,False,306.6474085732167,0.1552717354279068,21,2688,256,2944,8.136180821220643,0.018867316134928203,8.130826503200332,data/problems/evaluation/thermal_relaxation_03_r2_n14_b3.npz
evaluation_thermal_relaxation_03,thermal_relaxation,2,0,8233,dicke,True,0.0,0.15385393167647968,0.000986612520687086,0.741620861966392,True,271.87467267795085,0.0,31,0,256,256,8.155048137355571,0.0,8.148925216592191,data/problems/evaluation/thermal_relaxation_03_r2_n14_b3.npz
evaluation_thermal_relaxation_03,thermal_relaxation,2,0,8233,dicke_cvar,False,0.006020628967120435,0.20014986030344262,0.0009373113658799798,0.7542158798863073,False,239.9962543512208,0.009164835157289941,22,2816,256,3072,8.117151021116955,0.037897116238616135,8.14922950103625,data/problems/evaluation/thermal_relaxation_03_r2_n14_b3.npz
evaluation_thermal_relaxation_03,thermal_relaxation,2,0,8233,dicke_cvar,True,0.0,0.18339155707253407,0.0006222951490303149,0.8258836824502679,True,250.09525459174057,0.0,44,0,256,256,8.155048137355571,0.0,8.151194962176877,data/problems/evaluation/thermal_relaxation_03_r2_n14_b3.npz
evaluation_thermal_relaxation_04,thermal_relaxation,1,0,8201,baseline,False,0.03575483360454729,0.138144699546353,0.03575956300431038,0.0,False,24.001738683492064,0.0010917976886783975,23,2944,256,3200,8.929394249595676,0.24153704072320004,8.929362654244246,data/problems/evaluation/thermal_relaxation_04_r1_n14_b3.npz
evaluation_thermal_relaxation_04,thermal_relaxation,1,0,8201,baseline,True,0.03575483360454729,0.1367437558381673,0.035762296542441355,0.0,False,24.164327667292874,0.0,80,0,256,256,8.929394249595676,0.24153704072320004,8.929344500319488,data/problems/evaluation/thermal_relaxation_04_r1_n14_b3.npz
evaluation_thermal_relaxation_04,thermal_relaxation,1,0,8201,cvar,False,0.03361755261643089,0.20640870833017316,0.03335008813546571,0.0,False,63.565916872274656,0.0073913870457278374,22,2816,256,3072,8.944338307149666,0.22659298316921017,8.945805203394485,data/problems/evaluation/thermal_relaxation_04_r1_n14_b3.npz
evaluation_thermal_relaxation_04,thermal_relaxation,1,0,8201,cvar,True,0.03575483360454729,0.13205171911138658,0.03544654414591335,0.0,False,31.977227983126184,0.0,80,0,256,256,8.929394249595676,0.24153704072320004,8.931562433138549,data/problems/evaluation/thermal_relaxation_04_r1_n14_b3.npz
evaluation_thermal_relaxation_04,thermal_relaxation,1,0,8201,dicke,False,0.0022047251174863126,0.2116653697225205,0.006821359806522609,0.04323909118093361,False,265.78902904052615,0.025757385248806663,19,2432,256,2688,9.156140457600884,0.014790832717991975,9.124056139007209,data/problems/evaluation/thermal_relaxation_04_r1_n14_b3.npz
evaluation_thermal_relaxation_04,thermal_relaxation,1,0,8201,dicke,True,0.0,0.11052123349768712,0.0009494666395861285,0.8410379327873575,True,251.438715568059,0.0,75,0,256,256,9.170931290318876,0.0,9.164523059204454,data/problems/evaluation/thermal_relaxation_04_r1_n14_b3.npz
evaluation_thermal_relaxation_04,thermal_relaxation,1,0,8201,dicke_cvar,False,0.0022047251174863126,0.1932302446178533,0.001959917782585009,0.663234890584866,False,249.2319434692043,0.010505661165087554,22,2816,256,3072,9.156140457600884,0.014790832717991975,9.15760262010712,data/problems/evaluation/thermal_relaxation_04_r1_n14_b3.npz
evaluation_thermal_relaxation_04,thermal_relaxation,1,0,8201,dicke_cvar,True,0.0,0.13105753144395407,0.00042345778644615963,0.9221635236101412,True,240.22093849374465,0.0,70,0,256,256,9.170931290318876,0.0,9.16807536759972,data/problems/evaluation/thermal_relaxation_04_r1_n14_b3.npz
evaluation_thermal_relaxation_04,thermal_relaxation,1,0,8219,baseline,False,0.03575483360454729,0.2147206967795374,0.03204788794212875,0.0,False,38.113714934262426,0.05795545484459774,19,2432,256,2688,8.929394249595676,0.24153704072320004,8.953914815347813,data/problems/evaluation/thermal_relaxation_04_r1_n14_b3.npz
evaluation_thermal_relaxation_04,thermal_relaxation,1,0,8219,baseline,True,0.03833111874416266,0.2031378599843539,0.037402967080216926,0.0,False,6.986705749713277,0.0,25,0,256,256,8.91196316470871,0.25896812561016525,8.91831165413461,data/problems/evaluation/thermal_relaxation_04_r1_n14_b3.npz
evaluation_thermal_relaxation_04,thermal_relaxation,1,0,8219,cvar,False,0.0194266438392992,0.23612169386552315,0.018778202179992043,0.0,False,9.346470626937306,0.03225494399524442,21,2688,256,2944,9.03970185724126,0.1312294330776158,9.043412417495931,data/problems/evaluation/thermal_relaxation_04_r1_n14_b3.npz
evaluation_thermal_relaxation_04,thermal_relaxation,1,0,8219,cvar,True,0.0194266438392992,0.22504342359021048,0.01942567369984503,0.0,False,20.4028580446008,0.0,80,0,256,256,9.03970185724126,0.1312294330776158,9.039706240860498,data/problems/evaluation/thermal_relaxation_04_r1_n14_b3.npz
evaluation_thermal_relaxation_04,thermal_relaxation,1,0,8219,dicke,False,0.0,0.125819633783461,0.0015957933754245654,0.7677780937389413,True,286.10242482016474,0.00807441158305311,20,2560,256,2816,9.170931290318876,0.0,9.160146113985398,data/problems/evaluation/thermal_relaxation_04_r1_n14_b3.npz
evaluation_thermal_relaxation_04,thermal_relaxation,1,0,8219,dicke,True,0.009887575304209334,0.11054107658257069,0.0009595898206095676,0.8399818549571703,False,251.84128713210765,0.0,48,0,256,256,9.104161198029564,0.06677009228931219,9.164454590033134,data/problems/evaluation/thermal_relaxation_04_r1_n14_b3.npz
evaluation_thermal_relaxation_04,thermal_relaxation,1,0,8219,dicke_cvar,False,0.0,0.17783583389060034,0.000669513924820208,0.8902451557105303,True,236.31341672288,0.01104189099714814,19,2432,256,2688,9.170931290318876,0.0,9.166406472761942,data/problems/evaluation/thermal_relaxation_04_r1_n14_b3.npz
evaluation_thermal_relaxation_04,thermal_relaxation,1,0,8219,dicke_cvar,True,0.0,0.1313410295912352,0.0004208343726663716,0.9224849357542748,True,240.21491104888815,0.0,78,0,256,256,9.170931290318876,0.0,9.16809308495759,data/problems/evaluation/thermal_relaxation_04_r1_n14_b3.npz
evaluation_thermal_relaxation_04,thermal_relaxation,1,0,8233,baseline,False,0.03323411023945879,0.1543763798561101,0.03389255253067613,0.0,False,39.48679573552429,0.023126153170829333,19,2432,256,2688,8.946235241719247,0.224696048599629,8.9421874384037,data/problems/evaluation/thermal_relaxation_04_r1_n14_b3.npz
evaluation_thermal_relaxation_04,thermal_relaxation,1,0,8233,baseline,True,0.03575483360454729,0.14857954849899752,0.03477695652293473,0.0,False,45.53937648006688,0.0,80,0,256,256,8.929394249595676,0.24153704072320004,8.936052152475096,data/problems/evaluation/thermal_relaxation_04_r1_n14_b3.npz
evaluation_thermal_relaxation_04,thermal_relaxation,1,0,8233,cvar,False,0.03323411023945879,0.1497854468053419,0.03638591337109638,0.0,False,39.60668267960197,0.00016190049517716965,19,2432,256,2688,8.946235241719247,0.224696048599629,8.925162487456504,data/problems/evaluation/thermal_relaxation_04_r1_n14_b3.npz
evaluation_thermal_relaxation_04,thermal_relaxation,1,0,8233,cvar,True,0.03575483360454729,0.15331002873350263,0.032535924762141614,0.0,False,56.34760282532216,0.0,80,0,256,256,8.929394249595676,0.24153704072320004,8.951546624397897,data/problems/evaluation/thermal_relaxation_04_r1_n14_b3.npz
evaluation_thermal_relaxation_04,thermal_relaxation,1,0,8233,dicke,False,0.0,0.11628863666669478,0.0009981435899773276,0.8193801264803785,True,257.2387598903351,0.01325507832844508,22,2816,256,3072,9.170931290318876,0.0,9.164195018861014,data/problems/evaluation/thermal_relaxation_04_r1_n14_b3.npz
evaluation_thermal_relaxation_04,thermal_relaxation,1,0,8233,dicke,True,0.0,0.11052326622239694,0.0009527837102995513,0.8405579807348347,True,251.55476658040706,0.0,66,0,256,256,9.170931290318876,0.0,9.16450063505943,data/problems/evaluation/thermal_relaxation_04_r1_n14_b3.npz
evaluation_thermal_relaxation_04,thermal_relaxation,1,0,8233,dicke_cvar,False,0.009887575304209334,0.21074909608517264,0.0032336913861946708,0.47458576045909695,False,363.52325761372214,0.037273178526701756,21,2688,256,2944,9.104161198029564,0.06677009228931219,9.148978132822844,data/problems/evaluation/thermal_relaxation_04_r1_n14_b3.npz
evaluation_thermal_relaxation_04,thermal_relaxation,1,0,8233,dicke_cvar,True,0.0,0.1304869053057852,0.0004287468775297643,0.9213966850010018,True,240.28107506545908,0.0,80,0,256,256,9.170931290318876,0.0,9.168039663619247,data/problems/evaluation/thermal_relaxation_04_r1_n14_b3.npz
evaluation_thermal_relaxation_04,thermal_relaxation,2,0,8201,baseline,False,0.12649533972218888,0.38249971160787294,0.12037518183121179,0.04641903674351411,False,23.05569313746597,0.01112984347942958,26,3328,256,3584,6.707318882859633,1.0672324556636372,6.759890647550335,data/problems/evaluation/thermal_relaxation_04_r2_n14_b3.npz
evaluation_thermal_relaxation_04,thermal_relaxation,2,0,8201,baseline,True,0.11807567434953162,0.3090156660118533,0.01588020397019826,0.5668803401606617,False,32.296253399023094,0.0,80,0,256,256,7.09933794361778,0.6752133949054908,7.667527867563592,data/problems/evaluation/thermal_relaxation_04_r2_n14_b3.npz
evaluation_thermal_relaxation_04,thermal_relaxation,2,0,8201,cvar,False,0.012262806444279763,0.4971333624829214,0.023720018617730213,0.22170575890167443,False,81.18052132494228,0.05464992634976351,23,2944,256,3200,7.703971040388751,0.07058029813451938,7.635373880098069,data/problems/evaluation/thermal_relaxation_04_r2_n14_b3.npz
evaluation_thermal_relaxation_04,thermal_relaxation,2,0,8201,cvar,True,0.0,0.349738503296556,0.012849782072126087,0.3879168532023699,True,45.091053194230014,0.0,80,0,256,256,7.7745513385232705,0.0,7.69947451038355,data/problems/evaluation/thermal_relaxation_04_r2_n14_b3.npz
evaluation_thermal_relaxation_04,thermal_relaxation,2,0,8201,dicke,False,0.0,0.2505961654182442,0.00026308442543213284,0.8016756730977188,True,238.87895522948293,0.01650983027539632,23,2944,256,3200,7.7745513385232705,0.0,7.772952166486009,data/problems/evaluation/thermal_relaxation_04_r2_n14_b3.npz
evaluation_thermal_relaxation_04,thermal_relaxation,2,0,8201,dicke,True,0.0009370953325988922,0.2290273060566781,0.00023354430362658153,0.8244771424096278,False,248.15119787123498,0.0,78,0,256,256,7.7686275103540385,0.005923828169231982,7.773134836045443,data/problems/evaluation/thermal_relaxation_04_r2_n14_b3.npz
evaluation_thermal_relaxation_04,thermal_relaxation,2,0,8201,dicke_cvar,False,0.0,0.3384820614411144,0.0013914066373075713,0.5212929431784192,True,290.39677979393537,0.013661700792882758,19,2432,256,2688,7.7745513385232705,0.0,7.766417478628258,data/problems/evaluation/thermal_relaxation_04_r2_n14_b3.npz
evaluation_thermal_relaxation_04,thermal_relaxation,2,0,8201,dicke_cvar,True,0.0,0.24793521187108725,0.00018380491064026307,0.8495142400650467,True,227.75150893208013,0.0,80,0,256,256,7.7745513385232705,0.0,7.773427810635998,data/problems/evaluation/thermal_relaxation_04_r2_n14_b3.npz
evaluation_thermal_relaxation_04,thermal_relaxation,2,0,8219,baseline,False,0.012679431991163313,0.25027237138305325,0.013083242546441666,0.025712535122531244,False,52.189913378867814,0.014428527660496293,29,3712,256,3968,7.701981422705031,0.07256991581823957,7.699539767563969,data/problems/evaluation/thermal_relaxation_04_r2_n14_b3.npz
evaluation_thermal_relaxation_04,thermal_relaxation,2,0,8219,baseline,True,0.0017695451386888323,0.24170276814834343,0.016599456531537868,0.007646433771347105,False,51.100944024502105,0.0,80,0,256,256,7.76426319098554,0.010288147537730552,7.6794908776753825,data/problems/evaluation/thermal_relaxation_04_r2_n14_b3.npz
evaluation_thermal_relaxation_04,thermal_relaxation,2,0,8219,cvar,False,0.017952181824765625,0.31876115471686794,0.009037825123631079,0.1046204341214807,False,38.08217163377628,0.027206969861337083,20,2560,256,2816,7.671523324144024,0.10302801437924636,7.722532475184029,data/problems/evaluation/thermal_relaxation_04_r2_n14_b3.npz
evaluation_thermal_relaxation_04,thermal_relaxation,2,0,8219,cvar,True,0.0009370953325988922,0.30879939225914993,0.0040685100345381605,0.057425781955294575,False,18.10100419870497,0.0,80,0,256,256,7.7686275103540385,0.005923828169231982,7.750792254387239,data/problems/evaluation/thermal_relaxation_04_r2_n14_b3.npz
evaluation_thermal_relaxation_04,thermal_relaxation,2,0,8219,dicke,False,0.0,0.23377796513836488,0.0002950925952196292,0.7885172101351903,True,271.4255091825033,0.012425275784012424,26,3328,256,3584,7.7745513385232705,0.0,7.7727678859872364,data/problems/evaluation/thermal_relaxation_04_r2_n14_b3.npz
evaluation_thermal_relaxation_04,thermal_relaxation,2,0,8219,dicke,True,0.0009370953325988922,0.22900793341919104,0.00023852762704267127,0.821812786709774,False,248.97104099456863,0.0,40,0,256,256,7.7686275103540385,0.005923828169231982,7.773105320376909,data/problems/evaluation/thermal_relaxation_04_r2_n14_b3.npz
evaluation_thermal_relaxation_04,thermal_relaxation,2,0,8219,dicke_cvar,False,0.0,0.2788156118507185,0.0005017842355094668,0.692315030636228,True,264.21924942721796,0.007283030036061344,27,3456,256,3712,7.7745513385232705,0.0,7.771542509467572,data/problems/evaluation/thermal_relaxation_04_r2_n14_b3.npz
evaluation_thermal_relaxation_04,thermal_relaxation,2,0,8219,dicke_cvar,True,0.0,0.2528092910662283,0.00018464969479959923,0.8483106415725159,True,227.3038324431041,0.0,79,0,256,256,7.7745513385232705,0.0,7.773422396881528,data/problems/evaluation/thermal_relaxation_04_r2_n14_b3.npz
evaluation_thermal_relaxation_04,thermal_relaxation,2,0,8233,baseline,False,0.1338901543494223,0.5686242143523946,0.13219448125317557,0.0,False,4.14230139790533,0.0005653684749419297,21,2688,256,2944,6.637633120462021,1.1369182180612496,6.667480421576403,data/problems/evaluation/thermal_relaxation_04_r2_n14_b3.npz
evaluation_thermal_relaxation_04,thermal_relaxation,2,0,8233,baseline,True,0.1338901543494223,0.5680666031356005,0.13214047487411215,0.0,False,4.146809476343092,0.0,20,0,256,256,6.637633120462021,1.1369182180612496,6.67565511969666,data/problems/evaluation/thermal_relaxation_04_r2_n14_b3.npz
evaluation_thermal_relaxation_04,thermal_relaxation,2,0,8233,cvar,False,0.13019302577108188,0.5747523514753591,0.1309347400424159,0.0,False,4.54286076498187,0.003535896620649348,19,2432,256,2688,6.741955189697741,1.0325961488255295,6.706554399007632,data/problems/evaluation/thermal_relaxation_04_r2_n14_b3.npz
evaluation_thermal_relaxation_04,thermal_relaxation,2,0,8233,cvar,True,0.12649533972218888,0.5846660517358281,0.12994170555812545,0.0,False,5.1774948886899885,0.0,28,0,256,256,6.707318882859633,1.0672324556636372,6.716653957289273,data/problems/evaluation/thermal_relaxation_04_r2_n14_b3.npz
evaluation_thermal_relaxation_04,thermal_relaxation,2,0,8233,dicke,False,0.0,0.27983710581578747,0.000638029277334487,0.6474462544147406,True,292.91191480080437,0.013433466881472844,22,2816,256,3072,7.7745513385232705,0.0,7.770758289509681,data/problems/evaluation/thermal_relaxation_04_r2_n14_b3.npz
evaluation_thermal_relaxation_04,thermal_relaxation,2,0,8233,dicke,True,0.0,0.22901043366157767,0.0002390286236656307,0.8215316454792452,True,249.10832130884097,0.0,79,0,256,256,7.7745513385232705,0.0,7.7731023446829,data/problems/evaluation/thermal_relaxation_04_r2_n14_b3.npz
evaluation_thermal_relaxation_04,thermal_relaxation,2,0,8233,dicke_cvar,False,0.0,0.2496013413527106,0.00034885165617435537,0.7673625886892258,True,263.2074014143132,0.0008534953697587611,18,2304,256,2560,7.7745513385232705,0.0,7.772453409876294,data/problems/evaluation/thermal_relaxation_04_r2_n14_b3.npz
evaluation_thermal_relaxation_04,thermal_relaxation,2,0,8233,dicke_cvar,True,0.0,0.24757781476192672,0.0001832218069145033,0.8503244690542974,True,229.21249474528705,0.0,80,0,256,256,7.7745513385232705,0.0,7.773431735324446,data/problems/evaluation/thermal_relaxation_04_r2_n14_b3.npz
