id,family,round,n,b,key,path,minimum_energy,maximum_energy,shortlist_optimum_gain,surrogate_optimum_gain,full_pool_greedy_gain,full_pool_optimum_gain,feasible_batches,source_model_sha256,source_observations_sha256,problem_sha256
amplitude_damping_00,amplitude_damping,0,8,3,amplitude_damping_00_r0_n8_b3,data/problems/evaluation/amplitude_damping_00_r0_n8_b3.npz,-11.175818366494319,-2.6698488634251873,11.155695288426903,11.155695288426903,11.498522983532121,11.498522983532121,56,b42f756dc64d46c10148608e3c21a0286200efe9eb1f7cdc21b8eea01aca6587,374c24b1837fd3196a197fbf5f5a3a27c4be20df868dbd28f4ab6567d1fb040b,b476202e3de14696d7adb72278f7f731403e7c7eec8b30633d2cb314b89d17bc
amplitude_damping_00,amplitude_damping,0,10,3,amplitude_damping_00_r0_n10_b3,data/problems/evaluation/amplitude_damping_00_r0_n10_b3.npz,-11.175818366494319,-2.6698488634251873,11.155695288426903,11.155695288426903,11.498522983532121,11.498522983532121,120,b42f756dc64d46c10148608e3c21a0286200efe9eb1f7cdc21b8eea01aca6587,374c24b1837fd3196a197fbf5f5a3a27c4be20df868dbd28f4ab6567d1fb040b,aa6d9bf30d5c2668077c60552cbb3ddc46717bd42ce8e8688a34e66679ac9d7b
amplitude_damping_00,amplitude_damping,0,12,3,amplitude_damping_00_r0_n12_b3,data/problems/evaluation/amplitude_damping_00_r0_n12_b3.npz,-11.175818366494319,-2.6698488634251873,11.155695288426903,11.155695288426903,11.498522983532121,11.498522983532121,220,b42f756dc64d46c10148608e3c21a0286200efe9eb1f7cdc21b8eea01aca6587,374c24b1837fd3196a197fbf5f5a3a27c4be20df868dbd28f4ab6567d1fb040b,22aea851443c12c6b296fe5b429d7ea9362599f83663fbd5a29e2ca379b33675
amplitude_damping_00,amplitude_damping,0,14,3,amplitude_damping_00_r0_n14_b3,data/problems/evaluation/amplitude_damping_00_r0_n14_b3.npz,-11.175818366494319,-2.6698488634251873,11.155695288426903,11.155695288426903,11.498522983532121,11.498522983532121,364,b42f756dc64d46c10148608e3c21a0286200efe9eb1f7cdc21b8eea01aca6587,374c24b1837fd3196a197fbf5f5a3a27c4be20df868dbd28f4ab6567d1fb040b,7792d292a74507111eecdb61b2b2f08ed232c06a1313873b4f2c0602825e14fd
amplitude_damping_00,amplitude_damping,0,14,5,amplitude_damping_00_r0_n14_b5,data/problems/evaluation/amplitude_damping_00_r0_n14_b5.npz,-15.914973736144283,3.9391870821518253,15.994107287483484,15.801704767807541,17.70602055901713,,2002,b42f756dc64d46c10148608e3c21a0286200efe9eb1f7cdc21b8eea01aca6587,374c24b1837fd3196a197fbf5f5a3a27c4be20df868dbd28f4ab6567d1fb040b,61943b830744833a4cd0a35c56ed543b109e4775faf165f1779e51adf077d66c
amplitude_damping_00,amplitude_damping,1,8,3,amplitude_damping_00_r1_n8_b3,data/problems/evaluation/amplitude_damping_00_r1_n8_b3.npz,-9.460462094885878,-2.6194168509403752,9.460463206663183,9.460463206663183,9.460463206663183,9.460463206663183,56,17db5c87c88e7536831363450e5ca01ec57fe4ed27c0035d635dbd6676e0e766,911926c22b401f06074a50ff5f49a7dadb0ded4ef2dace304ae94e90f7db9134,81e148de643f9fa682b70a1207862d270e6ba0372e121c26d21ef2fa9c17fc6c
amplitude_damping_00,amplitude_damping,1,10,3,amplitude_damping_00_r1_n10_b3,data/problems/evaluation/amplitude_damping_00_r1_n10_b3.npz,-9.460462094885878,-2.6194168509403752,9.460463206663183,9.460463206663183,9.460463206663183,9.460463206663183,120,17db5c87c88e7536831363450e5ca01ec57fe4ed27c0035d635dbd6676e0e766,911926c22b401f06074a50ff5f49a7dadb0ded4ef2dace304ae94e90f7db9134,168543c4a61383e4123cffa3913680371c3203096ab847ea3485fa15ed5aabe8
amplitude_damping_00,amplitude_damping,1,12,3,amplitude_damping_00_r1_n12_b3,data/problems/evaluation/amplitude_damping_00_r1_n12_b3.npz,-9.460462094885878,-2.6194168509403752,9.460463206663183,9.460463206663183,9.460463206663183,9.460463206663183,220,17db5c87c88e7536831363450e5ca01ec57fe4ed27c0035d635dbd6676e0e766,911926c22b401f06074a50ff5f49a7dadb0ded4ef2dace304ae94e90f7db9134,9cb432fdfdab48f6085ae72c7d1b1c02eef66f24965a0625507da7cf5f574954
amplitude_damping_00,amplitude_damping,1,14,3,amplitude_damping_00_r1_n14_b3,data/problems/evaluation/amplitude_damping_00_r1_n14_b3.npz,-9.460462094885878,-2.52798682178868,9.460463206663183,9.460463206663183,9.460463206663183,9.460463206663183,364,17db5c87c88e7536831363450e5ca01ec57fe4ed27c0035d635dbd6676e0e766,911926c22b401f06074a50ff5f49a7dadb0ded4ef2dace304ae94e90f7db9134,b4334c869672155f4dde3e6b6b4a42ae7415de4c1e50661794e10ba2020f40c7
amplitude_damping_00,amplitude_damping,1,14,5,amplitude_damping_00_r1_n14_b5,data/problems/evaluation/amplitude_damping_00_r1_n14_b5.npz,-12.474039013559679,2.834997106253965,12.298281668689421,12.056154875821468,13.99692382143472,,2002,17db5c87c88e7536831363450e5ca01ec57fe4ed27c0035d635dbd6676e0e766,911926c22b401f06074a50ff5f49a7dadb0ded4ef2dace304ae94e90f7db9134,86e825694ea1430f34e8948fd7767401b15c2c4a24e913bd06579ef25be6c2b4
amplitude_damping_00,amplitude_damping,2,8,3,amplitude_damping_00_r2_n8_b3,data/problems/evaluation/amplitude_damping_00_r2_n8_b3.npz,-6.797286119441575,-4.245258186494109,6.797039359407064,6.797039359407064,6.797039359407064,6.797039359407064,56,704990b8a785d13b9c771cf51f26f08dc47517f9229fc73f98968460e8cc66e8,7284ee2f46787867c68d6c32ae3c26f55617a3125e258211a3700bbee252c5d0,f9586e9aa5e083dc1d67336f7d356740f0b6154abf546517b23adc75db255ce4
amplitude_damping_00,amplitude_damping,2,10,3,amplitude_damping_00_r2_n10_b3,data/problems/evaluation/amplitude_damping_00_r2_n10_b3.npz,-6.797286119441575,-2.187780149555115,6.797039359407064,6.797039359407064,6.797039359407064,6.797039359407064,120,704990b8a785d13b9c771cf51f26f08dc47517f9229fc73f98968460e8cc66e8,7284ee2f46787867c68d6c32ae3c26f55617a3125e258211a3700bbee252c5d0,934e8597a013fa4037b51920848245b320a6ba14b9bddc464ca3e482ee4ae4f8
amplitude_damping_00,amplitude_damping,2,12,3,amplitude_damping_00_r2_n12_b3,data/problems/evaluation/amplitude_damping_00_r2_n12_b3.npz,-6.797286119441575,-2.1277769818232857,6.797039359407064,6.797039359407064,6.797039359407064,6.797039359407064,220,704990b8a785d13b9c771cf51f26f08dc47517f9229fc73f98968460e8cc66e8,7284ee2f46787867c68d6c32ae3c26f55617a3125e258211a3700bbee252c5d0,821bdb41dc418da1300e1edc931ddd2da535cf18054191738ef493349890a360
amplitude_damping_00,amplitude_damping,2,14,3,amplitude_damping_00_r2_n14_b3,data/problems/evaluation/amplitude_damping_00_r2_n14_b3.npz,-6.797286119441575,-2.1277769818232857,6.797039359407064,6.797039359407064,6.797039359407064,6.797039359407064,364,704990b8a785d13b9c771cf51f26f08dc47517f9229fc73f98968460e8cc66e8,7284ee2f46787867c68d6c32ae3c26f55617a3125e258211a3700bbee252c5d0,d1d6b484b0e4ae95df7641fb94baadf7e77bf9f429a396e0a00236afcee41612
amplitude_damping_00,amplitude_damping,2,14,5,amplitude_damping_00_r2_n14_b5,data/problems/evaluation/amplitude_damping_00_r2_n14_b5.npz,-10.638889622764257,-0.6802952396102402,10.638239813689918,10.638239813689918,10.638239813689918,,2002,704990b8a785d13b9c771cf51f26f08dc47517f9229fc73f98968460e8cc66e8,7284ee2f46787867c68d6c32ae3c26f55617a3125e258211a3700bbee252c5d0,40905f73e018fb0dfd011e1082a29c766469bb79b74aa9a55f231625ac9d4d0a
amplitude_damping_01,amplitude_damping,0,8,3,amplitude_damping_01_r0_n8_b3,data/problems/evaluation/amplitude_damping_01_r0_n8_b3.npz,-12.148801611574447,-5.104889436530132,12.154612669193012,12.154612669193012,12.417488871668995,12.417488871668995,56,2e343fd9b6bb7f56819b27241b6cb7d2a632037bb82dd26e4047259e17f683c5,ffd945616baaa67be17e2774dab66e47e528fb517ebb014972dbbe7d0fcdb4f1,5016c9eae1086a8cb34c91acec57e30d1e0489df7573c98691f3bd734214292c
amplitude_damping_01,amplitude_damping,0,10,3,amplitude_damping_01_r0_n10_b3,data/problems/evaluation/amplitude_damping_01_r0_n10_b3.npz,-12.148801611574447,-5.104889436530132,12.154612669193012,12.154612669193012,12.417488871668995,12.417488871668995,120,2e343fd9b6bb7f56819b27241b6cb7d2a632037bb82dd26e4047259e17f683c5,ffd945616baaa67be17e2774dab66e47e528fb517ebb014972dbbe7d0fcdb4f1,93bf122ccc43317dbab6012eb7daaa8c2ee86e9ad3aac18bf5976d375cc9423f
amplitude_damping_01,amplitude_damping,0,12,3,amplitude_damping_01_r0_n12_b3,data/problems/evaluation/amplitude_damping_01_r0_n12_b3.npz,-12.148801611574447,-5.104889436530132,12.154612669193012,12.154612669193012,12.417488871668995,12.417488871668995,220,2e343fd9b6bb7f56819b27241b6cb7d2a632037bb82dd26e4047259e17f683c5,ffd945616baaa67be17e2774dab66e47e528fb517ebb014972dbbe7d0fcdb4f1,982861e1bd39a30e1b5f927dc628b6e7735595c3ea5666af0db0bcade9d44320
amplitude_damping_01,amplitude_damping,0,14,3,amplitude_damping_01_r0_n14_b3,data/problems/evaluation/amplitude_damping_01_r0_n14_b3.npz,-12.148801611574447,-4.819880605562113,12.154612669193012,12.154612669193012,12.417488871668995,12.417488871668995,364,2e343fd9b6bb7f56819b27241b6cb7d2a632037bb82dd26e4047259e17f683c5,ffd945616baaa67be17e2774dab66e47e528fb517ebb014972dbbe7d0fcdb4f1,926ecab1b24721c8f0173eeec41ee6bdbf2fea3faf58b542b12aeb00aa9e462f
amplitude_damping_01,amplitude_damping,0,14,5,amplitude_damping_01_r0_n14_b5,data/problems/evaluation/amplitude_damping_01_r0_n14_b5.npz,-17.698463968049165,-2.098269314999026,16.737547266965503,16.737547266965503,19.22662874740757,,2002,2e343fd9b6bb7f56819b27241b6cb7d2a632037bb82dd26e4047259e17f683c5,ffd945616baaa67be17e2774dab66e47e528fb517ebb014972dbbe7d0fcdb4f1,b104f9d067c1adcd895f132971d0454c0e9145c8e6aac53382842c9dbcfdcd58
amplitude_damping_01,amplitude_damping,1,8,3,amplitude_damping_01_r1_n8_b3,data/problems/evaluation/amplitude_damping_01_r1_n8_b3.npz,-9.646160872538651,-5.211993878171541,9.646189383524414,9.646189383524414,9.646189383524414,9.646189383524412,56,5ecd0d0c62e5b7a39c40941db56726a267aede7a5e3e55ca6cdfd01e90cf9bbe,15c6f82101eedfd5c552a0907cd78a604634a67351e96f34dfd9a43079930d12,962a4514a4457d5faab046d600d32fb0d9a355a14f6bfd2faae7dd570409ef7a
amplitude_damping_01,amplitude_damping,1,10,3,amplitude_damping_01_r1_n10_b3,data/problems/evaluation/amplitude_damping_01_r1_n10_b3.npz,-9.646160872538651,-2.3714195821176283,9.646189383524414,9.646189383524414,9.646189383524414,9.646189383524412,120,5ecd0d0c62e5b7a39c40941db56726a267aede7a5e3e55ca6cdfd01e90cf9bbe,15c6f82101eedfd5c552a0907cd78a604634a67351e96f34dfd9a43079930d12,66dfe7050f9bbb228bf5a6b43aaefb6846b308845ef7be439dc9bcd16e18d0e3
amplitude_damping_01,amplitude_damping,1,12,3,amplitude_damping_01_r1_n12_b3,data/problems/evaluation/amplitude_damping_01_r1_n12_b3.npz,-9.646160872538651,-2.3714195821176283,9.646189383524414,9.646189383524414,9.646189383524414,9.646189383524412,220,5ecd0d0c62e5b7a39c40941db56726a267aede7a5e3e55ca6cdfd01e90cf9bbe,15c6f82101eedfd5c552a0907cd78a604634a67351e96f34dfd9a43079930d12,56a191318f298d49f7ae5fb1ca1ca1f932e3380579b2c60560660e19719ef4c6
amplitude_damping_01,amplitude_damping,1,14,3,amplitude_damping_01_r1_n14_b3,data/problems/evaluation/amplitude_damping_01_r1_n14_b3.npz,-9.646160872538651,-2.320764370957953,9.646189383524414,9.646189383524414,9.646189383524414,9.646189383524412,364,5ecd0d0c62e5b7a39c40941db56726a267aede7a5e3e55ca6cdfd01e90cf9bbe,15c6f82101eedfd5c552a0907cd78a604634a67351e96f34dfd9a43079930d12,487e322d3b013fac1fcc46aefb26a6ab19d4bee923e9700478a25e00c6e6c0ed
amplitude_damping_01,amplitude_damping,1,14,5,amplitude_damping_01_r1_n14_b5,data/problems/evaluation/amplitude_damping_01_r1_n14_b5.npz,-14.190402099418813,1.7698227509523452,14.199479044612293,14.199479044612293,15.32339803061623,,2002,5ecd0d0c62e5b7a39c40941db56726a267aede7a5e3e55ca6cdfd01e90cf9bbe,15c6f82101eedfd5c552a0907cd78a604634a67351e96f34dfd9a43079930d12,bc52a5149decc11a4def1f1f075d55d7388834377cd7413cf7f0d6ab01f3737b
amplitude_damping_01,amplitude_damping,2,8,3,amplitude_damping_01_r2_n8_b3,data/problems/evaluation/amplitude_damping_01_r2_n8_b3.npz,-8.904926927615797,-2.019574235260209,8.905051008382246,8.905051008382246,8.905051008382246,8.905051008382246,56,90dda19db1683c5d79ed359887b15be1921b56fdfdca7dedc76b437d648d7dec,156c726d7d799d97f300d52013a2213fbc0e9a57acd627473156ec04c35a6e6f,451f8813d0ebecd456a3067e716d2d65a5172c61f60c6fe6352a9f339af0e3cf
amplitude_damping_01,amplitude_damping,2,10,3,amplitude_damping_01_r2_n10_b3,data/problems/evaluation/amplitude_damping_01_r2_n10_b3.npz,-8.904926927615797,-2.019574235260209,8.905051008382246,8.905051008382246,8.905051008382246,8.905051008382246,120,90dda19db1683c5d79ed359887b15be1921b56fdfdca7dedc76b437d648d7dec,156c726d7d799d97f300d52013a2213fbc0e9a57acd627473156ec04c35a6e6f,a85dcc0b3a8c8ae21105cda4675fcfca427d1742ad020b92120fdb30e66df1b0
amplitude_damping_01,amplitude_damping,2,12,3,amplitude_damping_01_r2_n12_b3,data/problems/evaluation/amplitude_damping_01_r2_n12_b3.npz,-8.904926927615797,-2.019574235260209,8.905051008382246,8.905051008382246,8.905051008382246,8.905051008382246,220,90dda19db1683c5d79ed359887b15be1921b56fdfdca7dedc76b437d648d7dec,156c726d7d799d97f300d52013a2213fbc0e9a57acd627473156ec04c35a6e6f,fcf4dd4da94c0d06416b478fb9d58587f71055bb87a6105af4ac92fc092fd241
amplitude_damping_01,amplitude_damping,2,14,3,amplitude_damping_01_r2_n14_b3,data/problems/evaluation/amplitude_damping_01_r2_n14_b3.npz,-8.904926927615797,-2.019574235260209,8.905051008382246,8.905051008382246,8.905051008382246,8.905051008382246,364,90dda19db1683c5d79ed359887b15be1921b56fdfdca7dedc76b437d648d7dec,156c726d7d799d97f300d52013a2213fbc0e9a57acd627473156ec04c35a6e6f,4aebf36e333093bb8396a53cf22fdded174484eb9117766b777b309e35c453e5
amplitude_damping_01,amplitude_damping,2,14,5,amplitude_damping_01_r2_n14_b5,data/problems/evaluation/amplitude_damping_01_r2_n14_b5.npz,-11.748605046000469,-0.09638827435923325,11.99388854270498,11.747580835003816,13.31845626377606,,2002,90dda19db1683c5d79ed359887b15be1921b56fdfdca7dedc76b437d648d7dec,156c726d7d799d97f300d52013a2213fbc0e9a57acd627473156ec04c35a6e6f,0795f7d1411952814a979a43194ff56d45f955cd11da422009e6a81ce0c5d697
amplitude_damping_02,amplitude_damping,0,8,3,amplitude_damping_02_r0_n8_b3,data/problems/evaluation/amplitude_damping_02_r0_n8_b3.npz,-10.94882049999362,-3.4075308208930792,10.94889733687248,10.94889733687248,11.500746090202973,11.500746090202973,56,2d56e93696ebff4bfccd7eee9f4b5e660bcc10e8543f14d2c643b27cc59190ef,8c243df1afae40ea7d4e971639459ad16800eb61e4d90fcd13668e795209148e,6efb26532743498576a9915c143d30c656543e8927da3ea48e0e830cba7e3d00
amplitude_damping_02,amplitude_damping,0,10,3,amplitude_damping_02_r0_n10_b3,data/problems/evaluation/amplitude_damping_02_r0_n10_b3.npz,-11.500788107233292,-3.4075308208930792,11.500746090202973,11.500746090202973,11.500746090202973,11.500746090202973,120,2d56e93696ebff4bfccd7eee9f4b5e660bcc10e8543f14d2c643b27cc59190ef,8c243df1afae40ea7d4e971639459ad16800eb61e4d90fcd13668e795209148e,0d8668a9519f7663620fd6884908377135b4db79140946ba15fc880c67bab559
amplitude_damping_02,amplitude_damping,0,12,3,amplitude_damping_02_r0_n12_b3,data/problems/evaluation/amplitude_damping_02_r0_n12_b3.npz,-11.500788107233292,-3.1454027647429292,11.500746090202973,11.500746090202973,11.500746090202973,11.500746090202973,220,2d56e93696ebff4bfccd7eee9f4b5e660bcc10e8543f14d2c643b27cc59190ef,8c243df1afae40ea7d4e971639459ad16800eb61e4d90fcd13668e795209148e,ac45dfa35658461c914e55b6385a570b4b3f12dbf0be0554c254830d6e594316
amplitude_damping_02,amplitude_damping,0,14,3,amplitude_damping_02_r0_n14_b3,data/problems/evaluation/amplitude_damping_02_r0_n14_b3.npz,-11.500788107233292,-3.1454027647429292,11.500746090202973,11.500746090202973,11.500746090202973,11.500746090202973,364,2d56e93696ebff4bfccd7eee9f4b5e660bcc10e8543f14d2c643b27cc59190ef,8c243df1afae40ea7d4e971639459ad16800eb61e4d90fcd13668e795209148e,495643d0107683f5651a161a43908d7683381a52cb33d06124d8cab4e66e6413
amplitude_damping_02,amplitude_damping,0,14,5,amplitude_damping_02_r0_n14_b5,data/problems/evaluation/amplitude_damping_02_r0_n14_b5.npz,-17.560091997923116,-0.4032852802346696,17.562762205296384,17.562762205296384,17.84561419282067,,2002,2d56e93696ebff4bfccd7eee9f4b5e660bcc10e8543f14d2c643b27cc59190ef,8c243df1afae40ea7d4e971639459ad16800eb61e4d90fcd13668e795209148e,f85fa07ad496498dc50297774de79e31b75f0e72d631d997577181f964c3f7bd
amplitude_damping_02,amplitude_damping,1,8,3,amplitude_damping_02_r1_n8_b3,data/problems/evaluation/amplitude_damping_02_r1_n8_b3.npz,-9.680822765946935,-5.671872656367768,9.680714093313126,9.680714093313126,9.680714093313126,9.680714093313126,56,d3417ed0d80e4b7d4285d76a5fdc7ff7d27bff3e9b8b77e2b3520bc5445240fc,4370aafa2406f9301f1682bf2ff3ed7792804b7ea28daef66bd1ab5918f72836,4eedb3cd01f4cb64166c52b8178d6c9e5d3192a5ed0e94cd375622395ddc66e1
amplitude_damping_02,amplitude_damping,1,10,3,amplitude_damping_02_r1_n10_b3,data/problems/evaluation/amplitude_damping_02_r1_n10_b3.npz,-9.680822765946935,-3.5234365422548946,9.680714093313126,9.680714093313126,9.680714093313126,9.680714093313126,120,d3417ed0d80e4b7d4285d76a5fdc7ff7d27bff3e9b8b77e2b3520bc5445240fc,4370aafa2406f9301f1682bf2ff3ed7792804b7ea28daef66bd1ab5918f72836,bb0baa6d19dbc28315fe682da4e687a2fa1a7abb1438f7ba692191ef92e01d24
amplitude_damping_02,amplitude_damping,1,12,3,amplitude_damping_02_r1_n12_b3,data/problems/evaluation/amplitude_damping_02_r1_n12_b3.npz,-9.680822765946935,-3.5234365422548946,9.680714093313126,9.680714093313126,9.680714093313126,9.680714093313126,220,d3417ed0d80e4b7d4285d76a5fdc7ff7d27bff3e9b8b77e2b3520bc5445240fc,4370aafa2406f9301f1682bf2ff3ed7792804b7ea28daef66bd1ab5918f72836,463be8f98a7a90b105358c14a3bba8d752fd421fde3633020aa8bf66e9374ec9
amplitude_damping_02,amplitude_damping,1,14,3,amplitude_damping_02_r1_n14_b3,data/problems/evaluation/amplitude_damping_02_r1_n14_b3.npz,-9.680822765946935,-3.1009964049874412,9.680714093313126,9.680714093313126,9.680714093313126,9.680714093313126,364,d3417ed0d80e4b7d4285d76a5fdc7ff7d27bff3e9b8b77e2b3520bc5445240fc,4370aafa2406f9301f1682bf2ff3ed7792804b7ea28daef66bd1ab5918f72836,bf6ca524f0247e747f3d66744723ccb50c11d5325b34d15724cb385b29a7c7fe
amplitude_damping_02,amplitude_damping,1,14,5,amplitude_damping_02_r1_n14_b5,data/problems/evaluation/amplitude_damping_02_r1_n14_b5.npz,-14.947712626619019,-2.3161453571924824,14.863608255305223,14.145540748701952,15.33356824289527,,2002,d3417ed0d80e4b7d4285d76a5fdc7ff7d27bff3e9b8b77e2b3520bc5445240fc,4370aafa2406f9301f1682bf2ff3ed7792804b7ea28daef66bd1ab5918f72836,9772ea0a31e2584b1a2517b8d377d5882e4f929c52372d0b4338d19e3e118b1d
amplitude_damping_02,amplitude_damping,2,8,3,amplitude_damping_02_r2_n8_b3,data/problems/evaluation/amplitude_damping_02_r2_n8_b3.npz,-9.32942510154296,-2.063075471784787,9.329578813408562,9.329578813408562,9.329578813408562,9.329578813408562,56,4e3af45aefb0618255d7cc989b6fa0d18022e82b6ac19a5144bb1bed01adbc5d,3e9e95f37b92a2a43138c2bdfb664d06ea02d671a79833a2b8fc0c3fc3137865,df7f958d11cc465eb452dfeef0889dd1ce9491ddece6d54b4fa3da8c2a88fe9f
amplitude_damping_02,amplitude_damping,2,10,3,amplitude_damping_02_r2_n10_b3,data/problems/evaluation/amplitude_damping_02_r2_n10_b3.npz,-9.32942510154296,-2.063075471784787,9.329578813408562,9.329578813408562,9.329578813408562,9.329578813408562,120,4e3af45aefb0618255d7cc989b6fa0d18022e82b6ac19a5144bb1bed01adbc5d,3e9e95f37b92a2a43138c2bdfb664d06ea02d671a79833a2b8fc0c3fc3137865,9101f5cf5ff29a91a49ea2497d71889b01952d439ec3eeab3bc93014efd7d438
amplitude_damping_02,amplitude_damping,2,12,3,amplitude_damping_02_r2_n12_b3,data/problems/evaluation/amplitude_damping_02_r2_n12_b3.npz,-9.32942510154296,-2.063075471784787,9.329578813408562,9.329578813408562,9.329578813408562,9.329578813408562,220,4e3af45aefb0618255d7cc989b6fa0d18022e82b6ac19a5144bb1bed01adbc5d,3e9e95f37b92a2a43138c2bdfb664d06ea02d671a79833a2b8fc0c3fc3137865,3c348b06d2e19eef0fe26aaef33145be679c78afa7a7565d72623c1c268f3264
amplitude_damping_02,amplitude_damping,2,14,3,amplitude_damping_02_r2_n14_b3,data/problems/evaluation/amplitude_damping_02_r2_n14_b3.npz,-9.32942510154296,-2.063075471784787,9.329578813408562,9.329578813408562,9.329578813408562,9.329578813408562,364,4e3af45aefb0618255d7cc989b6fa0d18022e82b6ac19a5144bb1bed01adbc5d,3e9e95f37b92a2a43138c2bdfb664d06ea02d671a79833a2b8fc0c3fc3137865,4ba2badbb2b766596331967d44ff291e02b77961ff8d2ab0d66bf46c70e8c933
amplitude_damping_02,amplitude_damping,2,14,5,amplitude_damping_02_r2_n14_b5,data/problems/evaluation/amplitude_damping_02_r2_n14_b5.npz,-13.977871438902767,-2.113990770162422,13.986630253183282,13.986630253183282,13.999614766987584,,2002,4e3af45aefb0618255d7cc989b6fa0d18022e82b6ac19a5144bb1bed01adbc5d,3e9e95f37b92a2a43138c2bdfb664d06ea02d671a79833a2b8fc0c3fc3137865,5e6e15ad8d457704718e39ba6dd5d334082ad4c440cd4832de3d4920b5364e8b
amplitude_damping_03,amplitude_damping,0,8,3,amplitude_damping_03_r0_n8_b3,data/problems/evaluation/amplitude_damping_03_r0_n8_b3.npz,-12.516992918646128,-5.515297290086845,12.514142758387651,12.514142758387651,12.514142758387651,12.514142758387658,56,3706cd4e9602eb57320b63171aebd0f67236cd28895ed981c604c24357d4e4c3,020f9b44bf4e764c195d74696d8c2ac80e60a8abebee378be3774c8ea98fa2ac,ab045725bd5a79ae40a36757a6728a81e6fe41126de2213f714f99118e3f7571
amplitude_damping_03,amplitude_damping,0,10,3,amplitude_damping_03_r0_n10_b3,data/problems/evaluation/amplitude_damping_03_r0_n10_b3.npz,-12.516992918646128,-5.515297290086845,12.514142758387651,12.514142758387651,12.514142758387651,12.514142758387658,120,3706cd4e9602eb57320b63171aebd0f67236cd28895ed981c604c24357d4e4c3,020f9b44bf4e764c195d74696d8c2ac80e60a8abebee378be3774c8ea98fa2ac,450e52c35a47cd95db90fc051b4dc7f03547c91bbdf1d692c79ae5e8a0d6073c
amplitude_damping_03,amplitude_damping,0,12,3,amplitude_damping_03_r0_n12_b3,data/problems/evaluation/amplitude_damping_03_r0_n12_b3.npz,-12.516992918646128,-5.515297290086845,12.514142758387651,12.514142758387651,12.514142758387651,12.514142758387658,220,3706cd4e9602eb57320b63171aebd0f67236cd28895ed981c604c24357d4e4c3,020f9b44bf4e764c195d74696d8c2ac80e60a8abebee378be3774c8ea98fa2ac,e240bdcc845dc8f364e116bddfbc8a8f8d8644816dcf7ef8d7da3f6bb9ef2aef
amplitude_damping_03,amplitude_damping,0,14,3,amplitude_damping_03_r0_n14_b3,data/problems/evaluation/amplitude_damping_03_r0_n14_b3.npz,-12.516992918646128,-5.515297290086845,12.514142758387651,12.514142758387651,12.514142758387651,12.514142758387658,364,3706cd4e9602eb57320b63171aebd0f67236cd28895ed981c604c24357d4e4c3,020f9b44bf4e764c195d74696d8c2ac80e60a8abebee378be3774c8ea98fa2ac,43258f7e5b96231f649c0c8c65ab85ff46ef7513088db9c6971f2483290492f5
amplitude_damping_03,amplitude_damping,0,14,5,amplitude_damping_03_r0_n14_b5,data/problems/evaluation/amplitude_damping_03_r0_n14_b5.npz,-18.834463629148942,-2.1653291767759875,18.743694286765848,18.743694286765848,19.068921648308645,,2002,3706cd4e9602eb57320b63171aebd0f67236cd28895ed981c604c24357d4e4c3,020f9b44bf4e764c195d74696d8c2ac80e60a8abebee378be3774c8ea98fa2ac,f8e47d287c5a9d1910f811e609048cc2e698d399caaad90f396bc9c94bd63aaf
amplitude_damping_03,amplitude_damping,1,8,3,amplitude_damping_03_r1_n8_b3,data/problems/evaluation/amplitude_damping_03_r1_n8_b3.npz,-10.305999500372476,-6.191800916812055,10.305271496482668,10.305271496482668,10.305271496482668,10.305271496482668,56,04713d141f4c559092a152dc4fcb95f55605ac4fe335a8666b26b63dce01f9af,c0da35ba500f97bcbb7b741c30b7da82d861b142465994aef47432c4bff5f0d2,0df25bf74a5729c5019c313dad19f2d7bee07a5f9b43446165c257e0586e5ffb
amplitude_damping_03,amplitude_damping,1,10,3,amplitude_damping_03_r1_n10_b3,data/problems/evaluation/amplitude_damping_03_r1_n10_b3.npz,-10.305999500372476,-3.6378083708856073,10.305271496482668,10.305271496482668,10.305271496482668,10.305271496482668,120,04713d141f4c559092a152dc4fcb95f55605ac4fe335a8666b26b63dce01f9af,c0da35ba500f97bcbb7b741c30b7da82d861b142465994aef47432c4bff5f0d2,42da22752187fcec5b2b078a7cc7223d0cb5639a8b5b9e2bedbb0842220f18f5
amplitude_damping_03,amplitude_damping,1,12,3,amplitude_damping_03_r1_n12_b3,data/problems/evaluation/amplitude_damping_03_r1_n12_b3.npz,-10.305999500372476,-3.6378083708856073,10.305271496482668,10.305271496482668,10.305271496482668,10.305271496482668,220,04713d141f4c559092a152dc4fcb95f55605ac4fe335a8666b26b63dce01f9af,c0da35ba500f97bcbb7b741c30b7da82d861b142465994aef47432c4bff5f0d2,1fade17cc15485bdc4d02471282e2cab3119fb7c0e49aa3ddf9eb407a14f94ee
amplitude_damping_03,amplitude_damping,1,14,3,amplitude_damping_03_r1_n14_b3,data/problems/evaluation/amplitude_damping_03_r1_n14_b3.npz,-10.305999500372476,-3.6125096399286356,10.305271496482668,10.305271496482668,10.305271496482668,10.305271496482668,364,04713d141f4c559092a152dc4fcb95f55605ac4fe335a8666b26b63dce01f9af,c0da35ba500f97bcbb7b741c30b7da82d861b142465994aef47432c4bff5f0d2,5fae2476e3c4909b5d1e4d3285fee6174cd6f089a55ad4a260e28e26c9da586c
amplitude_damping_03,amplitude_damping,1,14,5,amplitude_damping_03_r1_n14_b5,data/problems/evaluation/amplitude_damping_03_r1_n14_b5.npz,-16.294288671041528,-3.970756118376647,16.2986378648372,16.2986378648372,16.333861808989298,,2002,04713d141f4c559092a152dc4fcb95f55605ac4fe335a8666b26b63dce01f9af,c0da35ba500f97bcbb7b741c30b7da82d861b142465994aef47432c4bff5f0d2,2e008117555bcc4c3bff15d5ccad2b7886b41d3a3d6d7a040eef04aae2f293b1
amplitude_damping_03,amplitude_damping,2,8,3,amplitude_damping_03_r2_n8_b3,data/problems/evaluation/amplitude_damping_03_r2_n8_b3.npz,-9.28170671627647,-2.2590782838175825,9.281976012621863,9.281976012621863,9.281976012621863,9.281976012621865,56,c7ba2ac97f8503d35afa2a007a188c867d9e572c8210a99bd42980e07784f74f,42f441f5aeff7ab551c80577631364dedc3fefc1d1f49cae24c9c6b87b1a63c7,720c493e85469524fcd2fbc34f75cbdcad71f2669b07cb3f85af82ccd52d99f9
amplitude_damping_03,amplitude_damping,2,10,3,amplitude_damping_03_r2_n10_b3,data/problems/evaluation/amplitude_damping_03_r2_n10_b3.npz,-9.28170671627647,-2.2590782838175825,9.281976012621863,9.281976012621863,9.281976012621863,9.281976012621865,120,c7ba2ac97f8503d35afa2a007a188c867d9e572c8210a99bd42980e07784f74f,42f441f5aeff7ab551c80577631364dedc3fefc1d1f49cae24c9c6b87b1a63c7,1aa246bfe318f25b9d73f95bc4e1b6bcc4e04eebc5b0faf4b6788fb23b30ccec
amplitude_damping_03,amplitude_damping,2,12,3,amplitude_damping_03_r2_n12_b3,data/problems/evaluation/amplitude_damping_03_r2_n12_b3.npz,-9.28170671627647,-2.157092734149214,9.281976012621863,9.281976012621863,9.281976012621863,9.281976012621865,220,c7ba2ac97f8503d35afa2a007a188c867d9e572c8210a99bd42980e07784f74f,42f441f5aeff7ab551c80577631364dedc3fefc1d1f49cae24c9c6b87b1a63c7,48c5eab0dd25e379f4b802cc2c9212b75a5fab21cf2d3e4ddf20dcad6c7d9ce5
amplitude_damping_03,amplitude_damping,2,14,3,amplitude_damping_03_r2_n14_b3,data/problems/evaluation/amplitude_damping_03_r2_n14_b3.npz,-9.28170671627647,-2.157092734149214,9.281976012621863,9.281976012621863,9.281976012621863,9.281976012621865,364,c7ba2ac97f8503d35afa2a007a188c867d9e572c8210a99bd42980e07784f74f,42f441f5aeff7ab551c80577631364dedc3fefc1d1f49cae24c9c6b87b1a63c7,6480cba3582d6ce26b4225faa77b1f15a97d65b9b8e61c0437a58aac3e222bee
amplitude_damping_03,amplitude_damping,2,14,5,amplitude_damping_03_r2_n14_b5,data/problems/evaluation/amplitude_damping_03_r2_n14_b5.npz,-14.214173453327653,-2.1347940436977115,14.200645456514877,14.200645456514877,14.350444002750418,,2002,c7ba2ac97f8503d35afa2a007a188c867d9e572c8210a99bd42980e07784f74f,42f441f5aeff7ab551c80577631364dedc3fefc1d1f49cae24c9c6b87b1a63c7,f0129ab3b306b2780847826f279f4ead6b1cb51622eabbffcc7e9f9249970347
amplitude_damping_04,amplitude_damping,0,8,3,amplitude_damping_04_r0_n8_b3,data/problems/evaluation/amplitude_damping_04_r0_n8_b3.npz,-10.904847039783194,-6.6386388931322395,10.904963195096787,10.904963195096787,10.904963195096787,10.904963195096787,56,41b04c020c9e563ed256353648c2c6dab63255b31325d58871ccc930210f98fe,f733d59b6fc740ab9e05beea30dc52c78b56f2e39e11d9be9eb6dd97e2d94da0,2c8d7573a46df65f29c2365791da052fea620b21c2b12629612284c05fffaf27
amplitude_damping_04,amplitude_damping,0,10,3,amplitude_damping_04_r0_n10_b3,data/problems/evaluation/amplitude_damping_04_r0_n10_b3.npz,-10.904847039783194,-6.6386388931322395,10.904963195096787,10.904963195096787,10.904963195096787,10.904963195096787,120,41b04c020c9e563ed256353648c2c6dab63255b31325d58871ccc930210f98fe,f733d59b6fc740ab9e05beea30dc52c78b56f2e39e11d9be9eb6dd97e2d94da0,1a581340dccb48214b2f27e04a9a34511d521479d25d57e91609ce1f54b9502c
amplitude_damping_04,amplitude_damping,0,12,3,amplitude_damping_04_r0_n12_b3,data/problems/evaluation/amplitude_damping_04_r0_n12_b3.npz,-10.904847039783194,-6.636974073435503,10.904963195096787,10.904963195096787,10.904963195096787,10.904963195096787,220,41b04c020c9e563ed256353648c2c6dab63255b31325d58871ccc930210f98fe,f733d59b6fc740ab9e05beea30dc52c78b56f2e39e11d9be9eb6dd97e2d94da0,de62ded086bdb0db369fc4744c2f45fb9dfce66f75b6cbd75abda5b597a1d611
amplitude_damping_04,amplitude_damping,0,14,3,amplitude_damping_04_r0_n14_b3,data/problems/evaluation/amplitude_damping_04_r0_n14_b3.npz,-10.904847039783194,-4.743587305106584,10.904963195096787,10.904963195096787,10.904963195096787,10.904963195096787,364,41b04c020c9e563ed256353648c2c6dab63255b31325d58871ccc930210f98fe,f733d59b6fc740ab9e05beea30dc52c78b56f2e39e11d9be9eb6dd97e2d94da0,8eb3529ea5f73462772e9b84ee66c03af462ad266f4c181fbcd1f7bb1b71b5cb
amplitude_damping_04,amplitude_damping,0,14,5,amplitude_damping_04_r0_n14_b5,data/problems/evaluation/amplitude_damping_04_r0_n14_b5.npz,-16.88741850575575,-5.562138393321767,16.881245676324944,16.881245676324944,16.881245676324948,,2002,41b04c020c9e563ed256353648c2c6dab63255b31325d58871ccc930210f98fe,f733d59b6fc740ab9e05beea30dc52c78b56f2e39e11d9be9eb6dd97e2d94da0,a64eeca0c927dca3cf0b5466adef5d457059150aa2dade833bbb9ce29c422875
amplitude_damping_04,amplitude_damping,1,8,3,amplitude_damping_04_r1_n8_b3,data/problems/evaluation/amplitude_damping_04_r1_n8_b3.npz,-9.125517235020308,-2.8725423263387215,9.12551754912323,9.12551754912323,9.180494548844962,9.180494548844962,56,7f9fd08bf33d4e9d45b77dc45a4f531895f119bfa87543cc89d3f40a499b45b8,b9ac7ee535913fe497db447cb3b58ce0aed9048498bbffc985355e5ae8ad7b18,30a26a6465dac2be5226f9c020f33df28465e9afc9af18d63c5c756b04fd3a33
amplitude_damping_04,amplitude_damping,1,10,3,amplitude_damping_04_r1_n10_b3,data/problems/evaluation/amplitude_damping_04_r1_n10_b3.npz,-9.180488510192765,-2.862691424770331,9.180494548844962,9.180494548844962,9.180494548844962,9.180494548844962,120,7f9fd08bf33d4e9d45b77dc45a4f531895f119bfa87543cc89d3f40a499b45b8,b9ac7ee535913fe497db447cb3b58ce0aed9048498bbffc985355e5ae8ad7b18,e4894307252c3a6d9f36b891a245dbc0991fb6d52a600226a4312943b19eb889
amplitude_damping_04,amplitude_damping,1,12,3,amplitude_damping_04_r1_n12_b3,data/problems/evaluation/amplitude_damping_04_r1_n12_b3.npz,-9.180488510192765,-2.862691424770331,9.180494548844962,9.180494548844962,9.180494548844962,9.180494548844962,220,7f9fd08bf33d4e9d45b77dc45a4f531895f119bfa87543cc89d3f40a499b45b8,b9ac7ee535913fe497db447cb3b58ce0aed9048498bbffc985355e5ae8ad7b18,bbe2aa84fe9b4475f9e72a11afc76c78d0bc3cd8a7a7e70276946824b3a3d5fe
amplitude_damping_04,amplitude_damping,1,14,3,amplitude_damping_04_r1_n14_b3,data/problems/evaluation/amplitude_damping_04_r1_n14_b3.npz,-9.180488510192765,-2.7082650862736175,9.180494548844962,9.180494548844962,9.180494548844962,9.180494548844962,364,7f9fd08bf33d4e9d45b77dc45a4f531895f119bfa87543cc89d3f40a499b45b8,b9ac7ee535913fe497db447cb3b58ce0aed9048498bbffc985355e5ae8ad7b18,20a75b4fa92ebd3a48e9339f43d425455f25e3ce40a5425bebfbae3fe9285eb7
amplitude_damping_04,amplitude_damping,1,14,5,amplitude_damping_04_r1_n14_b5,data/problems/evaluation/amplitude_damping_04_r1_n14_b5.npz,-14.181386754267265,2.137850120045419,14.122315076560367,13.540901342536598,14.486053423142122,,2002,7f9fd08bf33d4e9d45b77dc45a4f531895f119bfa87543cc89d3f40a499b45b8,b9ac7ee535913fe497db447cb3b58ce0aed9048498bbffc985355e5ae8ad7b18,e7d8de87be04c091bf6f61ed0b9012efab6f7e673e8c1ae69a615b812eaa2174
amplitude_damping_04,amplitude_damping,2,8,3,amplitude_damping_04_r2_n8_b3,data/problems/evaluation/amplitude_damping_04_r2_n8_b3.npz,-7.984206858043955,-2.1889616757914876,8.011227657233919,8.011227657233919,8.867039882699812,8.867039882699814,56,c7aaae1463deb96c012b0c169a4bb00ecd41aa58ddc6d3d8af0cfbfaac8b639d,3aed3c6a3b9c27c706e9424b02636f379ad52277186020f48cd2c35d185138f4,01b0fd601fba805ec8b8a7f5f7c2eab8cbfa92d1a86e67b2012a313aea435f36
amplitude_damping_04,amplitude_damping,2,10,3,amplitude_damping_04_r2_n10_b3,data/problems/evaluation/amplitude_damping_04_r2_n10_b3.npz,-7.984206858043955,-2.0665880873743676,8.011227657233919,8.011227657233919,8.867039882699812,8.867039882699814,120,c7aaae1463deb96c012b0c169a4bb00ecd41aa58ddc6d3d8af0cfbfaac8b639d,3aed3c6a3b9c27c706e9424b02636f379ad52277186020f48cd2c35d185138f4,667052db83b62a12a1b06e7d9930a1a6ef76becae39b2d58f3cff329fc47350e
amplitude_damping_04,amplitude_damping,2,12,3,amplitude_damping_04_r2_n12_b3,data/problems/evaluation/amplitude_damping_04_r2_n12_b3.npz,-8.147491599279629,-2.066588087374366,8.145346004653902,8.115710960217744,8.867039882699812,8.867039882699814,220,c7aaae1463deb96c012b0c169a4bb00ecd41aa58ddc6d3d8af0cfbfaac8b639d,3aed3c6a3b9c27c706e9424b02636f379ad52277186020f48cd2c35d185138f4,350bc4e3b7b1bfacf4a61109f7be6a44598f3390acfdb7ef3893a4be4830893b
amplitude_damping_04,amplitude_damping,2,14,3,amplitude_damping_04_r2_n14_b3,data/problems/evaluation/amplitude_damping_04_r2_n14_b3.npz,-8.867302635115518,-2.066588087374366,8.867039882699812,8.867039882699812,8.867039882699812,8.867039882699814,364,c7aaae1463deb96c012b0c169a4bb00ecd41aa58ddc6d3d8af0cfbfaac8b639d,3aed3c6a3b9c27c706e9424b02636f379ad52277186020f48cd2c35d185138f4,12b044d3a8964a8d622636464f6613d919bc4d282eb99287cb569caba9ea9717
amplitude_damping_04,amplitude_damping,2,14,5,amplitude_damping_04_r2_n14_b5,data/problems/evaluation/amplitude_damping_04_r2_n14_b5.npz,-12.748191117170094,1.357595140191311,12.732244965301433,12.732244965301433,13.266655903827644,,2002,c7aaae1463deb96c012b0c169a4bb00ecd41aa58ddc6d3d8af0cfbfaac8b639d,3aed3c6a3b9c27c706e9424b02636f379ad52277186020f48cd2c35d185138f4,ec052d795e0bfc02819fc07759006ef2d31bee6c8b61fa3d601dea939a2e1423
thermal_relaxation_00,thermal_relaxation,0,8,3,thermal_relaxation_00_r0_n8_b3,data/problems/evaluation/thermal_relaxation_00_r0_n8_b3.npz,-12.1084922412761,-4.906905940803206,12.114834495523343,12.114834495523343,12.114834495523343,12.114834495523354,56,cabc675d5ca68782a410234347cc0ef78b12b88e9c0d7f2fe1f2724504a4d0f8,1f329dbbcb1bd88d6a7750b7e706e0f34c909331ab201ec4003f1039d7d291ba,4947d1f4f6620aa51d6fed47abe7db49a7cb9f40601ae8c63421e6d58e28157b
thermal_relaxation_00,thermal_relaxation,0,10,3,thermal_relaxation_00_r0_n10_b3,data/problems/evaluation/thermal_relaxation_00_r0_n10_b3.npz,-12.1084922412761,-4.906905940803206,12.114834495523343,12.114834495523343,12.114834495523343,12.114834495523354,120,cabc675d5ca68782a410234347cc0ef78b12b88e9c0d7f2fe1f2724504a4d0f8,1f329dbbcb1bd88d6a7750b7e706e0f34c909331ab201ec4003f1039d7d291ba,71fd1238c123ed489a147df5bb6bc0cb2f6da002d9d48637a089a47e02b5358f
thermal_relaxation_00,thermal_relaxation,0,12,3,thermal_relaxation_00_r0_n12_b3,data/problems/evaluation/thermal_relaxation_00_r0_n12_b3.npz,-12.1084922412761,-4.906905940803206,12.114834495523343,12.114834495523343,12.114834495523343,12.114834495523354,220,cabc675d5ca68782a410234347cc0ef78b12b88e9c0d7f2fe1f2724504a4d0f8,1f329dbbcb1bd88d6a7750b7e706e0f34c909331ab201ec4003f1039d7d291ba,63fa18a7653e576a8d2b524d4b77d2cbf65cc0edc29271c88743464fe35a8fe8
thermal_relaxation_00,thermal_relaxation,0,14,3,thermal_relaxation_00_r0_n14_b3,data/problems/evaluation/thermal_relaxation_00_r0_n14_b3.npz,-12.1084922412761,-4.906905940803206,12.114834495523343,12.114834495523343,12.114834495523343,12.114834495523354,364,cabc675d5ca68782a410234347cc0ef78b12b88e9c0d7f2fe1f2724504a4d0f8,1f329dbbcb1bd88d6a7750b7e706e0f34c909331ab201ec4003f1039d7d291ba,cc40e901e6f16c9ee7fcd87d4fe3771593516466c1b1c90be3d2e5232445d71a
thermal_relaxation_00,thermal_relaxation,0,14,5,thermal_relaxation_00_r0_n14_b5,data/problems/evaluation/thermal_relaxation_00_r0_n14_b5.npz,-18.356676223319884,-5.133832223662001,18.398681726269572,18.398681726269572,18.736285597426583,,2002,cabc675d5ca68782a410234347cc0ef78b12b88e9c0d7f2fe1f2724504a4d0f8,1f329dbbcb1bd88d6a7750b7e706e0f34c909331ab201ec4003f1039d7d291ba,d4b5e5ff18d9328166ed74dfa1c94717de5b9c9aadf1d2a8c31203f8faeaf5fd
thermal_relaxation_00,thermal_relaxation,1,8,3,thermal_relaxation_00_r1_n8_b3,data/problems/evaluation/thermal_relaxation_00_r1_n8_b3.npz,-10.45319558452212,-2.4667317831317064,10.446311223695352,10.446311223695352,10.446311223695353,10.446311223695353,56,428117a585fb3acb6aff3db9e82b07fcae3f1ad27bc26c904cb720b89f18d20a,240ba25eb29daac28d3e8a4f4b1d5a1cb8c0f1cb7e32aaea68d54eccf98c6974,603e64a7344d535fc60e375c60d02262999512c0957e1419cc8e7f2f4d19b0dd
thermal_relaxation_00,thermal_relaxation,1,10,3,thermal_relaxation_00_r1_n10_b3,data/problems/evaluation/thermal_relaxation_00_r1_n10_b3.npz,-10.45319558452212,-2.4667317831317064,10.446311223695352,10.446311223695352,10.446311223695353,10.446311223695353,120,428117a585fb3acb6aff3db9e82b07fcae3f1ad27bc26c904cb720b89f18d20a,240ba25eb29daac28d3e8a4f4b1d5a1cb8c0f1cb7e32aaea68d54eccf98c6974,ef96cad489a93dc6741a67c2c0ec2a2191b379209dd02ca62dc93db8c0086dcd
thermal_relaxation_00,thermal_relaxation,1,12,3,thermal_relaxation_00_r1_n12_b3,data/problems/evaluation/thermal_relaxation_00_r1_n12_b3.npz,-10.45319558452212,-2.4667317831317064,10.446311223695352,10.446311223695352,10.446311223695353,10.446311223695353,220,428117a585fb3acb6aff3db9e82b07fcae3f1ad27bc26c904cb720b89f18d20a,240ba25eb29daac28d3e8a4f4b1d5a1cb8c0f1cb7e32aaea68d54eccf98c6974,339aca345b6364db2f2b1f59c38bf9a909da01c6fc8088f849850fc0f28764b7
thermal_relaxation_00,thermal_relaxation,1,14,3,thermal_relaxation_00_r1_n14_b3,data/problems/evaluation/thermal_relaxation_00_r1_n14_b3.npz,-10.45319558452212,-2.4667317831317064,10.446311223695352,10.446311223695352,10.446311223695353,10.446311223695353,364,428117a585fb3acb6aff3db9e82b07fcae3f1ad27bc26c904cb720b89f18d20a,240ba25eb29daac28d3e8a4f4b1d5a1cb8c0f1cb7e32aaea68d54eccf98c6974,f1f1902e4a16dd629f1dd564fd7edb116123a910a6248d12221152398edf9594
thermal_relaxation_00,thermal_relaxation,1,14,5,thermal_relaxation_00_r1_n14_b5,data/problems/evaluation/thermal_relaxation_00_r1_n14_b5.npz,-16.20976337622757,-0.269620758801576,15.935310114150885,15.455588615387429,16.579160914292917,,2002,428117a585fb3acb6aff3db9e82b07fcae3f1ad27bc26c904cb720b89f18d20a,240ba25eb29daac28d3e8a4f4b1d5a1cb8c0f1cb7e32aaea68d54eccf98c6974,f1ff3a62a04582c707f7fba96814fb544b22225a5911667bc148a605db675025
thermal_relaxation_00,thermal_relaxation,2,8,3,thermal_relaxation_00_r2_n8_b3,data/problems/evaluation/thermal_relaxation_00_r2_n8_b3.npz,-7.692676258910004,-2.13339598669903,7.834008172593575,7.834008172593575,8.513965795527167,8.513965795527168,56,e282a2d0ae1606908c9e0b9ed81491b0ad1d70a1de171b47ed68baff3c26547a,6ef8f42fff84d3d1ae48824848535a33d7b63986c3cddfe8acef4b3d5db82c22,92afeb5f6a6b6f919fbb81d575d3b3f530d9c1fe5376b49fda10feb86c69002d
thermal_relaxation_00,thermal_relaxation,2,10,3,thermal_relaxation_00_r2_n10_b3,data/problems/evaluation/thermal_relaxation_00_r2_n10_b3.npz,-8.256237747845155,-2.13339598669903,8.126051703167315,8.098771496480936,8.513965795527167,8.513965795527168,120,e282a2d0ae1606908c9e0b9ed81491b0ad1d70a1de171b47ed68baff3c26547a,6ef8f42fff84d3d1ae48824848535a33d7b63986c3cddfe8acef4b3d5db82c22,de588be89badfbfff137fcd0e4559208e04373a33f544719f6479aa53977a67e
thermal_relaxation_00,thermal_relaxation,2,12,3,thermal_relaxation_00_r2_n12_b3,data/problems/evaluation/thermal_relaxation_00_r2_n12_b3.npz,-8.51351921183382,-2.13339598669903,8.513965795527167,8.513965795527167,8.513965795527167,8.513965795527168,220,e282a2d0ae1606908c9e0b9ed81491b0ad1d70a1de171b47ed68baff3c26547a,6ef8f42fff84d3d1ae48824848535a33d7b63986c3cddfe8acef4b3d5db82c22,0ac01d30cd29e95de8c1bda730fb1c7fdb177cabbc6f7b0fc8b4e8f455dd2318
thermal_relaxation_00,thermal_relaxation,2,14,3,thermal_relaxation_00_r2_n14_b3,data/problems/evaluation/thermal_relaxation_00_r2_n14_b3.npz,-8.51351921183382,-2.13339598669903,8.513965795527167,8.513965795527167,8.513965795527167,8.513965795527168,364,e282a2d0ae1606908c9e0b9ed81491b0ad1d70a1de171b47ed68baff3c26547a,6ef8f42fff84d3d1ae48824848535a33d7b63986c3cddfe8acef4b3d5db82c22,b3daa15c57738d8677ca9df2c94c089a9df215a83c4029067d8a16409d0ca372
thermal_relaxation_00,thermal_relaxation,2,14,5,thermal_relaxation_00_r2_n14_b5,data/problems/evaluation/thermal_relaxation_00_r2_n14_b5.npz,-12.649405263332529,2.005634174945893,11.886625099168922,11.84686027658623,13.205389892922073,,2002,e282a2d0ae1606908c9e0b9ed81491b0ad1d70a1de171b47ed68baff3c26547a,6ef8f42fff84d3d1ae48824848535a33d7b63986c3cddfe8acef4b3d5db82c22,5d166bdb57b9a4b8d8658355e3a953e3be85b6c6dbe0710689a1b52412cf1c71
thermal_relaxation_01,thermal_relaxation,0,8,3,thermal_relaxation_01_r0_n8_b3,data/problems/evaluation/thermal_relaxation_01_r0_n8_b3.npz,-13.773179409862454,-6.270192786055827,13.76452845005325,13.76452845005325,13.725148180934422,13.76452845005325,56,fdede63d5695272aa086aa80d0c07f9cea76395dc17f1a5598d3174ebf213846,d3c228640ae8c7a1d7365eb62a16a5bae5fb9daea7a6ea02052aa6f4ec186374,ab4efbf941e06d6bac91f4d3d822fe02d6da055222be3420f3ff57628dd07018
thermal_relaxation_01,thermal_relaxation,0,10,3,thermal_relaxation_01_r0_n10_b3,data/problems/evaluation/thermal_relaxation_01_r0_n10_b3.npz,-13.773179409862454,-6.0137502239244816,13.76452845005325,13.76452845005325,13.725148180934422,13.76452845005325,120,fdede63d5695272aa086aa80d0c07f9cea76395dc17f1a5598d3174ebf213846,d3c228640ae8c7a1d7365eb62a16a5bae5fb9daea7a6ea02052aa6f4ec186374,7ea597abd5b73051e8ca8d30bb22e565ed4bab7f6143de913f9078cc105536b8
thermal_relaxation_01,thermal_relaxation,0,12,3,thermal_relaxation_01_r0_n12_b3,data/problems/evaluation/thermal_relaxation_01_r0_n12_b3.npz,-13.773179409862454,-6.0137502239244816,13.76452845005325,13.76452845005325,13.725148180934422,13.76452845005325,220,fdede63d5695272aa086aa80d0c07f9cea76395dc17f1a5598d3174ebf213846,d3c228640ae8c7a1d7365eb62a16a5bae5fb9daea7a6ea02052aa6f4ec186374,3110f73b1d4a3c5fe803def0810946feb3f0133e31950e61f85ac31f3b1e2e3d
thermal_relaxation_01,thermal_relaxation,0,14,3,thermal_relaxation_01_r0_n14_b3,data/problems/evaluation/thermal_relaxation_01_r0_n14_b3.npz,-13.773179409862454,-6.0137502239244816,13.76452845005325,13.76452845005325,13.725148180934422,13.76452845005325,364,fdede63d5695272aa086aa80d0c07f9cea76395dc17f1a5598d3174ebf213846,d3c228640ae8c7a1d7365eb62a16a5bae5fb9daea7a6ea02052aa6f4ec186374,97ab08f8077dbcc1e73d9e8a7f71536b9eb9ed721cc372969102f2ea0a77b0b7
thermal_relaxation_01,thermal_relaxation,0,14,5,thermal_relaxation_01_r0_n14_b5,data/problems/evaluation/thermal_relaxation_01_r0_n14_b5.npz,-20.206396051856913,-2.6811858429419217,20.193233122607467,20.17536435741969,20.602498110985053,,2002,fdede63d5695272aa086aa80d0c07f9cea76395dc17f1a5598d3174ebf213846,d3c228640ae8c7a1d7365eb62a16a5bae5fb9daea7a6ea02052aa6f4ec186374,8bc1dcab2c0ba02b93626bff75820d906f1360aa6dbb3e022455dfb123db8147
thermal_relaxation_01,thermal_relaxation,1,8,3,thermal_relaxation_01_r1_n8_b3,data/problems/evaluation/thermal_relaxation_01_r1_n8_b3.npz,-10.12040263360102,-2.577147502643336,10.12096127387501,10.12096127387501,10.129356920472656,10.129356920472658,56,512438923846a6ec4c97c9a93ae9037ab65bf99a312d2523cd299cf022e94f8d,e3060707269470d51d924d6669b11848aa4d1451bad1eb2b2c8d776d0068c334,a9c061a30dca7414b32f14ba5e947aa12eef7dc3044187e990a50e63e36f4c0c
thermal_relaxation_01,thermal_relaxation,1,10,3,thermal_relaxation_01_r1_n10_b3,data/problems/evaluation/thermal_relaxation_01_r1_n10_b3.npz,-10.12040263360102,-2.577147502643336,10.12096127387501,10.12096127387501,10.129356920472656,10.129356920472658,120,512438923846a6ec4c97c9a93ae9037ab65bf99a312d2523cd299cf022e94f8d,e3060707269470d51d924d6669b11848aa4d1451bad1eb2b2c8d776d0068c334,fdcf0d1680c4fd3a018510bbace482449d36f0041c479f7a15852ab0347e9d7f
thermal_relaxation_01,thermal_relaxation,1,12,3,thermal_relaxation_01_r1_n12_b3,data/problems/evaluation/thermal_relaxation_01_r1_n12_b3.npz,-10.130179237907253,-2.577147502643336,10.129356920472656,10.129356920472656,10.129356920472656,10.129356920472658,220,512438923846a6ec4c97c9a93ae9037ab65bf99a312d2523cd299cf022e94f8d,e3060707269470d51d924d6669b11848aa4d1451bad1eb2b2c8d776d0068c334,da1c72f7a6c2efe98d80e67e94fa72293a13487b0e80aebfc0d6e36a00899900
thermal_relaxation_01,thermal_relaxation,1,14,3,thermal_relaxation_01_r1_n14_b3,data/problems/evaluation/thermal_relaxation_01_r1_n14_b3.npz,-10.130179237907253,-2.577147502643336,10.129356920472656,10.129356920472656,10.129356920472656,10.129356920472658,364,512438923846a6ec4c97c9a93ae9037ab65bf99a312d2523cd299cf022e94f8d,e3060707269470d51d924d6669b11848aa4d1451bad1eb2b2c8d776d0068c334,eda054d0810cc3b8fde68a9ad6bfb6bb49fd92b2282c86f864686ede11a08141
thermal_relaxation_01,thermal_relaxation,1,14,5,thermal_relaxation_01_r1_n14_b5,data/problems/evaluation/thermal_relaxation_01_r1_n14_b5.npz,-16.06360970019611,-1.3333809558169545,16.064533349017385,16.064533349017385,15.715660793488976,,2002,512438923846a6ec4c97c9a93ae9037ab65bf99a312d2523cd299cf022e94f8d,e3060707269470d51d924d6669b11848aa4d1451bad1eb2b2c8d776d0068c334,9e258d511446f3f113462884713c8132f5e581dc9415f3f58922d4628124ae80
thermal_relaxation_01,thermal_relaxation,2,8,3,thermal_relaxation_01_r2_n8_b3,data/problems/evaluation/thermal_relaxation_01_r2_n8_b3.npz,-9.215531253516666,-3.5386109592860855,9.215678007404565,9.215678007404565,9.215678007404565,9.215678007404565,56,f4b479df87b7c6f5ec6e9b1ad886165424ea78719d64a53ea76332f6a7659e62,455fd063854694e593f1500ee7d5d67a87e184cc7c1a92bcf0628d61aba52527,78742bf96098a64ee455558e6f68e963a5dc3153154f4e16f1f88c1ecc7f86ea
thermal_relaxation_01,thermal_relaxation,2,10,3,thermal_relaxation_01_r2_n10_b3,data/problems/evaluation/thermal_relaxation_01_r2_n10_b3.npz,-9.215531253516666,-2.9416365482762608,9.215678007404565,9.215678007404565,9.215678007404565,9.215678007404565,120,f4b479df87b7c6f5ec6e9b1ad886165424ea78719d64a53ea76332f6a7659e62,455fd063854694e593f1500ee7d5d67a87e184cc7c1a92bcf0628d61aba52527,e166fce0e6c34846ef7256e9769ecb373036741023e907957e9c07864b6014ce
thermal_relaxation_01,thermal_relaxation,2,12,3,thermal_relaxation_01_r2_n12_b3,data/problems/evaluation/thermal_relaxation_01_r2_n12_b3.npz,-9.215531253516666,-2.0191270951202,9.215678007404565,9.215678007404565,9.215678007404565,9.215678007404565,220,f4b479df87b7c6f5ec6e9b1ad886165424ea78719d64a53ea76332f6a7659e62,455fd063854694e593f1500ee7d5d67a87e184cc7c1a92bcf0628d61aba52527,c507b5ee74d5d499a9d995714597bf0f2b74b38ec8533072a647d6963a5952d7
thermal_relaxation_01,thermal_relaxation,2,14,3,thermal_relaxation_01_r2_n14_b3,data/problems/evaluation/thermal_relaxation_01_r2_n14_b3.npz,-9.215531253516666,-2.0191270951202,9.215678007404565,9.215678007404565,9.215678007404565,9.215678007404565,364,f4b479df87b7c6f5ec6e9b1ad886165424ea78719d64a53ea76332f6a7659e62,455fd063854694e593f1500ee7d5d67a87e184cc7c1a92bcf0628d61aba52527,c40d13f7dae4b1e07c4a316137f05debae632cef7ea90a468021b0fa1a72367a
thermal_relaxation_01,thermal_relaxation,2,14,5,thermal_relaxation_01_r2_n14_b5,data/problems/evaluation/thermal_relaxation_01_r2_n14_b5.npz,-12.606649698781997,2.4529737857099327,12.926455074062678,12.888293500177484,14.092177094381896,,2002,f4b479df87b7c6f5ec6e9b1ad886165424ea78719d64a53ea76332f6a7659e62,455fd063854694e593f1500ee7d5d67a87e184cc7c1a92bcf0628d61aba52527,1f27313452312d291efc8ac6ccb7c4ed403394bd379d3a7552544984a664a172
thermal_relaxation_02,thermal_relaxation,0,8,3,thermal_relaxation_02_r0_n8_b3,data/problems/evaluation/thermal_relaxation_02_r0_n8_b3.npz,-10.176056453244186,-3.704516552416745,11.115074775162398,11.115074775162398,13.81405754849469,13.814057548494688,56,3a5aea9b41589cc126150b02ae6139884ec05c930382137e51e51f73a2c06800,812a0f0cd3a2de95ffde175efb26ead5be48abc9a67fb1f945a00149f9bbd8ca,33f1135707a198a94fd73a173222008963797012a3a7656dbc2383a98288a846
thermal_relaxation_02,thermal_relaxation,0,10,3,thermal_relaxation_02_r0_n10_b3,data/problems/evaluation/thermal_relaxation_02_r0_n10_b3.npz,-12.806995395974413,-3.704516552416745,12.942530621653683,12.942530621653683,13.81405754849469,13.814057548494688,120,3a5aea9b41589cc126150b02ae6139884ec05c930382137e51e51f73a2c06800,812a0f0cd3a2de95ffde175efb26ead5be48abc9a67fb1f945a00149f9bbd8ca,5e6ca58de510f78e3cad5482e5e17fa30502794fd9f724a53090e8a12cc3e7c8
thermal_relaxation_02,thermal_relaxation,0,12,3,thermal_relaxation_02_r0_n12_b3,data/problems/evaluation/thermal_relaxation_02_r0_n12_b3.npz,-13.791796245040699,-3.704516552416745,13.81405754849469,13.81405754849469,13.81405754849469,13.814057548494688,220,3a5aea9b41589cc126150b02ae6139884ec05c930382137e51e51f73a2c06800,812a0f0cd3a2de95ffde175efb26ead5be48abc9a67fb1f945a00149f9bbd8ca,468c9769402d66a148d5359c4b7b07d11f2dc2630bc76954d0e2cde5da0023fa
thermal_relaxation_02,thermal_relaxation,0,14,3,thermal_relaxation_02_r0_n14_b3,data/problems/evaluation/thermal_relaxation_02_r0_n14_b3.npz,-13.791796245040699,-3.704516552416745,13.81405754849469,13.81405754849469,13.81405754849469,13.814057548494688,364,3a5aea9b41589cc126150b02ae6139884ec05c930382137e51e51f73a2c06800,812a0f0cd3a2de95ffde175efb26ead5be48abc9a67fb1f945a00149f9bbd8ca,b42ccb70c79cbd655ad0af45918388abac092f40023eacf877bffb9449f26e27
thermal_relaxation_02,thermal_relaxation,0,14,5,thermal_relaxation_02_r0_n14_b5,data/problems/evaluation/thermal_relaxation_02_r0_n14_b5.npz,-18.339765967919366,9.805282854164552,19.47430496643291,19.466830028021054,20.35301124042309,,2002,3a5aea9b41589cc126150b02ae6139884ec05c930382137e51e51f73a2c06800,812a0f0cd3a2de95ffde175efb26ead5be48abc9a67fb1f945a00149f9bbd8ca,7395b2b4729a33d9eb37ce59c62f1e136d19ed81801c4aab28167a37220e3b39
thermal_relaxation_02,thermal_relaxation,1,8,3,thermal_relaxation_02_r1_n8_b3,data/problems/evaluation/thermal_relaxation_02_r1_n8_b3.npz,-9.442224089930466,-4.456579188728705,9.442041072063482,9.442041072063482,9.435047018413048,9.442041072063482,56,889a8b1e57e12fe387f6a4ef3da694a9bf5abfb1e72077ec3a45860541c62864,a80e21a031fd693ec4f972c307408f9f8d1251b6df20600a62559eb8a8a7fa80,410f2d983f229e08f78aa317fb0d002a1b7cff88241d9f247d35bbb568064e4b
thermal_relaxation_02,thermal_relaxation,1,10,3,thermal_relaxation_02_r1_n10_b3,data/problems/evaluation/thermal_relaxation_02_r1_n10_b3.npz,-9.442224089930466,-3.555652585229188,9.442041072063482,9.442041072063482,9.435047018413048,9.442041072063482,120,889a8b1e57e12fe387f6a4ef3da694a9bf5abfb1e72077ec3a45860541c62864,a80e21a031fd693ec4f972c307408f9f8d1251b6df20600a62559eb8a8a7fa80,b1c6bff5d2679e286c7298f83657900c8b611b8d55b25b3c066055ec32abd0e2
thermal_relaxation_02,thermal_relaxation,1,12,3,thermal_relaxation_02_r1_n12_b3,data/problems/evaluation/thermal_relaxation_02_r1_n12_b3.npz,-9.442224089930466,-3.555652585229188,9.442041072063482,9.442041072063482,9.435047018413048,9.442041072063482,220,889a8b1e57e12fe387f6a4ef3da694a9bf5abfb1e72077ec3a45860541c62864,a80e21a031fd693ec4f972c307408f9f8d1251b6df20600a62559eb8a8a7fa80,740900b2e5f20204fab870dc2893342d2a9d00025fc4ca2e1560952fcd338974
thermal_relaxation_02,thermal_relaxation,1,14,3,thermal_relaxation_02_r1_n14_b3,data/problems/evaluation/thermal_relaxation_02_r1_n14_b3.npz,-9.442224089930466,-3.555652585229188,9.442041072063482,9.442041072063482,9.435047018413048,9.442041072063482,364,889a8b1e57e12fe387f6a4ef3da694a9bf5abfb1e72077ec3a45860541c62864,a80e21a031fd693ec4f972c307408f9f8d1251b6df20600a62559eb8a8a7fa80,037fdc8ace0e697e5bae82fe20fa9058597780bcada7454b03aa902ee92144c9
thermal_relaxation_02,thermal_relaxation,1,14,5,thermal_relaxation_02_r1_n14_b5,data/problems/evaluation/thermal_relaxation_02_r1_n14_b5.npz,-14.324167020043337,-2.9238133688429286,14.335319068355874,14.321277749386324,14.506562463507741,,2002,889a8b1e57e12fe387f6a4ef3da694a9bf5abfb1e72077ec3a45860541c62864,a80e21a031fd693ec4f972c307408f9f8d1251b6df20600a62559eb8a8a7fa80,f908e07e5feb964a322cfd2e5bcd166c72b4243957bd5d9fab80b5f57f86fac9
thermal_relaxation_02,thermal_relaxation,2,8,3,thermal_relaxation_02_r2_n8_b3,data/problems/evaluation/thermal_relaxation_02_r2_n8_b3.npz,-7.881934252290569,-2.7041125372495305,7.899375946414538,7.899375946414538,8.084396996735023,8.084396996735023,56,83bb368d4b7047cca19a5da03c188348346e6c5b156d19e75cb12ab66b8d52c7,04ec73abd01b32e280dec33aa5278db27b522fec0a51bf7c8ad368268e004cbf,17805f37874c2816fdd4fec3bf598b793e7792501604be80d58a7d58ffeaef91
thermal_relaxation_02,thermal_relaxation,2,10,3,thermal_relaxation_02_r2_n10_b3,data/problems/evaluation/thermal_relaxation_02_r2_n10_b3.npz,-7.881934252290569,-2.075442048925507,7.899375946414538,7.899375946414538,8.084396996735023,8.084396996735023,120,83bb368d4b7047cca19a5da03c188348346e6c5b156d19e75cb12ab66b8d52c7,04ec73abd01b32e280dec33aa5278db27b522fec0a51bf7c8ad368268e004cbf,3136518e0e9feac33c9f805f43f902d95d9ddf12a20567ead30c0b659d61de6d
thermal_relaxation_02,thermal_relaxation,2,12,3,thermal_relaxation_02_r2_n12_b3,data/problems/evaluation/thermal_relaxation_02_r2_n12_b3.npz,-8.083602254689527,-2.075442048925507,8.084396996735023,8.084396996735023,8.084396996735023,8.084396996735023,220,83bb368d4b7047cca19a5da03c188348346e6c5b156d19e75cb12ab66b8d52c7,04ec73abd01b32e280dec33aa5278db27b522fec0a51bf7c8ad368268e004cbf,a5a844a0cdba822d3b5dc929926b2cd1d1d4ce7abf0cb77a5f65e0d37c790800
thermal_relaxation_02,thermal_relaxation,2,14,3,thermal_relaxation_02_r2_n14_b3,data/problems/evaluation/thermal_relaxation_02_r2_n14_b3.npz,-8.083602254689527,-2.075442048925507,8.084396996735023,8.084396996735023,8.084396996735023,8.084396996735023,364,83bb368d4b7047cca19a5da03c188348346e6c5b156d19e75cb12ab66b8d52c7,04ec73abd01b32e280dec33aa5278db27b522fec0a51bf7c8ad368268e004cbf,f305dbb95c8c4c54ef290403f120167b8281416688039b9bd5c7d8cb3650cdac
thermal_relaxation_02,thermal_relaxation,2,14,5,thermal_relaxation_02_r2_n14_b5,data/problems/evaluation/thermal_relaxation_02_r2_n14_b5.npz,-11.601369745786975,1.916249132145797,11.16656830047267,11.112806522057733,12.41765263654433,,2002,83bb368d4b7047cca19a5da03c188348346e6c5b156d19e75cb12ab66b8d52c7,04ec73abd01b32e280dec33aa5278db27b522fec0a51bf7c8ad368268e004cbf,d9899301114a961d3a5d59f7661e072bc5687bf9a842ce8624c1eb401649feb3
thermal_relaxation_03,thermal_relaxation,0,8,3,thermal_relaxation_03_r0_n8_b3,data/problems/evaluation/thermal_relaxation_03_r0_n8_b3.npz,-10.359882978179936,-3.4225599862654184,10.35982446289376,10.35982446289376,10.903512736239913,10.903512736239916,56,f002f2ea37988c6ca597f243075acc9158ccff380ac77d14be57e3e333126db7,9d34ac417d9f5e0888981e12b8367e5483498fda31d0abef4fe9a3f40fd365e8,b75c0338db22e894786b1d3499b0f65431fb48a2b313dcb9595b12bdeffef89f
thermal_relaxation_03,thermal_relaxation,0,10,3,thermal_relaxation_03_r0_n10_b3,data/problems/evaluation/thermal_relaxation_03_r0_n10_b3.npz,-10.903512069304698,-3.4225599862654184,10.903512736239913,10.903512736239913,10.903512736239913,10.903512736239916,120,f002f2ea37988c6ca597f243075acc9158ccff380ac77d14be57e3e333126db7,9d34ac417d9f5e0888981e12b8367e5483498fda31d0abef4fe9a3f40fd365e8,0e692ca5bcb364d0a9033ac07e5143e1aa02c11b70a59360bab5ba5d6ab56694
thermal_relaxation_03,thermal_relaxation,0,12,3,thermal_relaxation_03_r0_n12_b3,data/problems/evaluation/thermal_relaxation_03_r0_n12_b3.npz,-10.903512069304698,-3.4225599862654184,10.903512736239913,10.903512736239913,10.903512736239913,10.903512736239916,220,f002f2ea37988c6ca597f243075acc9158ccff380ac77d14be57e3e333126db7,9d34ac417d9f5e0888981e12b8367e5483498fda31d0abef4fe9a3f40fd365e8,c273e59d9922dd941725f8335ed5da64869f12a607ac67a88c34d718951b3e2a
thermal_relaxation_03,thermal_relaxation,0,14,3,thermal_relaxation_03_r0_n14_b3,data/problems/evaluation/thermal_relaxation_03_r0_n14_b3.npz,-10.903512069304698,-3.4225599862654184,10.903512736239913,10.903512736239913,10.903512736239913,10.903512736239916,364,f002f2ea37988c6ca597f243075acc9158ccff380ac77d14be57e3e333126db7,9d34ac417d9f5e0888981e12b8367e5483498fda31d0abef4fe9a3f40fd365e8,3327062bed379f07e12f59a04c4a04d1fe4565294f2320914bb39c68f6598156
thermal_relaxation_03,thermal_relaxation,0,14,5,thermal_relaxation_03_r0_n14_b5,data/problems/evaluation/thermal_relaxation_03_r0_n14_b5.npz,-16.815557392545184,-3.146618245463868,16.815138696093996,16.815138696093996,16.81513869609399,,2002,f002f2ea37988c6ca597f243075acc9158ccff380ac77d14be57e3e333126db7,9d34ac417d9f5e0888981e12b8367e5483498fda31d0abef4fe9a3f40fd365e8,906752a8853bf0f39ca5df003bec494a1fa6d8d701827c42a6bf3fea376dd323
thermal_relaxation_03,thermal_relaxation,1,8,3,thermal_relaxation_03_r1_n8_b3,data/problems/evaluation/thermal_relaxation_03_r1_n8_b3.npz,-8.511322685352848,-2.336828981810238,7.337098500851229,7.337098500851229,9.53195465171407,9.53195465171407,56,9175dbf0f174905665cfa51afbbb37f65437a1bd61c3ff088b7dce8e38fcaf36,4743b7b191afa65e97f14747ba026b3635d1805e0700e8061d33a0918bc4b1b1,bff4b9aee54b23b20cdbd57f5dd5f8e8dd0ed4b6408ae7fb6c72b97b8f28850c
thermal_relaxation_03,thermal_relaxation,1,10,3,thermal_relaxation_03_r1_n10_b3,data/problems/evaluation/thermal_relaxation_03_r1_n10_b3.npz,-8.517790565286825,-2.336828981810238,7.411279767072723,7.411279767072723,9.53195465171407,9.53195465171407,120,9175dbf0f174905665cfa51afbbb37f65437a1bd61c3ff088b7dce8e38fcaf36,4743b7b191afa65e97f14747ba026b3635d1805e0700e8061d33a0918bc4b1b1,7f5cba42c2226a09f39cb9cf2ad15bb400bf5c70556b925592726eab894ee9b7
thermal_relaxation_03,thermal_relaxation,1,12,3,thermal_relaxation_03_r1_n12_b3,data/problems/evaluation/thermal_relaxation_03_r1_n12_b3.npz,-9.531697850329184,-2.336828981810238,9.53195465171407,9.53195465171407,9.53195465171407,9.53195465171407,220,9175dbf0f174905665cfa51afbbb37f65437a1bd61c3ff088b7dce8e38fcaf36,4743b7b191afa65e97f14747ba026b3635d1805e0700e8061d33a0918bc4b1b1,d2ada725e6bcb78a1bcc6716a255044180ce6e5dbdf6d2d22b17d65dfbacdbbe
thermal_relaxation_03,thermal_relaxation,1,14,3,thermal_relaxation_03_r1_n14_b3,data/problems/evaluation/thermal_relaxation_03_r1_n14_b3.npz,-9.531697850329184,-2.336828981810238,9.53195465171407,9.53195465171407,9.53195465171407,9.53195465171407,364,9175dbf0f174905665cfa51afbbb37f65437a1bd61c3ff088b7dce8e38fcaf36,4743b7b191afa65e97f14747ba026b3635d1805e0700e8061d33a0918bc4b1b1,4eea7269c2676d0fd0f7e2afe7a3c5e6db700814b901da4e31ae1fadd7491203
thermal_relaxation_03,thermal_relaxation,1,14,5,thermal_relaxation_03_r1_n14_b5,data/problems/evaluation/thermal_relaxation_03_r1_n14_b5.npz,-14.664045884085697,6.477956556142956,14.215974189269897,14.215974189269897,14.853817546605462,,2002,9175dbf0f174905665cfa51afbbb37f65437a1bd61c3ff088b7dce8e38fcaf36,4743b7b191afa65e97f14747ba026b3635d1805e0700e8061d33a0918bc4b1b1,d8e5d73638f7af08e4f9f2a429457221488484b500c03cbf65da5b563f33eca7
thermal_relaxation_03,thermal_relaxation,2,8,3,thermal_relaxation_03_r2_n8_b3,data/problems/evaluation/thermal_relaxation_03_r2_n8_b3.npz,-8.118153095088285,-2.204033027361554,8.117151021116955,8.117151021116955,8.246549210184135,8.246549210184135,56,537ff766be91e83f663c627efc8e493ac2ba384fba3bf8f6f0b68eef110cdb55,5a4bd2c553f6f98fedc3b09f687755bb5b7736eff9b4609a22ea396247fcdb98,b02d5d9cafcb0aefb5e54368c139fe1aa856a9f3f8f683c6e175ec73dc975c43
thermal_relaxation_03,thermal_relaxation,2,10,3,thermal_relaxation_03_r2_n10_b3,data/problems/evaluation/thermal_relaxation_03_r2_n10_b3.npz,-8.118153095088285,-2.204033027361554,8.117151021116955,8.117151021116955,8.246549210184135,8.246549210184135,120,537ff766be91e83f663c627efc8e493ac2ba384fba3bf8f6f0b68eef110cdb55,5a4bd2c553f6f98fedc3b09f687755bb5b7736eff9b4609a22ea396247fcdb98,a2bf03e84b0628a50390f0b763fb7be4454792bc2c7df7d1e0555c9ac6698905
thermal_relaxation_03,thermal_relaxation,2,12,3,thermal_relaxation_03_r2_n12_b3,data/problems/evaluation/thermal_relaxation_03_r2_n12_b3.npz,-8.118153095088285,-2.0045588035074537,8.117151021116955,8.117151021116955,8.246549210184135,8.246549210184135,220,537ff766be91e83f663c627efc8e493ac2ba384fba3bf8f6f0b68eef110cdb55,5a4bd2c553f6f98fedc3b09f687755bb5b7736eff9b4609a22ea396247fcdb98,5ca50808e53ef6cc76c994e4de36762270d6226b0046d0b64e6fe963572b0e4b
thermal_relaxation_03,thermal_relaxation,2,14,3,thermal_relaxation_03_r2_n14_b3,data/problems/evaluation/thermal_relaxation_03_r2_n14_b3.npz,-8.155183725660493,-2.0045588035074537,8.155048137355571,8.155048137355571,8.246549210184135,8.246549210184135,364,537ff766be91e83f663c627efc8e493ac2ba384fba3bf8f6f0b68eef110cdb55,5a4bd2c553f6f98fedc3b09f687755bb5b7736eff9b4609a22ea396247fcdb98,625737a040c05f922b0b98664af37fe59f67062403ad46f6e0209345b1df09fe
thermal_relaxation_03,thermal_relaxation,2,14,5,thermal_relaxation_03_r2_n14_b5,data/problems/evaluation/thermal_relaxation_03_r2_n14_b5.npz,-11.884076667244127,1.654620859777248,10.90361772682676,10.90361772682676,12.551498734138075,,2002,537ff766be91e83f663c627efc8e493ac2ba384fba3bf8f6f0b68eef110cdb55,5a4bd2c553f6f98fedc3b09f687755bb5b7736eff9b4609a22ea396247fcdb98,6263e74dbcc311f910260e666032c45867a8a16e27ce80964276c116563a0ccf
thermal_relaxation_04,thermal_relaxation,0,8,3,thermal_relaxation_04_r0_n8_b3,data/problems/evaluation/thermal_relaxation_04_r0_n8_b3.npz,-11.044061569945644,-5.117407411431012,11.046816530030027,11.046816530030027,11.574986041986381,11.574986041986381,56,acfcd3f7fe2b82ba2f856901086b9a4caa94157e572a47b7a3ea07da2d4c48b4,0bfdfd533b0619a8ee309d98cbef42d18305dc727299622fa554527fdca69e62,4e0b4e88355f6071c2e38da9c0baff69901a53c9cc7b13a35ff2a27aa044c9af
thermal_relaxation_04,thermal_relaxation,0,10,3,thermal_relaxation_04_r0_n10_b3,data/problems/evaluation/thermal_relaxation_04_r0_n10_b3.npz,-11.575066058612428,-3.8098386040357024,11.574986041986381,11.574986041986381,11.574986041986381,11.574986041986381,120,acfcd3f7fe2b82ba2f856901086b9a4caa94157e572a47b7a3ea07da2d4c48b4,0bfdfd533b0619a8ee309d98cbef42d18305dc727299622fa554527fdca69e62,2de26857fd91a5a75eac31afc3b4f9a3f8f0d0c9e09d3098e68da468d36ed9d8
thermal_relaxation_04,thermal_relaxation,0,12,3,thermal_relaxation_04_r0_n12_b3,data/problems/evaluation/thermal_relaxation_04_r0_n12_b3.npz,-11.575066058612428,-3.8098386040357024,11.574986041986381,11.574986041986381,11.574986041986381,11.574986041986381,220,acfcd3f7fe2b82ba2f856901086b9a4caa94157e572a47b7a3ea07da2d4c48b4,0bfdfd533b0619a8ee309d98cbef42d18305dc727299622fa554527fdca69e62,2b1e0b1b6f333688db41338d9d85d186ac68cd52c3e27c6b530f4a60b7a568f4
thermal_relaxation_04,thermal_relaxation,0,14,3,thermal_relaxation_04_r0_n14_b3,data/problems/evaluation/thermal_relaxation_04_r0_n14_b3.npz,-11.575066058612428,-3.8098386040357024,11.574986041986381,11.574986041986381,11.574986041986381,11.574986041986381,364,acfcd3f7fe2b82ba2f856901086b9a4caa94157e572a47b7a3ea07da2d4c48b4,0bfdfd533b0619a8ee309d98cbef42d18305dc727299622fa554527fdca69e62,5c290a538a71f126e654fb2dd044203728e02ef6880b74a46c527afa37b65e8a
thermal_relaxation_04,thermal_relaxation,0,14,5,thermal_relaxation_04_r0_n14_b5,data/problems/evaluation/thermal_relaxation_04_r0_n14_b5.npz,-17.572587312548315,-3.4001436864368095,17.5835528997433,17.5835528997433,17.84457320586119,,2002,acfcd3f7fe2b82ba2f856901086b9a4caa94157e572a47b7a3ea07da2d4c48b4,0bfdfd533b0619a8ee309d98cbef42d18305dc727299622fa554527fdca69e62,71b4d9a5d150bfb1354accb6f157b2c384b70d80360604ba006973ca7281cf3b
thermal_relaxation_04,thermal_relaxation,1,8,3,thermal_relaxation_04_r1_n8_b3,data/problems/evaluation/thermal_relaxation_04_r1_n8_b3.npz,-9.170933779872449,-4.949885818702304,9.170931290318876,9.170931290318876,9.170931290318876,9.170931290318876,56,fbe3e08f5786ad7862d5c43378d03f0a2f4e1bea8809ed39519f7582cd45abfd,058130f552da15e4f16cae4e43bd53bfaafc9e31b1cb81fd77a17f7d120336ac,8f8fd4ee25caf42b5760e46ac2cc6c08c1a27be09ef40519c8519d9fe4283c66
thermal_relaxation_04,thermal_relaxation,1,10,3,thermal_relaxation_04_r1_n10_b3,data/problems/evaluation/thermal_relaxation_04_r1_n10_b3.npz,-9.170933779872449,-2.7864945828408665,9.170931290318876,9.170931290318876,9.170931290318876,9.170931290318876,120,fbe3e08f5786ad7862d5c43378d03f0a2f4e1bea8809ed39519f7582cd45abfd,058130f552da15e4f16cae4e43bd53bfaafc9e31b1cb81fd77a17f7d120336ac,f66cf66157f069847b79714c3d0709d83b138afe6be16a4e342654657c0e3617
thermal_relaxation_04,thermal_relaxation,1,12,3,thermal_relaxation_04_r1_n12_b3,data/problems/evaluation/thermal_relaxation_04_r1_n12_b3.npz,-9.170933779872449,-2.4175086642603905,9.170931290318876,9.170931290318876,9.170931290318876,9.170931290318876,220,fbe3e08f5786ad7862d5c43378d03f0a2f4e1bea8809ed39519f7582cd45abfd,058130f552da15e4f16cae4e43bd53bfaafc9e31b1cb81fd77a17f7d120336ac,91a51a08f02c55174c55d0875b29bf3f3a512fa3dea22e1ee28c7ce419569a67
thermal_relaxation_04,thermal_relaxation,1,14,3,thermal_relaxation_04_r1_n14_b3,data/problems/evaluation/thermal_relaxation_04_r1_n14_b3.npz,-9.170933779872449,-2.4175086642603905,9.170931290318876,9.170931290318876,9.170931290318876,9.170931290318876,364,fbe3e08f5786ad7862d5c43378d03f0a2f4e1bea8809ed39519f7582cd45abfd,058130f552da15e4f16cae4e43bd53bfaafc9e31b1cb81fd77a17f7d120336ac,1141a3241a4d879234fd78df6c91e94fd68fbfa0d64c6aaf1102d937e6020c89
thermal_relaxation_04,thermal_relaxation,1,14,5,thermal_relaxation_04_r1_n14_b5,data/problems/evaluation/thermal_relaxation_04_r1_n14_b5.npz,-14.311756213927369,0.07347853828498252,14.178579968128624,14.178579968128624,14.268854616206927,,2002,fbe3e08f5786ad7862d5c43378d03f0a2f4e1bea8809ed39519f7582cd45abfd,058130f552da15e4f16cae4e43bd53bfaafc9e31b1cb81fd77a17f7d120336ac,b0ccedde3ca0e5ba877f5f3af9e1222b5919ed330896f06e69df665b2f4b94a4
thermal_relaxation_04,thermal_relaxation,2,8,3,thermal_relaxation_04_r2_n8_b3,data/problems/evaluation/thermal_relaxation_04_r2_n8_b3.npz,-4.556020992338729,-2.1308629216544333,5.415330390832399,5.407113869546168,7.774551338523271,7.7745513385232705,56,2f34f284321e2b51e6946132bc925a01cb551c35da4de8720e59d40fe4f3497b,566fdd33651ca05a7502279ec9bb25c61b1c9ad972581e1963dece682293807d,ab0649da7ed93fe63e0a4fdea77b6ebda6e67a5619b5af90f75360b5050c17e9
thermal_relaxation_04,thermal_relaxation,2,10,3,thermal_relaxation_04_r2_n10_b3,data/problems/evaluation/thermal_relaxation_04_r2_n10_b3.npz,-7.0519753279080115,-2.1308629216544333,6.770175535103155,6.707318882859633,7.774551338523271,7.7745513385232705,120,2f34f284321e2b51e6946132bc925a01cb551c35da4de8720e59d40fe4f3497b,566fdd33651ca05a7502279ec9bb25c61b1c9ad972581e1963dece682293807d,0e0681ad3be8ec7fa4dc1f369b82e8603adfa57f2a369924734375cf326b1e05
thermal_relaxation_04,thermal_relaxation,2,12,3,thermal_relaxation_04_r2_n12_b3,data/problems/evaluation/thermal_relaxation_04_r2_n12_b3.npz,-7.77425160221189,-2.1308629216544333,7.7745513385232705,7.7745513385232705,7.774551338523271,7.7745513385232705,220,2f34f284321e2b51e6946132bc925a01cb551c35da4de8720e59d40fe4f3497b,566fdd33651ca05a7502279ec9bb25c61b1c9ad972581e1963dece682293807d,c00347604ec50fd9916ee4cc129507411db8c1d338eda469007b4d8fdca63ab8
thermal_relaxation_04,thermal_relaxation,2,14,3,thermal_relaxation_04_r2_n14_b3,data/problems/evaluation/thermal_relaxation_04_r2_n14_b3.npz,-7.77425160221189,-2.064347380521564,7.7745513385232705,7.7745513385232705,7.774551338523271,7.7745513385232705,364,2f34f284321e2b51e6946132bc925a01cb551c35da4de8720e59d40fe4f3497b,566fdd33651ca05a7502279ec9bb25c61b1c9ad972581e1963dece682293807d,6973eb77b23adc55393a479613c9eeb8de7974f432d3a6b7aa2b117ca8633bd1
thermal_relaxation_04,thermal_relaxation,2,14,5,thermal_relaxation_04_r2_n14_b5,data/problems/evaluation/thermal_relaxation_04_r2_n14_b5.npz,-11.207318389097923,7.046842609615066,10.926445652451887,10.861560267888061,12.10783501821841,,2002,2f34f284321e2b51e6946132bc925a01cb551c35da4de8720e59d40fe4f3497b,566fdd33651ca05a7502279ec9bb25c61b1c9ad972581e1963dece682293807d,f23ee1cee6ccd7443c7bd23f976130b22c713d0996ea74cec1e329fbd1c81966
dephasing_00,dephasing,0,8,3,dephasing_00_r0_n8_b3,data/problems/evaluation/dephasing_00_r0_n8_b3.npz,-13.21759748486718,-5.563241469257702,13.228692709478338,13.228692709478338,13.131457529758457,13.231907810699864,56,c83693dd83218d72781702299fba46786f8a442c95153331c32fe7cb703cf5a7,ac7fd2d8fe8857787f3aeb94f340baea40bf126460d59cf9ec39c17c53edc7ef,b7c102f4f6dc479081cc9d869d11a06c32108537f0e491f110cd95cb4484e6e7
dephasing_00,dephasing,0,10,3,dephasing_00_r0_n10_b3,data/problems/evaluation/dephasing_00_r0_n10_b3.npz,-13.222562851998754,-4.871859553768301,13.231907810699864,13.231907810699864,13.131457529758457,13.231907810699864,120,c83693dd83218d72781702299fba46786f8a442c95153331c32fe7cb703cf5a7,ac7fd2d8fe8857787f3aeb94f340baea40bf126460d59cf9ec39c17c53edc7ef,dd04da675a5c206d3af5c551986435f895ebf8eddabb398bbd2d3dccc091217b
dephasing_00,dephasing,0,12,3,dephasing_00_r0_n12_b3,data/problems/evaluation/dephasing_00_r0_n12_b3.npz,-13.222562851998756,-4.871859553768301,13.231907810699864,13.231907810699864,13.131457529758457,13.231907810699864,220,c83693dd83218d72781702299fba46786f8a442c95153331c32fe7cb703cf5a7,ac7fd2d8fe8857787f3aeb94f340baea40bf126460d59cf9ec39c17c53edc7ef,e96f9a59855fd438c034601042c3a740868ee69bc099750b81868a81f778ae46
dephasing_00,dephasing,0,14,3,dephasing_00_r0_n14_b3,data/problems/evaluation/dephasing_00_r0_n14_b3.npz,-13.222562851998756,-4.218975156409382,13.231907810699864,13.231907810699864,13.131457529758457,13.231907810699864,364,c83693dd83218d72781702299fba46786f8a442c95153331c32fe7cb703cf5a7,ac7fd2d8fe8857787f3aeb94f340baea40bf126460d59cf9ec39c17c53edc7ef,b75fdd1f69c303d8d2402ead2e602593bba4a2a41c30e8edf31c36375b414187
dephasing_00,dephasing,0,14,5,dephasing_00_r0_n14_b5,data/problems/evaluation/dephasing_00_r0_n14_b5.npz,-18.96835007458334,-0.21221917131385482,18.264070863697114,18.10936349354577,19.22890711659142,,2002,c83693dd83218d72781702299fba46786f8a442c95153331c32fe7cb703cf5a7,ac7fd2d8fe8857787f3aeb94f340baea40bf126460d59cf9ec39c17c53edc7ef,30e6105a290703a5513fac5206e3fa9f247a018e776f209ae829c8ce5769fdd6
dephasing_00,dephasing,1,8,3,dephasing_00_r1_n8_b3,data/problems/evaluation/dephasing_00_r1_n8_b3.npz,-8.731363519752307,-2.55969526812964,8.731805466934835,8.731805466934835,8.618050935905128,8.731805466934835,56,59c61e533e40881af38f8b5f1a8fc490f5858294d324f54870b1a28ea362f781,49c8527576897e3eeed77aa9681781a7102c4a052cae42a530cb3b1276c23a75,17555517a4925e08b90f231cd925078ee9af405c8c57fcb16623adf5ba91f1e1
dephasing_00,dephasing,1,10,3,dephasing_00_r1_n10_b3,data/problems/evaluation/dephasing_00_r1_n10_b3.npz,-8.731363519752307,-2.55969526812964,8.731805466934835,8.731805466934835,8.618050935905128,8.731805466934835,120,59c61e533e40881af38f8b5f1a8fc490f5858294d324f54870b1a28ea362f781,49c8527576897e3eeed77aa9681781a7102c4a052cae42a530cb3b1276c23a75,04268dea1d419f51f345bb91c26d6f7620608d60fa9ae6d3cba5c6eb5f1dea8f
dephasing_00,dephasing,1,12,3,dephasing_00_r1_n12_b3,data/problems/evaluation/dephasing_00_r1_n12_b3.npz,-8.731363519752307,-2.5233005428678776,8.731805466934835,8.731805466934835,8.618050935905128,8.731805466934835,220,59c61e533e40881af38f8b5f1a8fc490f5858294d324f54870b1a28ea362f781,49c8527576897e3eeed77aa9681781a7102c4a052cae42a530cb3b1276c23a75,9dd78d6784cef9ecc9e54eb0a98ff75520d7d5e00330844bc56e805431679831
dephasing_00,dephasing,1,14,3,dephasing_00_r1_n14_b3,data/problems/evaluation/dephasing_00_r1_n14_b3.npz,-8.731363519752307,-2.5233005428678776,8.731805466934835,8.731805466934835,8.618050935905128,8.731805466934835,364,59c61e533e40881af38f8b5f1a8fc490f5858294d324f54870b1a28ea362f781,49c8527576897e3eeed77aa9681781a7102c4a052cae42a530cb3b1276c23a75,55327139f98c6cb1fcf921a1765fa23538c6e291fb6f10d887d7df4a9e7fb184
dephasing_00,dephasing,1,14,5,dephasing_00_r1_n14_b5,data/problems/evaluation/dephasing_00_r1_n14_b5.npz,-13.961834191634757,1.0847339322874525,13.956345839147213,13.956345839147213,13.785950369372316,,2002,59c61e533e40881af38f8b5f1a8fc490f5858294d324f54870b1a28ea362f781,49c8527576897e3eeed77aa9681781a7102c4a052cae42a530cb3b1276c23a75,f8ecf5aa3763bd57403de7eae5b3a40c00dee700eac14320b1dc484d935e23c2
dephasing_00,dephasing,2,8,3,dephasing_00_r2_n8_b3,data/problems/evaluation/dephasing_00_r2_n8_b3.npz,-7.777907733558111,-2.132154954074478,7.777915377139824,7.777915377139824,7.777915377139824,7.777915377139823,56,ed97904631511cb4b48245d9d89e03f6822b6371a03c6c8cd530fb4c9767c449,9c31b2edfd1abfac67af6e629a374798c04e3baea0b64f7c9faa01d9ffb24e71,566bd7c93f07e3df112e49a60d2fafdbedc462be45d2d1f1802863502a8fed04
dephasing_00,dephasing,2,10,3,dephasing_00_r2_n10_b3,data/problems/evaluation/dephasing_00_r2_n10_b3.npz,-7.777907733558111,-2.132154954074478,7.777915377139824,7.777915377139824,7.777915377139824,7.777915377139823,120,ed97904631511cb4b48245d9d89e03f6822b6371a03c6c8cd530fb4c9767c449,9c31b2edfd1abfac67af6e629a374798c04e3baea0b64f7c9faa01d9ffb24e71,9b44ebf9839b3571fee9cc821820483d4a5512458efe3886fd68ac8422fec9fd
dephasing_00,dephasing,2,12,3,dephasing_00_r2_n12_b3,data/problems/evaluation/dephasing_00_r2_n12_b3.npz,-7.777907733558111,-2.132154954074478,7.777915377139824,7.777915377139824,7.777915377139824,7.777915377139823,220,ed97904631511cb4b48245d9d89e03f6822b6371a03c6c8cd530fb4c9767c449,9c31b2edfd1abfac67af6e629a374798c04e3baea0b64f7c9faa01d9ffb24e71,f2dceab9ec1c515585727d22837842f939bb8476ef15204b1ede953439faf661
dephasing_00,dephasing,2,14,3,dephasing_00_r2_n14_b3,data/problems/evaluation/dephasing_00_r2_n14_b3.npz,-7.777907733558111,-2.070672357045378,7.777915377139824,7.777915377139824,7.777915377139824,7.777915377139823,364,ed97904631511cb4b48245d9d89e03f6822b6371a03c6c8cd530fb4c9767c449,9c31b2edfd1abfac67af6e629a374798c04e3baea0b64f7c9faa01d9ffb24e71,034b0a634ea1463f9819de39bd8f0880900f337704222b9b594443e6d54d03b1
dephasing_00,dephasing,2,14,5,dephasing_00_r2_n14_b5,data/problems/evaluation/dephasing_00_r2_n14_b5.npz,-12.589217030896709,2.328271976441515,12.587603678917663,12.587603678917663,12.537408892124493,,2002,ed97904631511cb4b48245d9d89e03f6822b6371a03c6c8cd530fb4c9767c449,9c31b2edfd1abfac67af6e629a374798c04e3baea0b64f7c9faa01d9ffb24e71,b4a3442829c3592258ca8873a230a8534a3c628a351b951c61d41e1e9c745854
dephasing_01,dephasing,0,8,3,dephasing_01_r0_n8_b3,data/problems/evaluation/dephasing_01_r0_n8_b3.npz,-13.005698531823597,-7.830650531592796,13.0059209108234,13.0059209108234,13.0059209108234,13.005920910823397,56,7822657f74008d7856c71b1135d62501c67a8e8145c4d7e887c79d3efb82998e,ca4a1509b822b93736c228980572e58befa2262c5b216f21b57b447b5fce9ea7,74ee842f49c94cb72da93fbfcc4f1157f9e0807f733132f59512174464a3e0f4
dephasing_01,dephasing,0,10,3,dephasing_01_r0_n10_b3,data/problems/evaluation/dephasing_01_r0_n10_b3.npz,-13.005698531823597,-6.565901919338949,13.0059209108234,13.0059209108234,13.0059209108234,13.005920910823397,120,7822657f74008d7856c71b1135d62501c67a8e8145c4d7e887c79d3efb82998e,ca4a1509b822b93736c228980572e58befa2262c5b216f21b57b447b5fce9ea7,ad0eab8d0faad89bcf0fb5bef514027971b44e3a47e614bb514acded1f75c499
dephasing_01,dephasing,0,12,3,dephasing_01_r0_n12_b3,data/problems/evaluation/dephasing_01_r0_n12_b3.npz,-13.005698531823597,-6.565901919338949,13.0059209108234,13.0059209108234,13.0059209108234,13.005920910823397,220,7822657f74008d7856c71b1135d62501c67a8e8145c4d7e887c79d3efb82998e,ca4a1509b822b93736c228980572e58befa2262c5b216f21b57b447b5fce9ea7,e1e19490d1178fbaa60cb93bfef599466ad43379a21edc24c554ea78ccd2fcca
dephasing_01,dephasing,0,14,3,dephasing_01_r0_n14_b3,data/problems/evaluation/dephasing_01_r0_n14_b3.npz,-13.005698531823597,-3.4065552638253376,13.0059209108234,13.0059209108234,13.0059209108234,13.005920910823397,364,7822657f74008d7856c71b1135d62501c67a8e8145c4d7e887c79d3efb82998e,ca4a1509b822b93736c228980572e58befa2262c5b216f21b57b447b5fce9ea7,94ccb4f6cb78d73d62f328ba28cbe70ab3f3cca6606f134efd2936a93ea4c5f7
dephasing_01,dephasing,0,14,5,dephasing_01_r0_n14_b5,data/problems/evaluation/dephasing_01_r0_n14_b5.npz,-19.46978478121998,-5.188024970303617,19.486180153500136,19.486180153500136,19.73719704346597,,2002,7822657f74008d7856c71b1135d62501c67a8e8145c4d7e887c79d3efb82998e,ca4a1509b822b93736c228980572e58befa2262c5b216f21b57b447b5fce9ea7,8491feb05277bf4fb5c31d5ba76e9f85cab71337434c1258469d60ee4acd009e
dephasing_01,dephasing,1,8,3,dephasing_01_r1_n8_b3,data/problems/evaluation/dephasing_01_r1_n8_b3.npz,-10.765491653926674,-2.2939315257534343,10.813316858713707,10.813316858713707,10.833946707548657,10.833946707548657,56,26cc72ef86446e863ca8c3b62fc20b8f9cd0cee7d913eb613fa51a3dbbd91634,6d50bbfaf0b3c0c5e84dd46179a75ff341d0e02776e7d23a813cd92b7cae46ef,c46ebcbcfdcc962000c96015d55a35bbde7ff1ab88f429e04d5f667bf8e9d17a
dephasing_01,dephasing,1,10,3,dephasing_01_r1_n10_b3,data/problems/evaluation/dephasing_01_r1_n10_b3.npz,-10.765491653926674,-2.2939315257534343,10.813316858713707,10.813316858713707,10.833946707548657,10.833946707548657,120,26cc72ef86446e863ca8c3b62fc20b8f9cd0cee7d913eb613fa51a3dbbd91634,6d50bbfaf0b3c0c5e84dd46179a75ff341d0e02776e7d23a813cd92b7cae46ef,0f19258d4f1c7aff96ae00949b29683e5260a4f1ff4f20e33b9008e0b52b469d
dephasing_01,dephasing,1,12,3,dephasing_01_r1_n12_b3,data/problems/evaluation/dephasing_01_r1_n12_b3.npz,-10.833163718325132,-2.2939315257534343,10.833946707548657,10.833946707548657,10.833946707548657,10.833946707548657,220,26cc72ef86446e863ca8c3b62fc20b8f9cd0cee7d913eb613fa51a3dbbd91634,6d50bbfaf0b3c0c5e84dd46179a75ff341d0e02776e7d23a813cd92b7cae46ef,f4ad02b88c1441fda0332ed624ad7afa8746f5a4d14a10cab3bf56cedd96c6a5
dephasing_01,dephasing,1,14,3,dephasing_01_r1_n14_b3,data/problems/evaluation/dephasing_01_r1_n14_b3.npz,-10.833163718325132,-2.2939315257534343,10.833946707548657,10.833946707548657,10.833946707548657,10.833946707548657,364,26cc72ef86446e863ca8c3b62fc20b8f9cd0cee7d913eb613fa51a3dbbd91634,6d50bbfaf0b3c0c5e84dd46179a75ff341d0e02776e7d23a813cd92b7cae46ef,4de548742eedcb9e659f11ddc8f60cab244bb8378b4d9442a6bca45406ca84df
dephasing_01,dephasing,1,14,5,dephasing_01_r1_n14_b5,data/problems/evaluation/dephasing_01_r1_n14_b5.npz,-14.721238338310565,3.0498777862825257,12.307664202800181,12.246393253588558,16.578175271976367,,2002,26cc72ef86446e863ca8c3b62fc20b8f9cd0cee7d913eb613fa51a3dbbd91634,6d50bbfaf0b3c0c5e84dd46179a75ff341d0e02776e7d23a813cd92b7cae46ef,b032447aeff7f80e0f2c06b966139dd242412e96c8674b73d14ad2e24e858622
dephasing_01,dephasing,2,8,3,dephasing_01_r2_n8_b3,data/problems/evaluation/dephasing_01_r2_n8_b3.npz,-8.305844751789905,-4.298337227723726,8.304682439500827,8.304682439500827,8.304682439500827,8.304682439500827,56,f75a865e12de6011527462f1e2d9c354ca0f350a05b967a2026137e35056039b,4f3edf8508a3a22dbfc17151898b088d3871681e8eb5b06ee07d94d060cab4ea,8dd81d7872acebb8d444d35b3b9d1c23a852db5dcd397da8a3349da433c0c78b
dephasing_01,dephasing,2,10,3,dephasing_01_r2_n10_b3,data/problems/evaluation/dephasing_01_r2_n10_b3.npz,-8.305844751789905,-4.014581858974536,8.304682439500827,8.304682439500827,8.304682439500827,8.304682439500827,120,f75a865e12de6011527462f1e2d9c354ca0f350a05b967a2026137e35056039b,4f3edf8508a3a22dbfc17151898b088d3871681e8eb5b06ee07d94d060cab4ea,fa4419ac541f90299362411483713ae59aa8f6705d1bf171c5717bce9cc93b33
dephasing_01,dephasing,2,12,3,dephasing_01_r2_n12_b3,data/problems/evaluation/dephasing_01_r2_n12_b3.npz,-8.305844751789905,-2.186103708812672,8.304682439500827,8.304682439500827,8.304682439500827,8.304682439500827,220,f75a865e12de6011527462f1e2d9c354ca0f350a05b967a2026137e35056039b,4f3edf8508a3a22dbfc17151898b088d3871681e8eb5b06ee07d94d060cab4ea,5bbea28967e138d0306a5e2d2d11e55c2a0da0c6b7bd252576d324f67c33fd3c
dephasing_01,dephasing,2,14,3,dephasing_01_r2_n14_b3,data/problems/evaluation/dephasing_01_r2_n14_b3.npz,-8.305844751789905,-2.186103708812672,8.304682439500827,8.304682439500827,8.304682439500827,8.304682439500827,364,f75a865e12de6011527462f1e2d9c354ca0f350a05b967a2026137e35056039b,4f3edf8508a3a22dbfc17151898b088d3871681e8eb5b06ee07d94d060cab4ea,7882ea7894d73e97b6503bc347a71db85e8aad28e8894ba65c46acd04658f9db
dephasing_01,dephasing,2,14,5,dephasing_01_r2_n14_b5,data/problems/evaluation/dephasing_01_r2_n14_b5.npz,-13.000902799212628,-4.968890080871892,12.999549660923165,12.999549660923165,13.010731783873887,,2002,f75a865e12de6011527462f1e2d9c354ca0f350a05b967a2026137e35056039b,4f3edf8508a3a22dbfc17151898b088d3871681e8eb5b06ee07d94d060cab4ea,dcc98a05671e74c3fba74fb32e578e4a7a01807d3b76ce39aab2fdc584b2ed78
dephasing_02,dephasing,0,8,3,dephasing_02_r0_n8_b3,data/problems/evaluation/dephasing_02_r0_n8_b3.npz,-11.21970566912,-7.2983943470914365,11.219620032106555,11.219620032106555,11.219620032106555,11.219620032106555,56,110d40a390f14ea88129931c7aadab027d7d7ee7114378fcd7b4d489e8ea1f34,1077b262ebf64c963ce2c6a816b09a318a33a5474f8b8b7e6b03057b4af56d77,85027d1183dccad1488637b45dc9753b1408214ec598c73f584b0718d5dff160
dephasing_02,dephasing,0,10,3,dephasing_02_r0_n10_b3,data/problems/evaluation/dephasing_02_r0_n10_b3.npz,-11.21970566912,-7.2983943470914365,11.219620032106555,11.219620032106555,11.219620032106555,11.219620032106555,120,110d40a390f14ea88129931c7aadab027d7d7ee7114378fcd7b4d489e8ea1f34,1077b262ebf64c963ce2c6a816b09a318a33a5474f8b8b7e6b03057b4af56d77,7d288b8485e5153de915a078e8db3e6931eb3dabd9e4a4a5423d3645f4189b48
dephasing_02,dephasing,0,12,3,dephasing_02_r0_n12_b3,data/problems/evaluation/dephasing_02_r0_n12_b3.npz,-11.21970566912,-6.367621110696434,11.219620032106555,11.219620032106555,11.219620032106555,11.219620032106555,220,110d40a390f14ea88129931c7aadab027d7d7ee7114378fcd7b4d489e8ea1f34,1077b262ebf64c963ce2c6a816b09a318a33a5474f8b8b7e6b03057b4af56d77,4004da476ffcb6aed487decbe28bc5a554debd9fe3571aaa0f86031b218a1710
dephasing_02,dephasing,0,14,3,dephasing_02_r0_n14_b3,data/problems/evaluation/dephasing_02_r0_n14_b3.npz,-11.21970566912,-2.7099379000775645,11.219620032106555,11.219620032106555,11.219620032106555,11.219620032106555,364,110d40a390f14ea88129931c7aadab027d7d7ee7114378fcd7b4d489e8ea1f34,1077b262ebf64c963ce2c6a816b09a318a33a5474f8b8b7e6b03057b4af56d77,89f176a1b5d6ed0765b4aea0f2cae0ebd37e093e2dee94cafcac427ccbfa15b2
dephasing_02,dephasing,0,14,5,dephasing_02_r0_n14_b5,data/problems/evaluation/dephasing_02_r0_n14_b5.npz,-17.587071952672066,-7.03152132326467,17.595808098865362,17.595808098865362,17.595808098865362,,2002,110d40a390f14ea88129931c7aadab027d7d7ee7114378fcd7b4d489e8ea1f34,1077b262ebf64c963ce2c6a816b09a318a33a5474f8b8b7e6b03057b4af56d77,67c7e664477e9e49723897d587226af856b4c545a2d41b6b9e0b5bcd11a855cd
dephasing_02,dephasing,1,8,3,dephasing_02_r1_n8_b3,data/problems/evaluation/dephasing_02_r1_n8_b3.npz,-9.525095578844779,-2.5950093797448677,9.57330625152417,9.57330625152417,10.402380537883264,10.402380537883257,56,532ad178559b463344c9ca98a0ac0b4ecda3d58155e96c240f969391ddfcfd1c,a54cd8dce35bd9eface96e5d83a8f6205f438ecdf8cb7eed93de94268dce1dc6,19187d3dc7ad22175d0124875b9b840489f1f40841c026bb002d25fd3b982bd0
dephasing_02,dephasing,1,10,3,dephasing_02_r1_n10_b3,data/problems/evaluation/dephasing_02_r1_n10_b3.npz,-9.745523853647118,-2.409046845329666,9.803126551300373,9.803126551300373,10.402380537883264,10.402380537883257,120,532ad178559b463344c9ca98a0ac0b4ecda3d58155e96c240f969391ddfcfd1c,a54cd8dce35bd9eface96e5d83a8f6205f438ecdf8cb7eed93de94268dce1dc6,86ee5b4035109bfd6500685a59798463f31a8d095a1ae5301cc9dc3277a48a32
dephasing_02,dephasing,1,12,3,dephasing_02_r1_n12_b3,data/problems/evaluation/dephasing_02_r1_n12_b3.npz,-10.402119064012147,-2.4090468453296676,10.402380537883264,10.402380537883264,10.402380537883264,10.402380537883257,220,532ad178559b463344c9ca98a0ac0b4ecda3d58155e96c240f969391ddfcfd1c,a54cd8dce35bd9eface96e5d83a8f6205f438ecdf8cb7eed93de94268dce1dc6,557d5f65012fce656a2c41711dcd86f3401b10b75f99348665f12b604d3d17db
dephasing_02,dephasing,1,14,3,dephasing_02_r1_n14_b3,data/problems/evaluation/dephasing_02_r1_n14_b3.npz,-10.402119064012147,-2.4090468453296676,10.402380537883264,10.402380537883264,10.402380537883264,10.402380537883257,364,532ad178559b463344c9ca98a0ac0b4ecda3d58155e96c240f969391ddfcfd1c,a54cd8dce35bd9eface96e5d83a8f6205f438ecdf8cb7eed93de94268dce1dc6,810259552bc21b6f5d68813ec90bbb05e89c26c3f1c4c726c88cf8c2b476c546
dephasing_02,dephasing,1,14,5,dephasing_02_r1_n14_b5,data/problems/evaluation/dephasing_02_r1_n14_b5.npz,-15.79327941996262,1.2938521673790468,15.847558135825379,15.847558135825379,16.12013357955038,,2002,532ad178559b463344c9ca98a0ac0b4ecda3d58155e96c240f969391ddfcfd1c,a54cd8dce35bd9eface96e5d83a8f6205f438ecdf8cb7eed93de94268dce1dc6,ca0621469ea8336c9a711a4dc7079b94f24c42ca8cb95a0d0b70386e2da5ca37
dephasing_02,dephasing,2,8,3,dephasing_02_r2_n8_b3,data/problems/evaluation/dephasing_02_r2_n8_b3.npz,-6.724161393320465,-2.0142444053177435,6.724111217040574,6.724111217040574,8.594584089586695,8.594584089586695,56,10b601bd15b216a0d25fbc9f8342bf49c49e8587a31b45e712db29252b12de30,b1d5c4db0de91ddc353080f6ad271ec94c090a421a79b44e4b9c7bcb6e4e3647,5a171b47642599005685497ade049c790427e2e2995b5699b38764d7652e77a7
dephasing_02,dephasing,2,10,3,dephasing_02_r2_n10_b3,data/problems/evaluation/dephasing_02_r2_n10_b3.npz,-8.563708111025731,-2.010998898411308,8.56366641050696,8.56366641050696,8.594584089586695,8.594584089586695,120,10b601bd15b216a0d25fbc9f8342bf49c49e8587a31b45e712db29252b12de30,b1d5c4db0de91ddc353080f6ad271ec94c090a421a79b44e4b9c7bcb6e4e3647,57385cacd5d5ebd2c048c184671f25365ea3643701f958cbba4a62b4619beefd
dephasing_02,dephasing,2,12,3,dephasing_02_r2_n12_b3,data/problems/evaluation/dephasing_02_r2_n12_b3.npz,-8.563708111025733,-2.010998898411308,8.56366641050696,8.56366641050696,8.594584089586695,8.594584089586695,220,10b601bd15b216a0d25fbc9f8342bf49c49e8587a31b45e712db29252b12de30,b1d5c4db0de91ddc353080f6ad271ec94c090a421a79b44e4b9c7bcb6e4e3647,902ed12ed685f893155ae5a97a8cff60c87b06c8d0a4502bb4b70cabf290de40
dephasing_02,dephasing,2,14,3,dephasing_02_r2_n14_b3,data/problems/evaluation/dephasing_02_r2_n14_b3.npz,-8.563708111025733,-2.010998898411308,8.56366641050696,8.56366641050696,8.594584089586695,8.594584089586695,364,10b601bd15b216a0d25fbc9f8342bf49c49e8587a31b45e712db29252b12de30,b1d5c4db0de91ddc353080f6ad271ec94c090a421a79b44e4b9c7bcb6e4e3647,1223fe47934567100058a5ebce97309a0472b4d54bc9cb02c535c891f42a05ff
dephasing_02,dephasing,2,14,5,dephasing_02_r2_n14_b5,data/problems/evaluation/dephasing_02_r2_n14_b5.npz,-11.212249489889734,6.953868450033948,11.140014949935637,11.140014949935637,13.19774352759795,,2002,10b601bd15b216a0d25fbc9f8342bf49c49e8587a31b45e712db29252b12de30,b1d5c4db0de91ddc353080f6ad271ec94c090a421a79b44e4b9c7bcb6e4e3647,2e51cca682b02910482f78bcbfdd30d7543ce920726b7338bda74ba175aad6a3
dephasing_03,dephasing,0,8,3,dephasing_03_r0_n8_b3,data/problems/evaluation/dephasing_03_r0_n8_b3.npz,-15.016940233892225,-7.115342691297007,14.981648409262144,14.937791558927792,15.33905351547149,15.34978538102902,56,64f058eeead59c4c463bb192d04c255bfb17fee801d4e32db8bece0143b63a7f,ce24bfcd177ba70d50f301dec8c50db3a3e6b43c5fad22f066f032e35598156b,1695b3aaf9b38a23de59db69ebfa705c57fa4968cc0262c9bbfb1405e8bcca2f
dephasing_03,dephasing,0,10,3,dephasing_03_r0_n10_b3,data/problems/evaluation/dephasing_03_r0_n10_b3.npz,-15.349906637165667,-6.141425927399013,15.349785381029022,15.349785381029022,15.33905351547149,15.34978538102902,120,64f058eeead59c4c463bb192d04c255bfb17fee801d4e32db8bece0143b63a7f,ce24bfcd177ba70d50f301dec8c50db3a3e6b43c5fad22f066f032e35598156b,da08cdbcf62742fb93dfcfb5226312d3531bac4582273d7afdf064fcf9248869
dephasing_03,dephasing,0,12,3,dephasing_03_r0_n12_b3,data/problems/evaluation/dephasing_03_r0_n12_b3.npz,-15.349906637165667,-6.141425927399013,15.349785381029022,15.349785381029022,15.33905351547149,15.34978538102902,220,64f058eeead59c4c463bb192d04c255bfb17fee801d4e32db8bece0143b63a7f,ce24bfcd177ba70d50f301dec8c50db3a3e6b43c5fad22f066f032e35598156b,6e2ea463c421ea9490fd0af3142f8e7ee2552a6fc1d7e71d17ba4a836e7ab9a9
dephasing_03,dephasing,0,14,3,dephasing_03_r0_n14_b3,data/problems/evaluation/dephasing_03_r0_n14_b3.npz,-15.349906637165667,-5.736017236831174,15.349785381029022,15.349785381029022,15.33905351547149,15.34978538102902,364,64f058eeead59c4c463bb192d04c255bfb17fee801d4e32db8bece0143b63a7f,ce24bfcd177ba70d50f301dec8c50db3a3e6b43c5fad22f066f032e35598156b,bd5b587080db33c354e853a30ed0440f4a093e0c64ab7c4f892afaaeaedcc993
dephasing_03,dephasing,0,14,5,dephasing_03_r0_n14_b5,data/problems/evaluation/dephasing_03_r0_n14_b5.npz,-23.753805028745553,-1.5364377842123638,22.79317069858807,22.75957715412449,23.91413107578018,,2002,64f058eeead59c4c463bb192d04c255bfb17fee801d4e32db8bece0143b63a7f,ce24bfcd177ba70d50f301dec8c50db3a3e6b43c5fad22f066f032e35598156b,a4866eb7c0e4f8eadcc6c40d84b6ee53a45eb977117d7b6b0bfc6083e1d161ed
dephasing_03,dephasing,1,8,3,dephasing_03_r1_n8_b3,data/problems/evaluation/dephasing_03_r1_n8_b3.npz,-12.962160587954532,-7.25891760783166,12.961772885936464,12.961772885936464,12.961772885936464,12.961772885936462,56,819bbfc9eda4291adbc9b751e70a3587286ec408bb0ee81375df9b4b8239183d,7465fdff81c9eea2e5d3a61992eb63a61875f60ccd1a3a6cb5ebd3db5e285796,f65a06be2e57deae3aedbcb1ed0b1758ce2f6a13f4a302db4e62440355bf37e3
dephasing_03,dephasing,1,10,3,dephasing_03_r1_n10_b3,data/problems/evaluation/dephasing_03_r1_n10_b3.npz,-12.962160587954532,-2.2704377478627737,12.961772885936464,12.961772885936464,12.961772885936464,12.961772885936462,120,819bbfc9eda4291adbc9b751e70a3587286ec408bb0ee81375df9b4b8239183d,7465fdff81c9eea2e5d3a61992eb63a61875f60ccd1a3a6cb5ebd3db5e285796,b12ae6a91e7815518809e3cacb7b49463e50ae2f1f5bd8569300eeb2a362f409
dephasing_03,dephasing,1,12,3,dephasing_03_r1_n12_b3,data/problems/evaluation/dephasing_03_r1_n12_b3.npz,-12.962160587954532,-2.2704377478627737,12.961772885936464,12.961772885936464,12.961772885936464,12.961772885936462,220,819bbfc9eda4291adbc9b751e70a3587286ec408bb0ee81375df9b4b8239183d,7465fdff81c9eea2e5d3a61992eb63a61875f60ccd1a3a6cb5ebd3db5e285796,d20b271321d87e1befee56206b1dc5931993161eadddbc0a2c9a8baf71da19d9
dephasing_03,dephasing,1,14,3,dephasing_03_r1_n14_b3,data/problems/evaluation/dephasing_03_r1_n14_b3.npz,-12.962160587954532,-2.2704377478627737,12.961772885936464,12.961772885936464,12.961772885936464,12.961772885936462,364,819bbfc9eda4291adbc9b751e70a3587286ec408bb0ee81375df9b4b8239183d,7465fdff81c9eea2e5d3a61992eb63a61875f60ccd1a3a6cb5ebd3db5e285796,8b88b8a7253217cad22b8eadac76f8357b58532ad1d7bb2fbcde9a251f6199fb
dephasing_03,dephasing,1,14,5,dephasing_03_r1_n14_b5,data/problems/evaluation/dephasing_03_r1_n14_b5.npz,-19.650698863778768,-1.454294801575191,18.880294061530613,17.48698328312504,20.207692528632283,,2002,819bbfc9eda4291adbc9b751e70a3587286ec408bb0ee81375df9b4b8239183d,7465fdff81c9eea2e5d3a61992eb63a61875f60ccd1a3a6cb5ebd3db5e285796,4df3bedf704a8df9fad487b8f4d9c0fd876735ca16cb207496919eb270d014bc
dephasing_03,dephasing,2,8,3,dephasing_03_r2_n8_b3,data/problems/evaluation/dephasing_03_r2_n8_b3.npz,-11.122766016968733,-2.3273020251689083,11.122782379135526,11.122782379135526,11.122782379135526,11.122782379135526,56,27d77df7935afcb89fe8880c189a64a9a736dc9babbc5023e2c45d60b9fcb9b7,3cc9fda3204c0dbe3b6306f329632301585e259237026c5b41403cf594e3dab5,3b53aef64cc9e89712204d4053b837807ae8cecce648ebcfad4e6b9e9b73d0b4
dephasing_03,dephasing,2,10,3,dephasing_03_r2_n10_b3,data/problems/evaluation/dephasing_03_r2_n10_b3.npz,-11.122766016968733,-2.3273020251689083,11.122782379135526,11.122782379135526,11.122782379135526,11.122782379135526,120,27d77df7935afcb89fe8880c189a64a9a736dc9babbc5023e2c45d60b9fcb9b7,3cc9fda3204c0dbe3b6306f329632301585e259237026c5b41403cf594e3dab5,0c05ced27b838330b3f273a445ff7e7e097fe64136b1b25f162a7550429946a0
dephasing_03,dephasing,2,12,3,dephasing_03_r2_n12_b3,data/problems/evaluation/dephasing_03_r2_n12_b3.npz,-11.122766016968733,-2.3273020251689083,11.122782379135526,11.122782379135526,11.122782379135526,11.122782379135526,220,27d77df7935afcb89fe8880c189a64a9a736dc9babbc5023e2c45d60b9fcb9b7,3cc9fda3204c0dbe3b6306f329632301585e259237026c5b41403cf594e3dab5,d4d94acc38951fbc451b3a845ac45ae2f3829d48fba1452ca7bf1a9c827e442c
dephasing_03,dephasing,2,14,3,dephasing_03_r2_n14_b3,data/problems/evaluation/dephasing_03_r2_n14_b3.npz,-11.122766016968733,-2.3273020251689083,11.122782379135526,11.122782379135526,11.122782379135526,11.122782379135526,364,27d77df7935afcb89fe8880c189a64a9a736dc9babbc5023e2c45d60b9fcb9b7,3cc9fda3204c0dbe3b6306f329632301585e259237026c5b41403cf594e3dab5,5cde2d37acc4166073856a61502d95e4ac68744252af70d7086bac72334f95fc
dephasing_03,dephasing,2,14,5,dephasing_03_r2_n14_b5,data/problems/evaluation/dephasing_03_r2_n14_b5.npz,-17.013088023194307,-6.244214555831032,17.018960404066785,17.015881870792096,17.824883332684365,,2002,27d77df7935afcb89fe8880c189a64a9a736dc9babbc5023e2c45d60b9fcb9b7,3cc9fda3204c0dbe3b6306f329632301585e259237026c5b41403cf594e3dab5,82dff580dab762f2ead22494afbecb3365e3b02fa47981f2b945b970919f255a
dephasing_04,dephasing,0,8,3,dephasing_04_r0_n8_b3,data/problems/evaluation/dephasing_04_r0_n8_b3.npz,-14.175676193008675,-5.506878896390393,14.173947950760716,14.173947950760716,15.088498373156579,15.088498373156579,56,8272e2812bae98d39b0660c4d447d28ec9c19bffee397e6f1e9d4f4e04b22912,46d80f4cc69a0209d183e0439905cd0db151a090456b6d5f7b1ab510d2713259,a459c0b9e6a9fbf280d369a5fa7aebd7216ae05c5c386d3f165ec8990a7f4179
dephasing_04,dephasing,0,10,3,dephasing_04_r0_n10_b3,data/problems/evaluation/dephasing_04_r0_n10_b3.npz,-14.175676193008675,-5.492509989409353,14.173947950760716,14.173947950760716,15.088498373156579,15.088498373156579,120,8272e2812bae98d39b0660c4d447d28ec9c19bffee397e6f1e9d4f4e04b22912,46d80f4cc69a0209d183e0439905cd0db151a090456b6d5f7b1ab510d2713259,f4bd5d003d67c2cb92a85d6a5f49c4f4890d763dc1b6c990d9acd34d31df6a7e
dephasing_04,dephasing,0,12,3,dephasing_04_r0_n12_b3,data/problems/evaluation/dephasing_04_r0_n12_b3.npz,-15.08843442402717,-4.507033369257389,15.088498373156579,15.088498373156579,15.088498373156579,15.088498373156579,220,8272e2812bae98d39b0660c4d447d28ec9c19bffee397e6f1e9d4f4e04b22912,46d80f4cc69a0209d183e0439905cd0db151a090456b6d5f7b1ab510d2713259,ff5c0468b5f3e3d75aabc693534b24afdf2d348d9405cfdd21f45a50af7ee8b6
dephasing_04,dephasing,0,14,3,dephasing_04_r0_n14_b3,data/problems/evaluation/dephasing_04_r0_n14_b3.npz,-15.08843442402717,-4.507033369257389,15.088498373156579,15.088498373156579,15.088498373156579,15.088498373156579,364,8272e2812bae98d39b0660c4d447d28ec9c19bffee397e6f1e9d4f4e04b22912,46d80f4cc69a0209d183e0439905cd0db151a090456b6d5f7b1ab510d2713259,0001bffb63466c212675dda7227d68e3ca15df3d1a1d2dd651e8aa526ed08fd0
dephasing_04,dephasing,0,14,5,dephasing_04_r0_n14_b5,data/problems/evaluation/dephasing_04_r0_n14_b5.npz,-22.75262999670565,3.293375820484954,22.928007538504815,22.928007538504815,22.825723688835723,,2002,8272e2812bae98d39b0660c4d447d28ec9c19bffee397e6f1e9d4f4e04b22912,46d80f4cc69a0209d183e0439905cd0db151a090456b6d5f7b1ab510d2713259,b121098980f4f4a7d1fbcd263504c5be82dae607d468717282e23fd0d077c3e3
dephasing_04,dephasing,1,8,3,dephasing_04_r1_n8_b3,data/problems/evaluation/dephasing_04_r1_n8_b3.npz,-8.78042690551868,-3.0893039455036533,8.800758353689522,8.781722981248041,9.315236489471495,9.315236489471497,56,2ae51e025abe698125ef77c3f1892c114c52d6757410f114804d70e4154242f3,eef6428abbe607ab41b920b5d485f78be7449a55bfe0b3a6c5b5b9f10fecfeeb,f35e6ed8a18047b4cebd04fad13c190c67d7fca72efa072a17e72caf6076cbd3
dephasing_04,dephasing,1,10,3,dephasing_04_r1_n10_b3,data/problems/evaluation/dephasing_04_r1_n10_b3.npz,-9.07581653255545,-3.0893039455036533,9.083265830567601,8.971851159063148,9.315236489471495,9.315236489471497,120,2ae51e025abe698125ef77c3f1892c114c52d6757410f114804d70e4154242f3,eef6428abbe607ab41b920b5d485f78be7449a55bfe0b3a6c5b5b9f10fecfeeb,828aa88e45b0446e6874e3bd9cbbb6a3f0f0e342a3dde545dae3b9ff88c1b83b
dephasing_04,dephasing,1,12,3,dephasing_04_r1_n12_b3,data/problems/evaluation/dephasing_04_r1_n12_b3.npz,-9.077544167704076,-3.0893039455036533,9.144304804106483,9.144304804106483,9.315236489471495,9.315236489471497,220,2ae51e025abe698125ef77c3f1892c114c52d6757410f114804d70e4154242f3,eef6428abbe607ab41b920b5d485f78be7449a55bfe0b3a6c5b5b9f10fecfeeb,cc55ff708438d0d5fa41df79ca33d1fe1e0bfce3345e615e0398e22f1335213d
dephasing_04,dephasing,1,14,3,dephasing_04_r1_n14_b3,data/problems/evaluation/dephasing_04_r1_n14_b3.npz,-9.077544167704076,-2.457310319956197,9.144304804106483,9.144304804106483,9.315236489471495,9.315236489471497,364,2ae51e025abe698125ef77c3f1892c114c52d6757410f114804d70e4154242f3,eef6428abbe607ab41b920b5d485f78be7449a55bfe0b3a6c5b5b9f10fecfeeb,b3d68e70902b344e6343b0a03ef713cd6ef1c5cefe5ae59bcddf65d8db7bfb5d
dephasing_04,dephasing,1,14,5,dephasing_04_r1_n14_b5,data/problems/evaluation/dephasing_04_r1_n14_b5.npz,-13.2759733299469,-2.2950660686890476,11.268044767937475,11.138194350995237,14.831142668489809,,2002,2ae51e025abe698125ef77c3f1892c114c52d6757410f114804d70e4154242f3,eef6428abbe607ab41b920b5d485f78be7449a55bfe0b3a6c5b5b9f10fecfeeb,fe1db8817b44267a9205a3e2d393415f256c63958dbfadcad5bb153428df9613
dephasing_04,dephasing,2,8,3,dephasing_04_r2_n8_b3,data/problems/evaluation/dephasing_04_r2_n8_b3.npz,-9.176353086592183,-2.3149207000629612,9.171967178256823,9.171967178256823,9.171967178256823,9.171967178256825,56,07eaec7604f296c7695699876b34c7e4f07b544b4bd12453e1e8337f7df5e7fe,c448302a86f5e7379357ba422f4116f8d0fedf899fc9d05b1f9393021344b094,846c512930c7fa1b032469b6af5b06834a0024a5ead8d180026a1c9b79e3799e
dephasing_04,dephasing,2,10,3,dephasing_04_r2_n10_b3,data/problems/evaluation/dephasing_04_r2_n10_b3.npz,-9.176353086592183,-2.1589839214260707,9.171967178256823,9.171967178256823,9.171967178256823,9.171967178256825,120,07eaec7604f296c7695699876b34c7e4f07b544b4bd12453e1e8337f7df5e7fe,c448302a86f5e7379357ba422f4116f8d0fedf899fc9d05b1f9393021344b094,3e2af5fc1269b602bf0077f2d542b36cdd75f38757281d89675e0e25d5af8a86
dephasing_04,dephasing,2,12,3,dephasing_04_r2_n12_b3,data/problems/evaluation/dephasing_04_r2_n12_b3.npz,-9.176353086592183,-2.1589839214260707,9.171967178256823,9.171967178256823,9.171967178256823,9.171967178256825,220,07eaec7604f296c7695699876b34c7e4f07b544b4bd12453e1e8337f7df5e7fe,c448302a86f5e7379357ba422f4116f8d0fedf899fc9d05b1f9393021344b094,52900ab8f0bfe96583a0917b6cbb7b165da4aa7a0ddb9721e78b2217b4293d1c
dephasing_04,dephasing,2,14,3,dephasing_04_r2_n14_b3,data/problems/evaluation/dephasing_04_r2_n14_b3.npz,-9.176353086592183,-2.1589839214260707,9.171967178256823,9.171967178256823,9.171967178256823,9.171967178256825,364,07eaec7604f296c7695699876b34c7e4f07b544b4bd12453e1e8337f7df5e7fe,c448302a86f5e7379357ba422f4116f8d0fedf899fc9d05b1f9393021344b094,93b2bb9c5b1d2ed537a723f488bf18f55342c1c515db77b7f4268dc8a88bf7cc
dephasing_04,dephasing,2,14,5,dephasing_04_r2_n14_b5,data/problems/evaluation/dephasing_04_r2_n14_b5.npz,-13.860838358975855,-1.1540698648346872,13.23197264145785,13.20658349141159,14.45460762645861,,2002,07eaec7604f296c7695699876b34c7e4f07b544b4bd12453e1e8337f7df5e7fe,c448302a86f5e7379357ba422f4116f8d0fedf899fc9d05b1f9393021344b094,6e3277503676fd246d35cca941d0bc13ee679c98b58623eac2770493f6f7f7ab
coherent_rotation_00,coherent_rotation,0,8,3,coherent_rotation_00_r0_n8_b3,data/problems/evaluation/coherent_rotation_00_r0_n8_b3.npz,-10.853649023031448,-7.026764121044372,10.824139446204805,10.824139446204805,10.95343256659831,10.95343256659831,56,c2156d259b36c4249c81b51b6db9b52fbe5e2f1c322af0b9bc7240ff8524349a,a1ad7a99df681aebe617bd96fdbfbfa506fedbd42690236704411f498340d03c,9d546c90875c5a78cf687990d9d77a3360812b693c99f3dd748245077fc5f6af
coherent_rotation_00,coherent_rotation,0,10,3,coherent_rotation_00_r0_n10_b3,data/problems/evaluation/coherent_rotation_00_r0_n10_b3.npz,-10.952487202975743,-7.026764121044372,10.95343256659831,10.95343256659831,10.95343256659831,10.95343256659831,120,c2156d259b36c4249c81b51b6db9b52fbe5e2f1c322af0b9bc7240ff8524349a,a1ad7a99df681aebe617bd96fdbfbfa506fedbd42690236704411f498340d03c,36f08244e75b58747b776ecb176b6ea345300cdbc14503b08630d35074061f86
coherent_rotation_00,coherent_rotation,0,12,3,coherent_rotation_00_r0_n12_b3,data/problems/evaluation/coherent_rotation_00_r0_n12_b3.npz,-10.952487202975743,-7.026764121044372,10.95343256659831,10.95343256659831,10.95343256659831,10.95343256659831,220,c2156d259b36c4249c81b51b6db9b52fbe5e2f1c322af0b9bc7240ff8524349a,a1ad7a99df681aebe617bd96fdbfbfa506fedbd42690236704411f498340d03c,29f430a8f3f016438796f2f09bd2ef5fd25eb45f0e646557a9367c4cec4d5782
coherent_rotation_00,coherent_rotation,0,14,3,coherent_rotation_00_r0_n14_b3,data/problems/evaluation/coherent_rotation_00_r0_n14_b3.npz,-10.952487202975743,-5.843847379784039,10.95343256659831,10.95343256659831,10.95343256659831,10.95343256659831,364,c2156d259b36c4249c81b51b6db9b52fbe5e2f1c322af0b9bc7240ff8524349a,a1ad7a99df681aebe617bd96fdbfbfa506fedbd42690236704411f498340d03c,a35edae871602719f4cc1574e8433f5ec9245ff8d262515ec32681b3b1946d3a
coherent_rotation_00,coherent_rotation,0,14,5,coherent_rotation_00_r0_n14_b5,data/problems/evaluation/coherent_rotation_00_r0_n14_b5.npz,-17.303327492802637,-6.662513863457935,17.251239320062904,17.251239320062904,17.2512393200629,,2002,c2156d259b36c4249c81b51b6db9b52fbe5e2f1c322af0b9bc7240ff8524349a,a1ad7a99df681aebe617bd96fdbfbfa506fedbd42690236704411f498340d03c,de3703e2dd672568dff7f6340b03bc701d451879f652a97224376c20efed3c75
coherent_rotation_00,coherent_rotation,1,8,3,coherent_rotation_00_r1_n8_b3,data/problems/evaluation/coherent_rotation_00_r1_n8_b3.npz,-9.857620044097336,-6.075335705086664,9.858656702466488,9.858656702466488,9.858656702466488,9.858656702466488,56,f72ff746f9ae37745f491c64ce528bf181af92993f80a9b7643b20ef792ffb8b,3b40ecb5010812da7331c59af481a3d25e78c2215113dae779b06f29211cabb2,ecade561d54a64140c78995a419c4e3da5abbda21cae29fe81288e1c567d64ca
coherent_rotation_00,coherent_rotation,1,10,3,coherent_rotation_00_r1_n10_b3,data/problems/evaluation/coherent_rotation_00_r1_n10_b3.npz,-9.857620044097336,-5.3681339672872435,9.858656702466488,9.858656702466488,9.858656702466488,9.858656702466488,120,f72ff746f9ae37745f491c64ce528bf181af92993f80a9b7643b20ef792ffb8b,3b40ecb5010812da7331c59af481a3d25e78c2215113dae779b06f29211cabb2,91b69858b6e099803d690fb320513fcd354aad97c46d48c9104bac8050a7b723
coherent_rotation_00,coherent_rotation,1,12,3,coherent_rotation_00_r1_n12_b3,data/problems/evaluation/coherent_rotation_00_r1_n12_b3.npz,-9.857620044097336,-5.3681339672872435,9.858656702466488,9.858656702466488,9.858656702466488,9.858656702466488,220,f72ff746f9ae37745f491c64ce528bf181af92993f80a9b7643b20ef792ffb8b,3b40ecb5010812da7331c59af481a3d25e78c2215113dae779b06f29211cabb2,47d449187c6905e4a00e01f5753eff6e8be254948dc5d865cae4f9e97fbebcfb
coherent_rotation_00,coherent_rotation,1,14,3,coherent_rotation_00_r1_n14_b3,data/problems/evaluation/coherent_rotation_00_r1_n14_b3.npz,-9.857620044097336,-5.02667781387943,9.858656702466488,9.858656702466488,9.858656702466488,9.858656702466488,364,f72ff746f9ae37745f491c64ce528bf181af92993f80a9b7643b20ef792ffb8b,3b40ecb5010812da7331c59af481a3d25e78c2215113dae779b06f29211cabb2,29cbb97ac33eb623e64a229a5d4b0f99a8cefd74f92ea27e5b66e98adb57ea0a
coherent_rotation_00,coherent_rotation,1,14,5,coherent_rotation_00_r1_n14_b5,data/problems/evaluation/coherent_rotation_00_r1_n14_b5.npz,-14.83299076864499,-4.431390739885607,14.83184631415366,14.83184631415366,14.905510348881277,,2002,f72ff746f9ae37745f491c64ce528bf181af92993f80a9b7643b20ef792ffb8b,3b40ecb5010812da7331c59af481a3d25e78c2215113dae779b06f29211cabb2,2981c588d0b353290d8b5b3928457cff38709dda251c29361cd8854f71d0addc
coherent_rotation_00,coherent_rotation,2,8,3,coherent_rotation_00_r2_n8_b3,data/problems/evaluation/coherent_rotation_00_r2_n8_b3.npz,-9.815769564194554,-4.8501580386504095,9.819044410682759,9.819044410682759,9.599237268464226,9.819044410682759,56,e9e42e27d5e853782bc191b6b4b2cd25036a69a69fd858d0a8113eadd716ee2a,5414b36506a0ff867a9f38417571f64fbcb6da781ffecfeaf0c987128b610b94,c282cb6452920aa20ad2487caf004a31481e355622607682036503aae9e5f1a7
coherent_rotation_00,coherent_rotation,2,10,3,coherent_rotation_00_r2_n10_b3,data/problems/evaluation/coherent_rotation_00_r2_n10_b3.npz,-9.815769564194554,-3.3958377024446635,9.819044410682759,9.819044410682759,9.599237268464226,9.819044410682759,120,e9e42e27d5e853782bc191b6b4b2cd25036a69a69fd858d0a8113eadd716ee2a,5414b36506a0ff867a9f38417571f64fbcb6da781ffecfeaf0c987128b610b94,1fb4511fc89df46deaf85835f37669930fb9ebd2a6eb29cc4625b7672e7a80e4
coherent_rotation_00,coherent_rotation,2,12,3,coherent_rotation_00_r2_n12_b3,data/problems/evaluation/coherent_rotation_00_r2_n12_b3.npz,-9.815769564194554,-3.3958377024446635,9.819044410682759,9.819044410682759,9.599237268464226,9.819044410682759,220,e9e42e27d5e853782bc191b6b4b2cd25036a69a69fd858d0a8113eadd716ee2a,5414b36506a0ff867a9f38417571f64fbcb6da781ffecfeaf0c987128b610b94,8f594965e374a7b333e9b1d7d09413a9627f34445604003594a10db476b1fbd5
coherent_rotation_00,coherent_rotation,2,14,3,coherent_rotation_00_r2_n14_b3,data/problems/evaluation/coherent_rotation_00_r2_n14_b3.npz,-9.815769564194554,-3.3958377024446635,9.819044410682759,9.819044410682759,9.599237268464226,9.819044410682759,364,e9e42e27d5e853782bc191b6b4b2cd25036a69a69fd858d0a8113eadd716ee2a,5414b36506a0ff867a9f38417571f64fbcb6da781ffecfeaf0c987128b610b94,f6c52f9bf4be23476b33262106801d6bdf61dccc2bc2921b2327828ea537b605
coherent_rotation_00,coherent_rotation,2,14,5,coherent_rotation_00_r2_n14_b5,data/problems/evaluation/coherent_rotation_00_r2_n14_b5.npz,-15.108287777550924,-0.8986863098904436,14.561015497713166,14.555268935052622,14.555268935052624,,2002,e9e42e27d5e853782bc191b6b4b2cd25036a69a69fd858d0a8113eadd716ee2a,5414b36506a0ff867a9f38417571f64fbcb6da781ffecfeaf0c987128b610b94,19b10e6f988966f1bbd0b37b7e37b153ed3854edd3a96623f12e0b9b47e4f6b5
coherent_rotation_01,coherent_rotation,0,8,3,coherent_rotation_01_r0_n8_b3,data/problems/evaluation/coherent_rotation_01_r0_n8_b3.npz,-11.898504213203577,-7.939403045213635,11.877045688907492,11.877045688907492,11.960472703818594,11.96047270381858,56,762bfc8a28c1faba69342dabfdb4326b60b430acf21560594dae036fdd4161ab,c0b9252dcaed71963581d28ebbc8f30c52857f24f2c1a640a948a7f135bdbcc8,595e495bbe7f98f6dac879c3e1d421351b4643639c8d9ffd88d68972fd57e414
coherent_rotation_01,coherent_rotation,0,10,3,coherent_rotation_01_r0_n10_b3,data/problems/evaluation/coherent_rotation_01_r0_n10_b3.npz,-11.898504213203577,-7.80568597891434,11.877045688907492,11.877045688907492,11.960472703818594,11.96047270381858,120,762bfc8a28c1faba69342dabfdb4326b60b430acf21560594dae036fdd4161ab,c0b9252dcaed71963581d28ebbc8f30c52857f24f2c1a640a948a7f135bdbcc8,881d56001285bca078cc3798b7c9c828dda08c30e45cff579b79566f871da1e0
coherent_rotation_01,coherent_rotation,0,12,3,coherent_rotation_01_r0_n12_b3,data/problems/evaluation/coherent_rotation_01_r0_n12_b3.npz,-11.898504213203577,-7.80568597891434,11.877045688907492,11.877045688907492,11.960472703818594,11.96047270381858,220,762bfc8a28c1faba69342dabfdb4326b60b430acf21560594dae036fdd4161ab,c0b9252dcaed71963581d28ebbc8f30c52857f24f2c1a640a948a7f135bdbcc8,ed65311841be2fe921648a8c4bbb935a0475f4af16f9f3373f552df28224558e
coherent_rotation_01,coherent_rotation,0,14,3,coherent_rotation_01_r0_n14_b3,data/problems/evaluation/coherent_rotation_01_r0_n14_b3.npz,-11.961028977747977,-7.80568597891434,11.960472703818594,11.960472703818594,11.960472703818594,11.96047270381858,364,762bfc8a28c1faba69342dabfdb4326b60b430acf21560594dae036fdd4161ab,c0b9252dcaed71963581d28ebbc8f30c52857f24f2c1a640a948a7f135bdbcc8,e5a71a328f42bd3aaa5b86e7f106fa693f4ab8dbc7c9b039cdc6a012c3af26c8
coherent_rotation_01,coherent_rotation,0,14,5,coherent_rotation_01_r0_n14_b5,data/problems/evaluation/coherent_rotation_01_r0_n14_b5.npz,-18.44053758213116,-10.460865235961844,18.455822467942806,18.455822467942806,18.560576687714953,,2002,762bfc8a28c1faba69342dabfdb4326b60b430acf21560594dae036fdd4161ab,c0b9252dcaed71963581d28ebbc8f30c52857f24f2c1a640a948a7f135bdbcc8,86ec6f8fb6c2e4e488743f138c72a73b4316b015b74b7366d159c7a8dd664897
coherent_rotation_01,coherent_rotation,1,8,3,coherent_rotation_01_r1_n8_b3,data/problems/evaluation/coherent_rotation_01_r1_n8_b3.npz,-10.482461011131953,-7.008902355650798,10.477741789712915,10.474443921484768,10.474443921484768,10.477741789712919,56,7d1f5b0ea7f662313d5855f0ead76da806772f2542ee3ecf5cbe84d051308bfe,73bb008a709a231c422d3ce00277468c6c1285a1cfa37f13bd8d07ede6035bf1,9d238d1a67b92b97933ef1e33fd547341ba5c4eb9b51f92d766c2619d80acf93
coherent_rotation_01,coherent_rotation,1,10,3,coherent_rotation_01_r1_n10_b3,data/problems/evaluation/coherent_rotation_01_r1_n10_b3.npz,-10.482461011131953,-6.485700549956926,10.477741789712915,10.474443921484768,10.474443921484768,10.477741789712919,120,7d1f5b0ea7f662313d5855f0ead76da806772f2542ee3ecf5cbe84d051308bfe,73bb008a709a231c422d3ce00277468c6c1285a1cfa37f13bd8d07ede6035bf1,0db6bcc81197980040ccd44522850d8dd8f720ed78345a6cfbde7914fd87d057
coherent_rotation_01,coherent_rotation,1,12,3,coherent_rotation_01_r1_n12_b3,data/problems/evaluation/coherent_rotation_01_r1_n12_b3.npz,-10.482461011131953,-6.074080850651499,10.477741789712915,10.474443921484768,10.474443921484768,10.477741789712919,220,7d1f5b0ea7f662313d5855f0ead76da806772f2542ee3ecf5cbe84d051308bfe,73bb008a709a231c422d3ce00277468c6c1285a1cfa37f13bd8d07ede6035bf1,17da785e98ded9d9fb2d68dc756660133d9c9dac86cacfa2fdfde15b0c2a0870
coherent_rotation_01,coherent_rotation,1,14,3,coherent_rotation_01_r1_n14_b3,data/problems/evaluation/coherent_rotation_01_r1_n14_b3.npz,-10.482461011131953,-6.074080850651499,10.477741789712915,10.474443921484768,10.474443921484768,10.477741789712919,364,7d1f5b0ea7f662313d5855f0ead76da806772f2542ee3ecf5cbe84d051308bfe,73bb008a709a231c422d3ce00277468c6c1285a1cfa37f13bd8d07ede6035bf1,3fb6b618c9603075f15930f995ba7a39c47bdeb61d05abebf36c304319783215
coherent_rotation_01,coherent_rotation,1,14,5,coherent_rotation_01_r1_n14_b5,data/problems/evaluation/coherent_rotation_01_r1_n14_b5.npz,-16.45666391896932,-7.255855500115485,16.392675598068262,16.33919494890309,16.147221378092375,,2002,7d1f5b0ea7f662313d5855f0ead76da806772f2542ee3ecf5cbe84d051308bfe,73bb008a709a231c422d3ce00277468c6c1285a1cfa37f13bd8d07ede6035bf1,6b21ed1420465dc3d050ca260cba3a9690c1c5c2bfc9b73de0212c6350b50633
coherent_rotation_01,coherent_rotation,2,8,3,coherent_rotation_01_r2_n8_b3,data/problems/evaluation/coherent_rotation_01_r2_n8_b3.npz,-9.931567451632887,-5.3250690408024575,9.959659799869522,9.959659799869522,9.959659799869522,9.959659799869524,56,2bfe944a19322da4081343ba7a20ba28951802f082d3c54d19c0153dd01534cb,659fc4a91e64c5b3d36cca0e84ba755e7275162969bdb2497e1546344321acf7,b690460b7b74d96133fc9f1c009ce6e709e408d0bd3d8100860513a2dc58f312
coherent_rotation_01,coherent_rotation,2,10,3,coherent_rotation_01_r2_n10_b3,data/problems/evaluation/coherent_rotation_01_r2_n10_b3.npz,-9.931567451632887,-5.023858666665928,9.959659799869522,9.959659799869522,9.959659799869522,9.959659799869524,120,2bfe944a19322da4081343ba7a20ba28951802f082d3c54d19c0153dd01534cb,659fc4a91e64c5b3d36cca0e84ba755e7275162969bdb2497e1546344321acf7,6d02cec37fec9bb9d561c6d05de848ace17bdbe8c1e29f3ee1e3a86f35f1ca85
coherent_rotation_01,coherent_rotation,2,12,3,coherent_rotation_01_r2_n12_b3,data/problems/evaluation/coherent_rotation_01_r2_n12_b3.npz,-9.931567451632887,-5.023858666665928,9.959659799869522,9.959659799869522,9.959659799869522,9.959659799869524,220,2bfe944a19322da4081343ba7a20ba28951802f082d3c54d19c0153dd01534cb,659fc4a91e64c5b3d36cca0e84ba755e7275162969bdb2497e1546344321acf7,c9b935e78f39fb86b9fe87de540defb6aac3adf19404bf7c3025fffd4aa61963
coherent_rotation_01,coherent_rotation,2,14,3,coherent_rotation_01_r2_n14_b3,data/problems/evaluation/coherent_rotation_01_r2_n14_b3.npz,-9.931567451632887,-5.023858666665928,9.959659799869522,9.959659799869522,9.959659799869522,9.959659799869524,364,2bfe944a19322da4081343ba7a20ba28951802f082d3c54d19c0153dd01534cb,659fc4a91e64c5b3d36cca0e84ba755e7275162969bdb2497e1546344321acf7,cb9bbbb541cec5b64409dc1b3f8acae880164e35f386c6b565d049265ea6765f
coherent_rotation_01,coherent_rotation,2,14,5,coherent_rotation_01_r2_n14_b5,data/problems/evaluation/coherent_rotation_01_r2_n14_b5.npz,-14.20501217869917,-4.347490162675751,13.747670232449448,13.311275739964167,14.474824669869971,,2002,2bfe944a19322da4081343ba7a20ba28951802f082d3c54d19c0153dd01534cb,659fc4a91e64c5b3d36cca0e84ba755e7275162969bdb2497e1546344321acf7,afc8c3aaffcdc0a97265a758a0192ef09b616879f461e174bff415da6f1545fb
coherent_rotation_02,coherent_rotation,0,8,3,coherent_rotation_02_r0_n8_b3,data/problems/evaluation/coherent_rotation_02_r0_n8_b3.npz,-14.493355100749952,-3.3126380023422364,14.495051059720504,14.495051059720504,14.885011975359095,14.885011975359095,56,daee030b892657c6cc7090536a55e0bd3acc45319ce5340480681078b00e61d2,97c4173c2400f2617a8fdaab8e8d3853811459cb16b6c68fe2684db271d34738,a0f8eb572a9cb8521088ad889e163f0a9bea41e3b7b1b7a2ccbd20f0a26447c2
coherent_rotation_02,coherent_rotation,0,10,3,coherent_rotation_02_r0_n10_b3,data/problems/evaluation/coherent_rotation_02_r0_n10_b3.npz,-14.493355100749952,-3.3126380023422364,14.495051059720504,14.495051059720504,14.885011975359095,14.885011975359095,120,daee030b892657c6cc7090536a55e0bd3acc45319ce5340480681078b00e61d2,97c4173c2400f2617a8fdaab8e8d3853811459cb16b6c68fe2684db271d34738,59d43617775f715eb2afea0cde923f977e6c0872241731c4a347370dda99423b
coherent_rotation_02,coherent_rotation,0,12,3,coherent_rotation_02_r0_n12_b3,data/problems/evaluation/coherent_rotation_02_r0_n12_b3.npz,-14.493355100749952,-3.3126380023422364,14.495051059720504,14.495051059720504,14.885011975359095,14.885011975359095,220,daee030b892657c6cc7090536a55e0bd3acc45319ce5340480681078b00e61d2,97c4173c2400f2617a8fdaab8e8d3853811459cb16b6c68fe2684db271d34738,64b41de505cf02cb5eeffdd0c93577492596c909bbd350c61a65d073885ce39d
coherent_rotation_02,coherent_rotation,0,14,3,coherent_rotation_02_r0_n14_b3,data/problems/evaluation/coherent_rotation_02_r0_n14_b3.npz,-14.493355100749952,-3.1324145705753494,14.495051059720504,14.495051059720504,14.885011975359095,14.885011975359095,364,daee030b892657c6cc7090536a55e0bd3acc45319ce5340480681078b00e61d2,97c4173c2400f2617a8fdaab8e8d3853811459cb16b6c68fe2684db271d34738,bbe6cb33c73fd8c81e00d2e3c0f39df146b2c4a5b22ad35b7b3ae0df51c17088
coherent_rotation_02,coherent_rotation,0,14,5,coherent_rotation_02_r0_n14_b5,data/problems/evaluation/coherent_rotation_02_r0_n14_b5.npz,-19.8619113398637,0.9425643292538552,20.564430589858897,20.564430589858897,23.6266178830637,,2002,daee030b892657c6cc7090536a55e0bd3acc45319ce5340480681078b00e61d2,97c4173c2400f2617a8fdaab8e8d3853811459cb16b6c68fe2684db271d34738,083d9e0e2c479ac2b9b7021f63bc2daf9ffa4745b0679692bd48f7d8479bbbd5
coherent_rotation_02,coherent_rotation,1,8,3,coherent_rotation_02_r1_n8_b3,data/problems/evaluation/coherent_rotation_02_r1_n8_b3.npz,-14.047725930885019,-7.041659442180157,14.04782650002931,14.04782650002931,14.01867036809898,14.047826500029318,56,3410b231c002c2cce313d8f583e434772ada9ee5fe829dcb30f9be8c3042f8df,95dcb324630404558ee88b285e7012eba25a0601cb17f861d3c9c911bfcef967,fde78aba9b38cf5c327f3f4af48fdc328807205844c22c2f5c44e56219f93a96
coherent_rotation_02,coherent_rotation,1,10,3,coherent_rotation_02_r1_n10_b3,data/problems/evaluation/coherent_rotation_02_r1_n10_b3.npz,-14.047725930885019,-6.754872939692391,14.04782650002931,14.04782650002931,14.01867036809898,14.047826500029318,120,3410b231c002c2cce313d8f583e434772ada9ee5fe829dcb30f9be8c3042f8df,95dcb324630404558ee88b285e7012eba25a0601cb17f861d3c9c911bfcef967,83a6627dc895b70049f57c7f8ae7631986aa960b50214a7d3397c7921d5a2103
coherent_rotation_02,coherent_rotation,1,12,3,coherent_rotation_02_r1_n12_b3,data/problems/evaluation/coherent_rotation_02_r1_n12_b3.npz,-14.047725930885019,-6.754872939692393,14.04782650002931,14.04782650002931,14.01867036809898,14.047826500029318,220,3410b231c002c2cce313d8f583e434772ada9ee5fe829dcb30f9be8c3042f8df,95dcb324630404558ee88b285e7012eba25a0601cb17f861d3c9c911bfcef967,e5d903b8ae7f481db8a111f18f2f8287504ad83e2e2ef07e8303aa4112f43718
coherent_rotation_02,coherent_rotation,1,14,3,coherent_rotation_02_r1_n14_b3,data/problems/evaluation/coherent_rotation_02_r1_n14_b3.npz,-14.047725930885019,-4.238524240910056,14.04782650002931,14.04782650002931,14.01867036809898,14.047826500029318,364,3410b231c002c2cce313d8f583e434772ada9ee5fe829dcb30f9be8c3042f8df,95dcb324630404558ee88b285e7012eba25a0601cb17f861d3c9c911bfcef967,874c62955f553db026a2f772b34088bfde85de924d170a43577470063eaf09a7
coherent_rotation_02,coherent_rotation,1,14,5,coherent_rotation_02_r1_n14_b5,data/problems/evaluation/coherent_rotation_02_r1_n14_b5.npz,-22.066639334587784,-4.624546930621399,21.83280387428862,21.620470293456904,21.977790981776398,,2002,3410b231c002c2cce313d8f583e434772ada9ee5fe829dcb30f9be8c3042f8df,95dcb324630404558ee88b285e7012eba25a0601cb17f861d3c9c911bfcef967,da886c7c80abcefcd448e3bf614a42ddd154fb063ac42d123e6b5247468e6a0c
coherent_rotation_02,coherent_rotation,2,8,3,coherent_rotation_02_r2_n8_b3,data/problems/evaluation/coherent_rotation_02_r2_n8_b3.npz,-10.889369976913242,-6.093071955259107,10.87259580905159,10.87259580905159,11.396553934841366,11.39655393484137,56,d8803e7c8cfa6dae929e3e5a380083fe195b034e0aa13f1844822a336a4d7225,22a421db98b77c7383cd2266b74a0e5ab95533245c839a7da1cee936e048c722,be92b25b183c6e0dc22554104091c25ad7714215b52a4defd02e54ca177e7d2e
coherent_rotation_02,coherent_rotation,2,10,3,coherent_rotation_02_r2_n10_b3,data/problems/evaluation/coherent_rotation_02_r2_n10_b3.npz,-11.28002316226139,-3.845877460092785,11.283613050041605,11.283613050041605,11.396553934841366,11.39655393484137,120,d8803e7c8cfa6dae929e3e5a380083fe195b034e0aa13f1844822a336a4d7225,22a421db98b77c7383cd2266b74a0e5ab95533245c839a7da1cee936e048c722,dc3090eb69449ee7ca231325913ff98e7b16772cc143d1597155444fd9ecf470
coherent_rotation_02,coherent_rotation,2,12,3,coherent_rotation_02_r2_n12_b3,data/problems/evaluation/coherent_rotation_02_r2_n12_b3.npz,-11.39654560114934,-3.845877460092785,11.396553934841366,11.396553934841366,11.396553934841366,11.39655393484137,220,d8803e7c8cfa6dae929e3e5a380083fe195b034e0aa13f1844822a336a4d7225,22a421db98b77c7383cd2266b74a0e5ab95533245c839a7da1cee936e048c722,976a5168ee71a6e2b6433e8b85ab7cdf4bacc1a6a3bf8481df591eb83cbbb67f
coherent_rotation_02,coherent_rotation,2,14,3,coherent_rotation_02_r2_n14_b3,data/problems/evaluation/coherent_rotation_02_r2_n14_b3.npz,-11.39654560114934,-3.029319046737145,11.396553934841366,11.396553934841366,11.396553934841366,11.39655393484137,364,d8803e7c8cfa6dae929e3e5a380083fe195b034e0aa13f1844822a336a4d7225,22a421db98b77c7383cd2266b74a0e5ab95533245c839a7da1cee936e048c722,083a32f91be90590c74276ca9782597abcb6650522e03c62ae72d0408122f5dd
coherent_rotation_02,coherent_rotation,2,14,5,coherent_rotation_02_r2_n14_b5,data/problems/evaluation/coherent_rotation_02_r2_n14_b5.npz,-17.54191664914406,-0.9770047029562328,17.520490723669432,17.520490723669432,17.493376417284612,,2002,d8803e7c8cfa6dae929e3e5a380083fe195b034e0aa13f1844822a336a4d7225,22a421db98b77c7383cd2266b74a0e5ab95533245c839a7da1cee936e048c722,aee65779d52cd255369befeefe68d040506b71ab5f837989bc27c9e6dfb1e4b6
coherent_rotation_03,coherent_rotation,0,8,3,coherent_rotation_03_r0_n8_b3,data/problems/evaluation/coherent_rotation_03_r0_n8_b3.npz,-11.83263574972002,-4.468616471455273,11.82733830863088,11.82733830863088,11.82733830863088,11.82733830863088,56,de34d258a1c238e224da2508df08006abd8a12495d9a5acff4131457b13ac74d,bc53f839dbce2852574bf26a5832f901cd6ce7531d599c95be437aa819e12c5d,c8409a0697543b4454b8f8ba34aa79f062939d205a79506dbf71273d85753077
coherent_rotation_03,coherent_rotation,0,10,3,coherent_rotation_03_r0_n10_b3,data/problems/evaluation/coherent_rotation_03_r0_n10_b3.npz,-11.83263574972002,-4.468616471455273,11.82733830863088,11.82733830863088,11.82733830863088,11.82733830863088,120,de34d258a1c238e224da2508df08006abd8a12495d9a5acff4131457b13ac74d,bc53f839dbce2852574bf26a5832f901cd6ce7531d599c95be437aa819e12c5d,acd25b8523ffb66496e81c8dedd9c2a7f6bae019377123b4cc1990ccac963d7a
coherent_rotation_03,coherent_rotation,0,12,3,coherent_rotation_03_r0_n12_b3,data/problems/evaluation/coherent_rotation_03_r0_n12_b3.npz,-11.83263574972002,-4.468616471455273,11.82733830863088,11.82733830863088,11.82733830863088,11.82733830863088,220,de34d258a1c238e224da2508df08006abd8a12495d9a5acff4131457b13ac74d,bc53f839dbce2852574bf26a5832f901cd6ce7531d599c95be437aa819e12c5d,1145dfb1831fa1c03c257f24b3a4e32e6c8cbd51640d8b132886d75009c6f767
coherent_rotation_03,coherent_rotation,0,14,3,coherent_rotation_03_r0_n14_b3,data/problems/evaluation/coherent_rotation_03_r0_n14_b3.npz,-11.83263574972002,-4.468616471455273,11.82733830863088,11.82733830863088,11.82733830863088,11.82733830863088,364,de34d258a1c238e224da2508df08006abd8a12495d9a5acff4131457b13ac74d,bc53f839dbce2852574bf26a5832f901cd6ce7531d599c95be437aa819e12c5d,f34d8601ccf5ef4b89b03cf82c02de905df2ee5eb53466b01c35d5012fe8d73c
coherent_rotation_03,coherent_rotation,0,14,5,coherent_rotation_03_r0_n14_b5,data/problems/evaluation/coherent_rotation_03_r0_n14_b5.npz,-18.97787435612279,0.37305751442513113,18.981869377889826,18.981869377889826,19.0606483524722,,2002,de34d258a1c238e224da2508df08006abd8a12495d9a5acff4131457b13ac74d,bc53f839dbce2852574bf26a5832f901cd6ce7531d599c95be437aa819e12c5d,a128079ee9217b7451867bb32b2416c940b0063171f2317f62539338ad56093d
coherent_rotation_03,coherent_rotation,1,8,3,coherent_rotation_03_r1_n8_b3,data/problems/evaluation/coherent_rotation_03_r1_n8_b3.npz,-12.07110270240576,-6.943405445662132,12.032935796364969,12.014083262515394,12.116883529528284,12.116883529528284,56,fe7e7b91ce5e9b248e5b09b2f313d1cd895b6fd1e7e78295e42548d631fb82f8,e2d49529c66585b1070b01503f2247dc13bc78f226548f806186f2ccfe3537fe,0ddb67c687a2b99bdf505bd39f2617a8ecd23c82a1d0a5cec4d33f55a41080a4
coherent_rotation_03,coherent_rotation,1,10,3,coherent_rotation_03_r1_n10_b3,data/problems/evaluation/coherent_rotation_03_r1_n10_b3.npz,-12.107992899958848,-6.943405445662132,12.116883529528284,12.116883529528284,12.116883529528284,12.116883529528284,120,fe7e7b91ce5e9b248e5b09b2f313d1cd895b6fd1e7e78295e42548d631fb82f8,e2d49529c66585b1070b01503f2247dc13bc78f226548f806186f2ccfe3537fe,167acf2a3825d0f2cb7af02cebb43ca98cb0ad95692874f1ba49ad98c5e1b63c
coherent_rotation_03,coherent_rotation,1,12,3,coherent_rotation_03_r1_n12_b3,data/problems/evaluation/coherent_rotation_03_r1_n12_b3.npz,-12.107992899958845,-6.943405445662132,12.116883529528284,12.116883529528284,12.116883529528284,12.116883529528284,220,fe7e7b91ce5e9b248e5b09b2f313d1cd895b6fd1e7e78295e42548d631fb82f8,e2d49529c66585b1070b01503f2247dc13bc78f226548f806186f2ccfe3537fe,2b745a0ccaaa7f9f0b401b2de666771e28e73eb48a9645bbd2b658833d9fa10a
coherent_rotation_03,coherent_rotation,1,14,3,coherent_rotation_03_r1_n14_b3,data/problems/evaluation/coherent_rotation_03_r1_n14_b3.npz,-12.107992899958845,-6.784866530178493,12.116883529528284,12.116883529528284,12.116883529528284,12.116883529528284,364,fe7e7b91ce5e9b248e5b09b2f313d1cd895b6fd1e7e78295e42548d631fb82f8,e2d49529c66585b1070b01503f2247dc13bc78f226548f806186f2ccfe3537fe,5d7c54f3116a873fc4c0d25bfc1a8d87f8ca2623f831f7d013367e2ed4bd2a2d
coherent_rotation_03,coherent_rotation,1,14,5,coherent_rotation_03_r1_n14_b5,data/problems/evaluation/coherent_rotation_03_r1_n14_b5.npz,-19.271395505422788,-8.558284639467743,18.54741623777537,17.044576499846062,18.9342137706821,,2002,fe7e7b91ce5e9b248e5b09b2f313d1cd895b6fd1e7e78295e42548d631fb82f8,e2d49529c66585b1070b01503f2247dc13bc78f226548f806186f2ccfe3537fe,d4074ebab74610c80d9245af85d1b6fa911a6974e54799f934dfca99cda8a65a
coherent_rotation_03,coherent_rotation,2,8,3,coherent_rotation_03_r2_n8_b3,data/problems/evaluation/coherent_rotation_03_r2_n8_b3.npz,-10.34838198040488,-6.076111657997781,10.349028730849186,10.326649633656597,10.638149892054429,10.638149892054427,56,d674924237fe30d32c9a46eac12f44d89f3939e20558bd059fc0bd206adb9a11,4eb49a11b3e10e52b1b50694af21d8629bc5921fce217b61720046fcb173fc3d,d11745f5da3fae297f4ab8b2e0f4051b0d41a71bbabba4594e89e42cba53c44a
coherent_rotation_03,coherent_rotation,2,10,3,coherent_rotation_03_r2_n10_b3,data/problems/evaluation/coherent_rotation_03_r2_n10_b3.npz,-10.34838198040488,-5.132764897016845,10.349028730849186,10.326649633656597,10.638149892054429,10.638149892054427,120,d674924237fe30d32c9a46eac12f44d89f3939e20558bd059fc0bd206adb9a11,4eb49a11b3e10e52b1b50694af21d8629bc5921fce217b61720046fcb173fc3d,250477caba6c6ad135d311e63dd4a76f071a48d0e17fa7eb4cfeea6cc2cf5366
coherent_rotation_03,coherent_rotation,2,12,3,coherent_rotation_03_r2_n12_b3,data/problems/evaluation/coherent_rotation_03_r2_n12_b3.npz,-10.374525794462453,-4.5305390242218895,10.349028730849186,10.293142950971058,10.638149892054429,10.638149892054427,220,d674924237fe30d32c9a46eac12f44d89f3939e20558bd059fc0bd206adb9a11,4eb49a11b3e10e52b1b50694af21d8629bc5921fce217b61720046fcb173fc3d,2b50766e04aff58ee730b3a9f1f522d0d84f24e204491b16b4582e5e050d193e
coherent_rotation_03,coherent_rotation,2,14,3,coherent_rotation_03_r2_n14_b3,data/problems/evaluation/coherent_rotation_03_r2_n14_b3.npz,-10.52934092458813,-4.5305390242218895,10.531811252822319,10.531811252822319,10.638149892054429,10.638149892054427,364,d674924237fe30d32c9a46eac12f44d89f3939e20558bd059fc0bd206adb9a11,4eb49a11b3e10e52b1b50694af21d8629bc5921fce217b61720046fcb173fc3d,2215dea5d493765f0d5e1e0ce4e7a79892a00036b78616c584d9842ff93dd162
coherent_rotation_03,coherent_rotation,2,14,5,coherent_rotation_03_r2_n14_b5,data/problems/evaluation/coherent_rotation_03_r2_n14_b5.npz,-15.692790099054086,-5.02342518108286,15.652038793798434,15.623451030275582,15.747961219307708,,2002,d674924237fe30d32c9a46eac12f44d89f3939e20558bd059fc0bd206adb9a11,4eb49a11b3e10e52b1b50694af21d8629bc5921fce217b61720046fcb173fc3d,a4cc8e92253dd9742510b6a3aa29e7f13a92887bcf02a1ef8f7ea5ee71d6b490
coherent_rotation_04,coherent_rotation,0,8,3,coherent_rotation_04_r0_n8_b3,data/problems/evaluation/coherent_rotation_04_r0_n8_b3.npz,-13.929478668291905,-9.750046810374783,13.925606691339896,13.925606691339896,13.910480176167388,13.925606691339896,56,9594ba3a18bae993e8bcc260f9464a6fbc675c7e1d6801d3b2394a07628bf8e6,598c4f2e88ce5a92547aa5635a91c9aa13413bc7ff5ea4576ff204e49ef78673,cc44ae4ddaeb26e8bac786e964db35b96f8583e70a28c290971f6a64ce1fa443
coherent_rotation_04,coherent_rotation,0,10,3,coherent_rotation_04_r0_n10_b3,data/problems/evaluation/coherent_rotation_04_r0_n10_b3.npz,-13.929478668291905,-9.750046810374783,13.925606691339896,13.925606691339896,13.910480176167388,13.925606691339896,120,9594ba3a18bae993e8bcc260f9464a6fbc675c7e1d6801d3b2394a07628bf8e6,598c4f2e88ce5a92547aa5635a91c9aa13413bc7ff5ea4576ff204e49ef78673,4b44e68e2f068e556c584a2d5255a837d27ba7ab025a8a35fdb2c70df42867a3
coherent_rotation_04,coherent_rotation,0,12,3,coherent_rotation_04_r0_n12_b3,data/problems/evaluation/coherent_rotation_04_r0_n12_b3.npz,-13.929478668291905,-9.750046810374783,13.925606691339896,13.925606691339896,13.910480176167388,13.925606691339896,220,9594ba3a18bae993e8bcc260f9464a6fbc675c7e1d6801d3b2394a07628bf8e6,598c4f2e88ce5a92547aa5635a91c9aa13413bc7ff5ea4576ff204e49ef78673,129cd8e31f45d38e7aab889d280fe6f1d4d6d9fddaa41fd64458c9f764e05fff
coherent_rotation_04,coherent_rotation,0,14,3,coherent_rotation_04_r0_n14_b3,data/problems/evaluation/coherent_rotation_04_r0_n14_b3.npz,-13.929478668291905,-8.13918215151444,13.925606691339896,13.925606691339896,13.910480176167388,13.925606691339896,364,9594ba3a18bae993e8bcc260f9464a6fbc675c7e1d6801d3b2394a07628bf8e6,598c4f2e88ce5a92547aa5635a91c9aa13413bc7ff5ea4576ff204e49ef78673,4f69c15488863f51870d1f9f6c552a1331e4ac33b0a6e724ba5c7b394118e1bd
coherent_rotation_04,coherent_rotation,0,14,5,coherent_rotation_04_r0_n14_b5,data/problems/evaluation/coherent_rotation_04_r0_n14_b5.npz,-20.93983935795333,-11.868426085087503,20.223657864362625,19.112121333635,21.494660672066264,,2002,9594ba3a18bae993e8bcc260f9464a6fbc675c7e1d6801d3b2394a07628bf8e6,598c4f2e88ce5a92547aa5635a91c9aa13413bc7ff5ea4576ff204e49ef78673,d74ec6e7399c2385fc3b7db30d38c44fda773814eed9269729d2675fb2deb17f
coherent_rotation_04,coherent_rotation,1,8,3,coherent_rotation_04_r1_n8_b3,data/problems/evaluation/coherent_rotation_04_r1_n8_b3.npz,-11.157435981336231,-7.6315490204610965,11.157424017767179,11.157424017767179,11.157424017767179,11.157424017767179,56,6635992e0ab70d2ccf9eb431ebc4ac1e0aecd290b307a2c2e01aec859ea6d731,c728b8a24043eef371bfea901b167a54eb326b158e2956ffd8436fd0d0ecbfa5,b2aee0afba03050783efe13c7902921e3a79287476be7de0e2aa72bfcad632b1
coherent_rotation_04,coherent_rotation,1,10,3,coherent_rotation_04_r1_n10_b3,data/problems/evaluation/coherent_rotation_04_r1_n10_b3.npz,-11.157435981336231,-7.6315490204610965,11.157424017767179,11.157424017767179,11.157424017767179,11.157424017767179,120,6635992e0ab70d2ccf9eb431ebc4ac1e0aecd290b307a2c2e01aec859ea6d731,c728b8a24043eef371bfea901b167a54eb326b158e2956ffd8436fd0d0ecbfa5,9b2c2068eca29c9dbd653af26b5cc92efbee69d72e0f3d84362339cf2e072b77
coherent_rotation_04,coherent_rotation,1,12,3,coherent_rotation_04_r1_n12_b3,data/problems/evaluation/coherent_rotation_04_r1_n12_b3.npz,-11.157435981336231,-5.947790908997658,11.157424017767179,11.157424017767179,11.157424017767179,11.157424017767179,220,6635992e0ab70d2ccf9eb431ebc4ac1e0aecd290b307a2c2e01aec859ea6d731,c728b8a24043eef371bfea901b167a54eb326b158e2956ffd8436fd0d0ecbfa5,0edef604a6529bc96ad7025670f880ef3bba110b2b1d9c472e7b200eb066d7f4
coherent_rotation_04,coherent_rotation,1,14,3,coherent_rotation_04_r1_n14_b3,data/problems/evaluation/coherent_rotation_04_r1_n14_b3.npz,-11.157435981336231,-4.9660133778805715,11.157424017767179,11.157424017767179,11.157424017767179,11.157424017767179,364,6635992e0ab70d2ccf9eb431ebc4ac1e0aecd290b307a2c2e01aec859ea6d731,c728b8a24043eef371bfea901b167a54eb326b158e2956ffd8436fd0d0ecbfa5,8dfef544d9747189d833db30a5e58bd74b85099dcd77db558c95851b8dcc61ed
coherent_rotation_04,coherent_rotation,1,14,5,coherent_rotation_04_r1_n14_b5,data/problems/evaluation/coherent_rotation_04_r1_n14_b5.npz,-17.530839954267968,-7.859002508654751,17.51511915581173,17.51511915581173,17.51511915581173,,2002,6635992e0ab70d2ccf9eb431ebc4ac1e0aecd290b307a2c2e01aec859ea6d731,c728b8a24043eef371bfea901b167a54eb326b158e2956ffd8436fd0d0ecbfa5,7d9056803175ba6299674cf0dff0df18d7cb46a2481dded62d770aac97077d81
coherent_rotation_04,coherent_rotation,2,8,3,coherent_rotation_04_r2_n8_b3,data/problems/evaluation/coherent_rotation_04_r2_n8_b3.npz,-9.471492593174059,-4.6575549072628375,9.47154984862651,9.47154984862651,9.435898492914072,9.47154984862651,56,95c47cc02ef0b486c78188617f520bce58b586d1a0b99efb53244b7e57850ad0,845d7b6f2cf016284fe938b0b6a7d4ed5ae7019ab241531cf038a67bae0cb110,5cef5d12cb1ee269cf9404d767b4caedecd1bf531b6d56a81de1d8a5f0159c33
coherent_rotation_04,coherent_rotation,2,10,3,coherent_rotation_04_r2_n10_b3,data/problems/evaluation/coherent_rotation_04_r2_n10_b3.npz,-9.471492593174059,-4.6575549072628375,9.47154984862651,9.47154984862651,9.435898492914072,9.47154984862651,120,95c47cc02ef0b486c78188617f520bce58b586d1a0b99efb53244b7e57850ad0,845d7b6f2cf016284fe938b0b6a7d4ed5ae7019ab241531cf038a67bae0cb110,d41604324a14444f1d95d712ed5f879181fb73295f254ae3a4223a1f0d7923d6
coherent_rotation_04,coherent_rotation,2,12,3,coherent_rotation_04_r2_n12_b3,data/problems/evaluation/coherent_rotation_04_r2_n12_b3.npz,-9.471492593174059,-4.6575549072628375,9.47154984862651,9.47154984862651,9.435898492914072,9.47154984862651,220,95c47cc02ef0b486c78188617f520bce58b586d1a0b99efb53244b7e57850ad0,845d7b6f2cf016284fe938b0b6a7d4ed5ae7019ab241531cf038a67bae0cb110,f33215d6cfde957342a136edccd6fb1410a42a078a7417d7a09ced69cb7c3f23
coherent_rotation_04,coherent_rotation,2,14,3,coherent_rotation_04_r2_n14_b3,data/problems/evaluation/coherent_rotation_04_r2_n14_b3.npz,-9.471492593174059,-3.550813867603501,9.47154984862651,9.47154984862651,9.435898492914072,9.47154984862651,364,95c47cc02ef0b486c78188617f520bce58b586d1a0b99efb53244b7e57850ad0,845d7b6f2cf016284fe938b0b6a7d4ed5ae7019ab241531cf038a67bae0cb110,29bbe901ec3ddf05029ee8cbc7cd2a24b5d1b34e6a6d57b9574cf72540129274
coherent_rotation_04,coherent_rotation,2,14,5,coherent_rotation_04_r2_n14_b5,data/problems/evaluation/coherent_rotation_04_r2_n14_b5.npz,-14.670700902443173,-2.034448786760663,14.712296995117207,14.691253492794557,14.712296995117212,,2002,95c47cc02ef0b486c78188617f520bce58b586d1a0b99efb53244b7e57850ad0,845d7b6f2cf016284fe938b0b6a7d4ed5ae7019ab241531cf038a67bae0cb110,140bf16592760ed3b1f5f9e7d7a18574b253cc2cf4a178342d64656690f2d7ef
driven_dissipation_00,driven_dissipation,0,8,3,driven_dissipation_00_r0_n8_b3,data/problems/evaluation/driven_dissipation_00_r0_n8_b3.npz,-11.90178658711266,-4.8981792180870345,11.901537876468648,11.901537876468648,11.901537876468648,11.901537876468648,56,abf049f76c512e2e28ca89407479614d23e31124bf9985920950a2e4c0f1eabf,6007dd8bc658d29175927e96bf70615e90deb9f2fd0d8f1885262e859ec2fdf0,981413e8138e4ba95ffcb2de1ca9087a5e68e7617be4772aaf7d8911a832a0c6
driven_dissipation_00,driven_dissipation,0,10,3,driven_dissipation_00_r0_n10_b3,data/problems/evaluation/driven_dissipation_00_r0_n10_b3.npz,-11.90178658711266,-4.8981792180870345,11.901537876468648,11.901537876468648,11.901537876468648,11.901537876468648,120,abf049f76c512e2e28ca89407479614d23e31124bf9985920950a2e4c0f1eabf,6007dd8bc658d29175927e96bf70615e90deb9f2fd0d8f1885262e859ec2fdf0,84903a97665397e963836462f024a8a06876c1bf549f31c2568ebccb4ea379af
driven_dissipation_00,driven_dissipation,0,12,3,driven_dissipation_00_r0_n12_b3,data/problems/evaluation/driven_dissipation_00_r0_n12_b3.npz,-11.90178658711266,-4.8981792180870345,11.901537876468648,11.901537876468648,11.901537876468648,11.901537876468648,220,abf049f76c512e2e28ca89407479614d23e31124bf9985920950a2e4c0f1eabf,6007dd8bc658d29175927e96bf70615e90deb9f2fd0d8f1885262e859ec2fdf0,b4c23ab7daceb7acbd906f1c52e7291975fdbe448bdb6dfa2ceac145235cfaf6
driven_dissipation_00,driven_dissipation,0,14,3,driven_dissipation_00_r0_n14_b3,data/problems/evaluation/driven_dissipation_00_r0_n14_b3.npz,-11.90178658711266,-4.8981792180870345,11.901537876468648,11.901537876468648,11.901537876468648,11.901537876468648,364,abf049f76c512e2e28ca89407479614d23e31124bf9985920950a2e4c0f1eabf,6007dd8bc658d29175927e96bf70615e90deb9f2fd0d8f1885262e859ec2fdf0,08544ec3ae6abb4ebb6bbbf9545301146769f8bef16e8c10d67ad2e66d2c5f4c
driven_dissipation_00,driven_dissipation,0,14,5,driven_dissipation_00_r0_n14_b5,data/problems/evaluation/driven_dissipation_00_r0_n14_b5.npz,-18.422801360597603,-1.8165385733151815,18.39909319556233,18.362944943430705,18.335033918211735,,2002,abf049f76c512e2e28ca89407479614d23e31124bf9985920950a2e4c0f1eabf,6007dd8bc658d29175927e96bf70615e90deb9f2fd0d8f1885262e859ec2fdf0,bcb6d92e9e0cbc5ff57d5202665cc382085aa27f0bb53ebca7fc00de99cb1891
driven_dissipation_00,driven_dissipation,1,8,3,driven_dissipation_00_r1_n8_b3,data/problems/evaluation/driven_dissipation_00_r1_n8_b3.npz,-9.893448663655274,-4.543765861569546,9.893352747752154,9.893352747752154,9.893352747752154,9.893352747752152,56,769f049dbdd4ad1c81bff65a752e5c90ddf98c91c6ea79b5aac0c054f2f46021,50a3d7f2489ace67fd99affcd19a794e33ccfa496a5f11f98bf84d414349ef41,eb8c2e21cf0a76e5dd1fa2a06ebd740f7700fc8eff0ae363527f478dbd5c9185
driven_dissipation_00,driven_dissipation,1,10,3,driven_dissipation_00_r1_n10_b3,data/problems/evaluation/driven_dissipation_00_r1_n10_b3.npz,-9.893448663655274,-4.241583881714508,9.893352747752154,9.893352747752154,9.893352747752154,9.893352747752152,120,769f049dbdd4ad1c81bff65a752e5c90ddf98c91c6ea79b5aac0c054f2f46021,50a3d7f2489ace67fd99affcd19a794e33ccfa496a5f11f98bf84d414349ef41,279194120c6f74670038c9c3e3295e1ffd4cf00c8d29735754a216858cfaa294
driven_dissipation_00,driven_dissipation,1,12,3,driven_dissipation_00_r1_n12_b3,data/problems/evaluation/driven_dissipation_00_r1_n12_b3.npz,-9.893448663655274,-4.241583881714508,9.893352747752154,9.893352747752154,9.893352747752154,9.893352747752152,220,769f049dbdd4ad1c81bff65a752e5c90ddf98c91c6ea79b5aac0c054f2f46021,50a3d7f2489ace67fd99affcd19a794e33ccfa496a5f11f98bf84d414349ef41,b01958bc549f0275edf39f4599a4c12a3a05e67847b78e812fa79a2d9916afd5
driven_dissipation_00,driven_dissipation,1,14,3,driven_dissipation_00_r1_n14_b3,data/problems/evaluation/driven_dissipation_00_r1_n14_b3.npz,-9.893448663655274,-2.576341282311958,9.893352747752154,9.893352747752154,9.893352747752154,9.893352747752152,364,769f049dbdd4ad1c81bff65a752e5c90ddf98c91c6ea79b5aac0c054f2f46021,50a3d7f2489ace67fd99affcd19a794e33ccfa496a5f11f98bf84d414349ef41,1fe29c735978a0605a3a5ccf986eb3f349281ee6c42ec69e714e5a197605201f
driven_dissipation_00,driven_dissipation,1,14,5,driven_dissipation_00_r1_n14_b5,data/problems/evaluation/driven_dissipation_00_r1_n14_b5.npz,-14.920934716661542,-3.408911590008328,14.922382850296811,14.922382850296811,15.095555893853847,,2002,769f049dbdd4ad1c81bff65a752e5c90ddf98c91c6ea79b5aac0c054f2f46021,50a3d7f2489ace67fd99affcd19a794e33ccfa496a5f11f98bf84d414349ef41,85e4d766f76868e92c586279c5ed7348fa2cf3d04281ed93d92622310ba45461
driven_dissipation_00,driven_dissipation,2,8,3,driven_dissipation_00_r2_n8_b3,data/problems/evaluation/driven_dissipation_00_r2_n8_b3.npz,-7.286108825228045,-4.334719734172198,7.286139164430326,7.286139164430326,7.436305551745163,7.436305551745163,56,68e3883758cbada7d587f7042e8c50b9572d18c34958dc92ab4f111beac63297,ef0355b2e16f29319d5dc81bcb765ed5b3f6be2f53b73158614e1f6e92aaee36,561094426e7a42481d6b2b9987c67620115ce1152bc662d15c699ea32aaf4077
driven_dissipation_00,driven_dissipation,2,10,3,driven_dissipation_00_r2_n10_b3,data/problems/evaluation/driven_dissipation_00_r2_n10_b3.npz,-7.436302022295451,-4.334719734172198,7.436305551745163,7.436305551745163,7.436305551745163,7.436305551745163,120,68e3883758cbada7d587f7042e8c50b9572d18c34958dc92ab4f111beac63297,ef0355b2e16f29319d5dc81bcb765ed5b3f6be2f53b73158614e1f6e92aaee36,4828f50df422fa91e48ed6bea1b9591ac0899e08061df60ce5e08ffdf73326a8
driven_dissipation_00,driven_dissipation,2,12,3,driven_dissipation_00_r2_n12_b3,data/problems/evaluation/driven_dissipation_00_r2_n12_b3.npz,-7.436302022295451,-4.334719734172198,7.436305551745163,7.436305551745163,7.436305551745163,7.436305551745163,220,68e3883758cbada7d587f7042e8c50b9572d18c34958dc92ab4f111beac63297,ef0355b2e16f29319d5dc81bcb765ed5b3f6be2f53b73158614e1f6e92aaee36,c8671700eaac51e5ebc2530cb42c7b98023bd9c2186caa7545d7b85cbf29be75
driven_dissipation_00,driven_dissipation,2,14,3,driven_dissipation_00_r2_n14_b3,data/problems/evaluation/driven_dissipation_00_r2_n14_b3.npz,-7.436302022295451,-4.334719734172198,7.436305551745163,7.436305551745163,7.436305551745163,7.436305551745163,364,68e3883758cbada7d587f7042e8c50b9572d18c34958dc92ab4f111beac63297,ef0355b2e16f29319d5dc81bcb765ed5b3f6be2f53b73158614e1f6e92aaee36,f5a18e6c48fa9c6cc656d8578c7cc40b2512cbb2d9a8cdb5fd30191f86f43cf3
driven_dissipation_00,driven_dissipation,2,14,5,driven_dissipation_00_r2_n14_b5,data/problems/evaluation/driven_dissipation_00_r2_n14_b5.npz,-11.648682876213918,-5.003301759612597,11.6435429179286,11.6435429179286,11.62485432305072,,2002,68e3883758cbada7d587f7042e8c50b9572d18c34958dc92ab4f111beac63297,ef0355b2e16f29319d5dc81bcb765ed5b3f6be2f53b73158614e1f6e92aaee36,588be27bccda2fabf581fbbbb084932480f1f3b93a76a81b6ccf8352afb920ac
driven_dissipation_01,driven_dissipation,0,8,3,driven_dissipation_01_r0_n8_b3,data/problems/evaluation/driven_dissipation_01_r0_n8_b3.npz,-11.366682945055693,-7.7648597309968155,11.370755331614863,11.370755331614863,11.370755331614863,11.370755331614863,56,ac92c1dc14fceb61f983939ba23c1177617c0a73a4593326d3abcd7afa6f84e9,d66e3ba50afa5ff7c813bb25bd8ae5101d43f160d92fb0ec56793237aee70e25,824f6947e356ed2e5d7e71d4160c67d5542f6085506fbe91de054012358332aa
driven_dissipation_01,driven_dissipation,0,10,3,driven_dissipation_01_r0_n10_b3,data/problems/evaluation/driven_dissipation_01_r0_n10_b3.npz,-11.366682945055693,-7.7648597309968155,11.370755331614863,11.370755331614863,11.370755331614863,11.370755331614863,120,ac92c1dc14fceb61f983939ba23c1177617c0a73a4593326d3abcd7afa6f84e9,d66e3ba50afa5ff7c813bb25bd8ae5101d43f160d92fb0ec56793237aee70e25,8dd4bf2765f8be5de07b3e3d0fb58e35d65f56815cd28086fe003aa707c4406d
driven_dissipation_01,driven_dissipation,0,12,3,driven_dissipation_01_r0_n12_b3,data/problems/evaluation/driven_dissipation_01_r0_n12_b3.npz,-11.366682945055693,-6.4290259614039105,11.370755331614863,11.370755331614863,11.370755331614863,11.370755331614863,220,ac92c1dc14fceb61f983939ba23c1177617c0a73a4593326d3abcd7afa6f84e9,d66e3ba50afa5ff7c813bb25bd8ae5101d43f160d92fb0ec56793237aee70e25,7d17d564371fdb178bfb07162b6bef4f5ed259764abb1c9c81ebd7ad82e4560d
driven_dissipation_01,driven_dissipation,0,14,3,driven_dissipation_01_r0_n14_b3,data/problems/evaluation/driven_dissipation_01_r0_n14_b3.npz,-11.366682945055693,-6.4290259614039105,11.370755331614863,11.370755331614863,11.370755331614863,11.370755331614863,364,ac92c1dc14fceb61f983939ba23c1177617c0a73a4593326d3abcd7afa6f84e9,d66e3ba50afa5ff7c813bb25bd8ae5101d43f160d92fb0ec56793237aee70e25,db27194d91b4ee3a72a071f3caf792fce3cf9474163318051939b8512e9e50ec
driven_dissipation_01,driven_dissipation,0,14,5,driven_dissipation_01_r0_n14_b5,data/problems/evaluation/driven_dissipation_01_r0_n14_b5.npz,-17.612969737829978,-8.739547215175886,17.497248678052024,17.497248678052024,17.396745764616178,,2002,ac92c1dc14fceb61f983939ba23c1177617c0a73a4593326d3abcd7afa6f84e9,d66e3ba50afa5ff7c813bb25bd8ae5101d43f160d92fb0ec56793237aee70e25,e5c31e3e607747ff8fb29f311971629651305d7da2071f6f755c2b28cb933742
driven_dissipation_01,driven_dissipation,1,8,3,driven_dissipation_01_r1_n8_b3,data/problems/evaluation/driven_dissipation_01_r1_n8_b3.npz,-8.729156196437586,-4.951426233338648,8.73026219352852,8.73026219352852,8.73026219352852,8.73026219352852,56,7734202ba1f89d5321cc6864caa9890eac2add1c1e886943d1975e6e0932bd94,1890270f9a764cb6662ec1d1404b7fb137e28e77aed9768707274a3be9fc0183,bbed7951e28b710f024f5a427a2830ce3e709e97ab48f2ad30b6d7cb6979fb7e
driven_dissipation_01,driven_dissipation,1,10,3,driven_dissipation_01_r1_n10_b3,data/problems/evaluation/driven_dissipation_01_r1_n10_b3.npz,-8.729156196437586,-4.616317773636343,8.73026219352852,8.73026219352852,8.73026219352852,8.73026219352852,120,7734202ba1f89d5321cc6864caa9890eac2add1c1e886943d1975e6e0932bd94,1890270f9a764cb6662ec1d1404b7fb137e28e77aed9768707274a3be9fc0183,681773a38cfaea4bb802f7f80759cd77b00e8090c9370fcf0d5d898c59b235e0
driven_dissipation_01,driven_dissipation,1,12,3,driven_dissipation_01_r1_n12_b3,data/problems/evaluation/driven_dissipation_01_r1_n12_b3.npz,-8.729156196437586,-4.2917405761798,8.73026219352852,8.73026219352852,8.73026219352852,8.73026219352852,220,7734202ba1f89d5321cc6864caa9890eac2add1c1e886943d1975e6e0932bd94,1890270f9a764cb6662ec1d1404b7fb137e28e77aed9768707274a3be9fc0183,56f5cea3ad9eae26620522dd6b54dc8cd40c554ed84174075bdb5c3480325e57
driven_dissipation_01,driven_dissipation,1,14,3,driven_dissipation_01_r1_n14_b3,data/problems/evaluation/driven_dissipation_01_r1_n14_b3.npz,-8.729156196437586,-4.2917405761798,8.73026219352852,8.73026219352852,8.73026219352852,8.73026219352852,364,7734202ba1f89d5321cc6864caa9890eac2add1c1e886943d1975e6e0932bd94,1890270f9a764cb6662ec1d1404b7fb137e28e77aed9768707274a3be9fc0183,7b105dd15d7d2b813dc837699eb81e1cb5e5eb227154a1bca661e59ea429692b
driven_dissipation_01,driven_dissipation,1,14,5,driven_dissipation_01_r1_n14_b5,data/problems/evaluation/driven_dissipation_01_r1_n14_b5.npz,-13.042689163206628,-4.738553071757206,13.025379067644769,13.025379067644769,13.137606509939937,,2002,7734202ba1f89d5321cc6864caa9890eac2add1c1e886943d1975e6e0932bd94,1890270f9a764cb6662ec1d1404b7fb137e28e77aed9768707274a3be9fc0183,b9e0094e16c98fd040c8fe9cbcb605ce3543c99dd38ee8599a2c0f0043197d97
driven_dissipation_01,driven_dissipation,2,8,3,driven_dissipation_01_r2_n8_b3,data/problems/evaluation/driven_dissipation_01_r2_n8_b3.npz,-6.562068417164134,-4.168991747917321,6.562068417015053,6.562068417015053,6.562068417015053,6.562068417015052,56,ef872c12c56679c2650dcada88bd337d4e40cce509b6610256eed49261cc7841,1cdbe9c22aa1be37eb222e718094564b9007bfbb314166b5e53afd940995e961,8bfe473c0d1d042a39c1139ba590254f0b2d6fa7702558d446fa6c247f4b592b
driven_dissipation_01,driven_dissipation,2,10,3,driven_dissipation_01_r2_n10_b3,data/problems/evaluation/driven_dissipation_01_r2_n10_b3.npz,-6.562068417164134,-4.168991747917321,6.562068417015053,6.562068417015053,6.562068417015053,6.562068417015052,120,ef872c12c56679c2650dcada88bd337d4e40cce509b6610256eed49261cc7841,1cdbe9c22aa1be37eb222e718094564b9007bfbb314166b5e53afd940995e961,c52ce7b29eafb467086bc887267c76d50140081a95a3a70f70262722738adf01
driven_dissipation_01,driven_dissipation,2,12,3,driven_dissipation_01_r2_n12_b3,data/problems/evaluation/driven_dissipation_01_r2_n12_b3.npz,-6.562068417164134,-4.168991747917321,6.562068417015053,6.562068417015053,6.562068417015053,6.562068417015052,220,ef872c12c56679c2650dcada88bd337d4e40cce509b6610256eed49261cc7841,1cdbe9c22aa1be37eb222e718094564b9007bfbb314166b5e53afd940995e961,eecdd099158b5a7591016597a4b575d7d4471ec1090630deac79a384c68f26da
driven_dissipation_01,driven_dissipation,2,14,3,driven_dissipation_01_r2_n14_b3,data/problems/evaluation/driven_dissipation_01_r2_n14_b3.npz,-6.562068417164134,-4.168991747917321,6.562068417015053,6.562068417015053,6.562068417015053,6.562068417015052,364,ef872c12c56679c2650dcada88bd337d4e40cce509b6610256eed49261cc7841,1cdbe9c22aa1be37eb222e718094564b9007bfbb314166b5e53afd940995e961,1f1990552abf5e346334a814c773ec79e2e1aee865d8eddc54c9daba21fc9608
driven_dissipation_01,driven_dissipation,2,14,5,driven_dissipation_01_r2_n14_b5,data/problems/evaluation/driven_dissipation_01_r2_n14_b5.npz,-10.37398930295657,-5.942411811617447,10.373986911324248,10.373986911324248,10.373986911324248,,2002,ef872c12c56679c2650dcada88bd337d4e40cce509b6610256eed49261cc7841,1cdbe9c22aa1be37eb222e718094564b9007bfbb314166b5e53afd940995e961,9e49f906a9bffb98653a32e3cf0b6135d9f6ad499cd2118bd09adec47e7e3eb2
driven_dissipation_02,driven_dissipation,0,8,3,driven_dissipation_02_r0_n8_b3,data/problems/evaluation/driven_dissipation_02_r0_n8_b3.npz,-11.583858099263713,-4.683700867457414,11.597307159463119,11.597307159463119,11.882507551995575,11.882507551995575,56,902e624f167c042bdaccbbce8f5f4cd1ea8e23ab038126242a70a4e571e6635b,64fdffa84dda1710e7804fe2375d90da08fedfa1c05414c4dca75336332b9c17,0862eb14a5b32accc0219dda5ff1b26e7e6dbdd52b114086cd0e6a97f02151ae
driven_dissipation_02,driven_dissipation,0,10,3,driven_dissipation_02_r0_n10_b3,data/problems/evaluation/driven_dissipation_02_r0_n10_b3.npz,-11.583858099263713,-4.683700867457414,11.597307159463119,11.597307159463119,11.882507551995575,11.882507551995575,120,902e624f167c042bdaccbbce8f5f4cd1ea8e23ab038126242a70a4e571e6635b,64fdffa84dda1710e7804fe2375d90da08fedfa1c05414c4dca75336332b9c17,7319aec42380b43d95acf2dff2571e099936a54c8625868e6b4a2abce5e3f174
driven_dissipation_02,driven_dissipation,0,12,3,driven_dissipation_02_r0_n12_b3,data/problems/evaluation/driven_dissipation_02_r0_n12_b3.npz,-11.583858099263713,-4.276754288783695,11.597307159463119,11.597307159463119,11.882507551995575,11.882507551995575,220,902e624f167c042bdaccbbce8f5f4cd1ea8e23ab038126242a70a4e571e6635b,64fdffa84dda1710e7804fe2375d90da08fedfa1c05414c4dca75336332b9c17,06404c568f9e05f3581ca71a10f2604c92bdf6b9956090f110885f3aeea8dc5a
driven_dissipation_02,driven_dissipation,0,14,3,driven_dissipation_02_r0_n14_b3,data/problems/evaluation/driven_dissipation_02_r0_n14_b3.npz,-11.881170978150323,-4.276754288783695,11.882507551995575,11.882507551995575,11.882507551995575,11.882507551995575,364,902e624f167c042bdaccbbce8f5f4cd1ea8e23ab038126242a70a4e571e6635b,64fdffa84dda1710e7804fe2375d90da08fedfa1c05414c4dca75336332b9c17,a63977ef03cebc9f9593b6058e23a8297ceb0bb593a4a34f99edf72f4e18e848
driven_dissipation_02,driven_dissipation,0,14,5,driven_dissipation_02_r0_n14_b5,data/problems/evaluation/driven_dissipation_02_r0_n14_b5.npz,-17.932575822988444,1.5252260512936928,17.8933591207105,17.8933591207105,17.996041865667276,,2002,902e624f167c042bdaccbbce8f5f4cd1ea8e23ab038126242a70a4e571e6635b,64fdffa84dda1710e7804fe2375d90da08fedfa1c05414c4dca75336332b9c17,1512f0e74fb3681773801ba238a098ac56cc28c964ee7a8649efdc41f008b0f1
driven_dissipation_02,driven_dissipation,1,8,3,driven_dissipation_02_r1_n8_b3,data/problems/evaluation/driven_dissipation_02_r1_n8_b3.npz,-8.871822184546598,-3.4124248998906275,8.880747968259039,8.880747968259039,8.880747968259039,8.880747968259042,56,4fcc2f35514099ca10d6706c9d9a9e725a1bcbccb70193869cbf194e4a1b7127,a904598ba9953b735996ad221e22980b8cc1822bb805a4e65afc92361b68e41a,720588c5bdadb54878e32866d95c574893f19ae5889c6d5857434bd3683b1c08
driven_dissipation_02,driven_dissipation,1,10,3,driven_dissipation_02_r1_n10_b3,data/problems/evaluation/driven_dissipation_02_r1_n10_b3.npz,-8.871822184546598,-3.4124248998906275,8.880747968259039,8.880747968259039,8.880747968259039,8.880747968259042,120,4fcc2f35514099ca10d6706c9d9a9e725a1bcbccb70193869cbf194e4a1b7127,a904598ba9953b735996ad221e22980b8cc1822bb805a4e65afc92361b68e41a,305ab9a4d7598d6bfa839c702acb41701d4f4c52e1748e3c75f19f021f9f1503
driven_dissipation_02,driven_dissipation,1,12,3,driven_dissipation_02_r1_n12_b3,data/problems/evaluation/driven_dissipation_02_r1_n12_b3.npz,-8.871822184546598,-3.4124248998906275,8.880747968259039,8.880747968259039,8.880747968259039,8.880747968259042,220,4fcc2f35514099ca10d6706c9d9a9e725a1bcbccb70193869cbf194e4a1b7127,a904598ba9953b735996ad221e22980b8cc1822bb805a4e65afc92361b68e41a,dd4caee33efc48f399a457d37a05e7a95b8b27423c4a623158f9a9036c899f31
driven_dissipation_02,driven_dissipation,1,14,3,driven_dissipation_02_r1_n14_b3,data/problems/evaluation/driven_dissipation_02_r1_n14_b3.npz,-8.871822184546598,-3.4124248998906275,8.880747968259039,8.880747968259039,8.880747968259039,8.880747968259042,364,4fcc2f35514099ca10d6706c9d9a9e725a1bcbccb70193869cbf194e4a1b7127,a904598ba9953b735996ad221e22980b8cc1822bb805a4e65afc92361b68e41a,505dc10e0e272aa6e669e8a91ea45c70f59b7da16b24eb61b20c548088294b95
driven_dissipation_02,driven_dissipation,1,14,5,driven_dissipation_02_r1_n14_b5,data/problems/evaluation/driven_dissipation_02_r1_n14_b5.npz,-13.9401592700017,0.9077276474242293,13.940005258468174,13.940005258468174,13.940005258468174,,2002,4fcc2f35514099ca10d6706c9d9a9e725a1bcbccb70193869cbf194e4a1b7127,a904598ba9953b735996ad221e22980b8cc1822bb805a4e65afc92361b68e41a,caf85dc6897e98b2ce6d08ba9b24ce574f469b44f6554da89a33984e85469477
driven_dissipation_02,driven_dissipation,2,8,3,driven_dissipation_02_r2_n8_b3,data/problems/evaluation/driven_dissipation_02_r2_n8_b3.npz,-7.220660762520404,-4.610168471441583,7.220601381484199,7.220601381484199,7.164261473192937,7.220601381484199,56,37c90af36df1ff59328ac7c2717efded36f34da2a2afdc33782f3b435b27d7ed,37e9161c3abd02718ce8311ac7e6b38d153bbe61901798efb9c7d58efced29c2,f22f355fd8290cc561379a30f20b65fa75a86f8e175ea5026e4fed659989a3b1
driven_dissipation_02,driven_dissipation,2,10,3,driven_dissipation_02_r2_n10_b3,data/problems/evaluation/driven_dissipation_02_r2_n10_b3.npz,-7.220660762520404,-4.610168471441583,7.220601381484199,7.220601381484199,7.164261473192937,7.220601381484199,120,37c90af36df1ff59328ac7c2717efded36f34da2a2afdc33782f3b435b27d7ed,37e9161c3abd02718ce8311ac7e6b38d153bbe61901798efb9c7d58efced29c2,65a2a3c2bb93c83b62b4d895f1f4f573e8fa37c05916cd1442c158bf26649971
driven_dissipation_02,driven_dissipation,2,12,3,driven_dissipation_02_r2_n12_b3,data/problems/evaluation/driven_dissipation_02_r2_n12_b3.npz,-7.220660762520404,-4.610168471441583,7.220601381484199,7.220601381484199,7.164261473192937,7.220601381484199,220,37c90af36df1ff59328ac7c2717efded36f34da2a2afdc33782f3b435b27d7ed,37e9161c3abd02718ce8311ac7e6b38d153bbe61901798efb9c7d58efced29c2,b5ee5d4def7b20fbcea8d89447155ade4dfd31f50c3909e9f9bf8f2086923f01
driven_dissipation_02,driven_dissipation,2,14,3,driven_dissipation_02_r2_n14_b3,data/problems/evaluation/driven_dissipation_02_r2_n14_b3.npz,-7.220660762520404,-4.489687623128843,7.220601381484199,7.220601381484199,7.164261473192937,7.220601381484199,364,37c90af36df1ff59328ac7c2717efded36f34da2a2afdc33782f3b435b27d7ed,37e9161c3abd02718ce8311ac7e6b38d153bbe61901798efb9c7d58efced29c2,fb182993c9245e4e82009f158f503ce6ed5dc33fbfa05f7d650da5e558470723
driven_dissipation_02,driven_dissipation,2,14,5,driven_dissipation_02_r2_n14_b5,data/problems/evaluation/driven_dissipation_02_r2_n14_b5.npz,-11.37655744636792,-5.953779219159843,11.374185429207984,11.374185429207984,11.223105442805673,,2002,37c90af36df1ff59328ac7c2717efded36f34da2a2afdc33782f3b435b27d7ed,37e9161c3abd02718ce8311ac7e6b38d153bbe61901798efb9c7d58efced29c2,33829480acab6d02b2c547d42d9cafe70facaf585ff1e7cce477f08b6cecde94
driven_dissipation_03,driven_dissipation,0,8,3,driven_dissipation_03_r0_n8_b3,data/problems/evaluation/driven_dissipation_03_r0_n8_b3.npz,-12.137923659792415,-6.593983962689737,12.143762237131712,12.143762237131712,12.29001469774014,12.29001469774014,56,7112e074069010f6675dad4f853d7c326c372413db101b780fdd0c7902019422,6b9bbcb378cec249f1054d49471c4e5164a231edfc828de6e8b36f60eef63293,8448e9b57cff8093c7db4d749eb460126fb4618cc0b7e5ef593a257645298a78
driven_dissipation_03,driven_dissipation,0,10,3,driven_dissipation_03_r0_n10_b3,data/problems/evaluation/driven_dissipation_03_r0_n10_b3.npz,-12.145160989227268,-6.425856382379712,12.143762237131712,12.119594869667864,12.29001469774014,12.29001469774014,120,7112e074069010f6675dad4f853d7c326c372413db101b780fdd0c7902019422,6b9bbcb378cec249f1054d49471c4e5164a231edfc828de6e8b36f60eef63293,d0582be9911c06fad64fbcf6e69b5c9f2b4cb81eccb94f48f974870705bc80f0
driven_dissipation_03,driven_dissipation,0,12,3,driven_dissipation_03_r0_n12_b3,data/problems/evaluation/driven_dissipation_03_r0_n12_b3.npz,-12.145160989227268,-6.425856382379712,12.143762237131712,12.119594869667864,12.29001469774014,12.29001469774014,220,7112e074069010f6675dad4f853d7c326c372413db101b780fdd0c7902019422,6b9bbcb378cec249f1054d49471c4e5164a231edfc828de6e8b36f60eef63293,405d4d2efefe743d41683250246ef1759cce9d7d580c1955bb2db9fe0220637c
driven_dissipation_03,driven_dissipation,0,14,3,driven_dissipation_03_r0_n14_b3,data/problems/evaluation/driven_dissipation_03_r0_n14_b3.npz,-12.145160989227268,-4.371132644600018,12.143762237131712,12.119594869667864,12.29001469774014,12.29001469774014,364,7112e074069010f6675dad4f853d7c326c372413db101b780fdd0c7902019422,6b9bbcb378cec249f1054d49471c4e5164a231edfc828de6e8b36f60eef63293,d848b15dcfe43386427134b1971dccf36b2776b5d05290c28923dbd0effee496
driven_dissipation_03,driven_dissipation,0,14,5,driven_dissipation_03_r0_n14_b5,data/problems/evaluation/driven_dissipation_03_r0_n14_b5.npz,-18.122197141224206,-0.5381574779750338,18.030376584424403,17.855405766949982,19.289260233459036,,2002,7112e074069010f6675dad4f853d7c326c372413db101b780fdd0c7902019422,6b9bbcb378cec249f1054d49471c4e5164a231edfc828de6e8b36f60eef63293,d904e2db3453338a83a30a953f7ce44547e5dcbcfe1439557b1b36ac2459b68c
driven_dissipation_03,driven_dissipation,1,8,3,driven_dissipation_03_r1_n8_b3,data/problems/evaluation/driven_dissipation_03_r1_n8_b3.npz,-9.803481520387525,-3.917873548444031,9.801383353709797,9.801383353709797,9.801383353709797,9.801383353709795,56,a0638b6cda12585a1d0c30180b0c023db8c97b158e1d76fd452de9d386b48ff5,ade4a739e52d886d0e6c1caf0bea5798872fccc09cf6a430198361141049e968,861fc1eddd8e22d825c954ad91d21b9333cbfc9eb9da63098a2aeee20d58c1b2
driven_dissipation_03,driven_dissipation,1,10,3,driven_dissipation_03_r1_n10_b3,data/problems/evaluation/driven_dissipation_03_r1_n10_b3.npz,-9.803481520387525,-3.917873548444031,9.801383353709797,9.801383353709797,9.801383353709797,9.801383353709795,120,a0638b6cda12585a1d0c30180b0c023db8c97b158e1d76fd452de9d386b48ff5,ade4a739e52d886d0e6c1caf0bea5798872fccc09cf6a430198361141049e968,aefa8a64f15c99a6b5ab52288b3639f4cc3c85d601ea6e852d703d3fb7b56d58
driven_dissipation_03,driven_dissipation,1,12,3,driven_dissipation_03_r1_n12_b3,data/problems/evaluation/driven_dissipation_03_r1_n12_b3.npz,-9.803481520387525,-3.917873548444031,9.801383353709797,9.801383353709797,9.801383353709797,9.801383353709795,220,a0638b6cda12585a1d0c30180b0c023db8c97b158e1d76fd452de9d386b48ff5,ade4a739e52d886d0e6c1caf0bea5798872fccc09cf6a430198361141049e968,b31d7c8ba2765c59c30e73c5f3539d1322c1b9fdb71a3f1a76b1e34a19a599f0
driven_dissipation_03,driven_dissipation,1,14,3,driven_dissipation_03_r1_n14_b3,data/problems/evaluation/driven_dissipation_03_r1_n14_b3.npz,-9.803481520387525,-3.917873548444031,9.801383353709797,9.801383353709797,9.801383353709797,9.801383353709795,364,a0638b6cda12585a1d0c30180b0c023db8c97b158e1d76fd452de9d386b48ff5,ade4a739e52d886d0e6c1caf0bea5798872fccc09cf6a430198361141049e968,0c625c13a87ac2e5c3b94a61915f684c24b1d6bf255f938a82e1c2e75191c762
driven_dissipation_03,driven_dissipation,1,14,5,driven_dissipation_03_r1_n14_b5,data/problems/evaluation/driven_dissipation_03_r1_n14_b5.npz,-14.326749201434083,-4.99542475056394,14.310503871683647,14.310503871683647,14.376372938978589,,2002,a0638b6cda12585a1d0c30180b0c023db8c97b158e1d76fd452de9d386b48ff5,ade4a739e52d886d0e6c1caf0bea5798872fccc09cf6a430198361141049e968,0875e4447c552be1474cb2d2408c3b3763d7deb13b0a74174629cbc10d18803a
driven_dissipation_03,driven_dissipation,2,8,3,driven_dissipation_03_r2_n8_b3,data/problems/evaluation/driven_dissipation_03_r2_n8_b3.npz,-6.8145689178250795,-4.448844820594127,6.8142579862739945,6.8142579862739945,6.8142579862739945,6.8142579862739945,56,190b1369ee58f4980d3dfd89a7505ef5ba79cac2b214f45704a28b7caf7b82ed,9ec6824bded6a531a92b43439c332e9f23216e2ed55b159443c88f089473c0ab,e5b672a0d3e068ab2d7560dcb9128fd78ebeeb6b5ee103111bd47f92e033066c
driven_dissipation_03,driven_dissipation,2,10,3,driven_dissipation_03_r2_n10_b3,data/problems/evaluation/driven_dissipation_03_r2_n10_b3.npz,-6.8145689178250795,-4.448844820594127,6.8142579862739945,6.8142579862739945,6.8142579862739945,6.8142579862739945,120,190b1369ee58f4980d3dfd89a7505ef5ba79cac2b214f45704a28b7caf7b82ed,9ec6824bded6a531a92b43439c332e9f23216e2ed55b159443c88f089473c0ab,c21a2b0ffe67f634fad081da854706a867222f6cdbbf6402bd2f65ee21d818c1
driven_dissipation_03,driven_dissipation,2,12,3,driven_dissipation_03_r2_n12_b3,data/problems/evaluation/driven_dissipation_03_r2_n12_b3.npz,-6.8145689178250795,-4.448844820594127,6.8142579862739945,6.8142579862739945,6.8142579862739945,6.8142579862739945,220,190b1369ee58f4980d3dfd89a7505ef5ba79cac2b214f45704a28b7caf7b82ed,9ec6824bded6a531a92b43439c332e9f23216e2ed55b159443c88f089473c0ab,f251217e71c07b289881e895b75f02772856406ca17cbf8b61c6e596e63af86a
driven_dissipation_03,driven_dissipation,2,14,3,driven_dissipation_03_r2_n14_b3,data/problems/evaluation/driven_dissipation_03_r2_n14_b3.npz,-6.8145689178250795,-4.1298418651921445,6.8142579862739945,6.8142579862739945,6.8142579862739945,6.8142579862739945,364,190b1369ee58f4980d3dfd89a7505ef5ba79cac2b214f45704a28b7caf7b82ed,9ec6824bded6a531a92b43439c332e9f23216e2ed55b159443c88f089473c0ab,9b9ee0112be4a21e0dd64dde8525f057d465f67fd6af02b08a9c4aaf18cc145b
driven_dissipation_03,driven_dissipation,2,14,5,driven_dissipation_03_r2_n14_b5,data/problems/evaluation/driven_dissipation_03_r2_n14_b5.npz,-10.944491657326076,-6.130052713739159,10.9508018406263,10.9508018406263,10.950801840626298,,2002,190b1369ee58f4980d3dfd89a7505ef5ba79cac2b214f45704a28b7caf7b82ed,9ec6824bded6a531a92b43439c332e9f23216e2ed55b159443c88f089473c0ab,43d76553f831d3d157a02ef44fff0d5dfd7df2b2ca71ffaaccb722ca2f66b7e6
driven_dissipation_04,driven_dissipation,0,8,3,driven_dissipation_04_r0_n8_b3,data/problems/evaluation/driven_dissipation_04_r0_n8_b3.npz,-11.315826714664105,-6.120113420466682,11.315805282813116,11.315805282813116,11.315805282813116,11.315805282813116,56,7274f3cf6a34894d81a455ba1a8f4358e61aae62c9849f43034d799f5b89e96c,e268fc62424e2bc5b8c4a7994151d5fda664e50aa1731ed58b4dd4f96a1c3f31,ec1c7c2de8a564f6fe8e6726bc189e4f6fae036e79ec7c60372c1ad6759ddb68
driven_dissipation_04,driven_dissipation,0,10,3,driven_dissipation_04_r0_n10_b3,data/problems/evaluation/driven_dissipation_04_r0_n10_b3.npz,-11.315826714664105,-6.120113420466682,11.315805282813116,11.315805282813116,11.315805282813116,11.315805282813116,120,7274f3cf6a34894d81a455ba1a8f4358e61aae62c9849f43034d799f5b89e96c,e268fc62424e2bc5b8c4a7994151d5fda664e50aa1731ed58b4dd4f96a1c3f31,9339a4237f5444f51ec8e92f94184467ff5c45ccdb6796a5b9642319a21188c0
driven_dissipation_04,driven_dissipation,0,12,3,driven_dissipation_04_r0_n12_b3,data/problems/evaluation/driven_dissipation_04_r0_n12_b3.npz,-11.315826714664105,-6.120113420466682,11.315805282813116,11.315805282813116,11.315805282813116,11.315805282813116,220,7274f3cf6a34894d81a455ba1a8f4358e61aae62c9849f43034d799f5b89e96c,e268fc62424e2bc5b8c4a7994151d5fda664e50aa1731ed58b4dd4f96a1c3f31,0f5b167bcb368b2f0b9ac02c1f573690e1b6e720934ffc3b692a151365d9df33
driven_dissipation_04,driven_dissipation,0,14,3,driven_dissipation_04_r0_n14_b3,data/problems/evaluation/driven_dissipation_04_r0_n14_b3.npz,-11.315826714664105,-6.120113420466682,11.315805282813116,11.315805282813116,11.315805282813116,11.315805282813116,364,7274f3cf6a34894d81a455ba1a8f4358e61aae62c9849f43034d799f5b89e96c,e268fc62424e2bc5b8c4a7994151d5fda664e50aa1731ed58b4dd4f96a1c3f31,8b7e92cd5786b8af9f24b1d6fd2420131a970de7e50e707d6b5aa2cf30383135
driven_dissipation_04,driven_dissipation,0,14,5,driven_dissipation_04_r0_n14_b5,data/problems/evaluation/driven_dissipation_04_r0_n14_b5.npz,-17.518093684570072,-6.3478136872885536,17.517405155619684,17.517405155619684,17.509699280880085,,2002,7274f3cf6a34894d81a455ba1a8f4358e61aae62c9849f43034d799f5b89e96c,e268fc62424e2bc5b8c4a7994151d5fda664e50aa1731ed58b4dd4f96a1c3f31,074ccfe8851beb09ccbffe33c065c597c25b0a6dadc4f8b03383de778163940f
driven_dissipation_04,driven_dissipation,1,8,3,driven_dissipation_04_r1_n8_b3,data/problems/evaluation/driven_dissipation_04_r1_n8_b3.npz,-8.962323540793253,-5.112968884388726,8.961416818988038,8.961416818988038,8.961416818988038,8.961416818988038,56,6fa677addfdfe25071c77fdbf8563dda5d33366eae7d8f60ad13542d61ecf93f,49dc28306452e0b71079557dd4bc3d589e227afca8c21f97d2deb8f68e4cf346,146bf3fcbf056e1f6309e3b2fbe244d4c3dd49ef0f837bb7158db1016105de8d
driven_dissipation_04,driven_dissipation,1,10,3,driven_dissipation_04_r1_n10_b3,data/problems/evaluation/driven_dissipation_04_r1_n10_b3.npz,-8.962323540793253,-5.001189813638026,8.961416818988038,8.961416818988038,8.961416818988038,8.961416818988038,120,6fa677addfdfe25071c77fdbf8563dda5d33366eae7d8f60ad13542d61ecf93f,49dc28306452e0b71079557dd4bc3d589e227afca8c21f97d2deb8f68e4cf346,bbb774b0dfe56d3cf2fddd21756903d2df706a6b684e292c59ac3f4740c7c48f
driven_dissipation_04,driven_dissipation,1,12,3,driven_dissipation_04_r1_n12_b3,data/problems/evaluation/driven_dissipation_04_r1_n12_b3.npz,-8.962323540793253,-4.569848107364088,8.961416818988038,8.961416818988038,8.961416818988038,8.961416818988038,220,6fa677addfdfe25071c77fdbf8563dda5d33366eae7d8f60ad13542d61ecf93f,49dc28306452e0b71079557dd4bc3d589e227afca8c21f97d2deb8f68e4cf346,cbb462b8b9398ba6456864387202e9796dc76d841a5c5c3ecd71d2f150f0f0d5
driven_dissipation_04,driven_dissipation,1,14,3,driven_dissipation_04_r1_n14_b3,data/problems/evaluation/driven_dissipation_04_r1_n14_b3.npz,-8.962323540793253,-4.569848107364088,8.961416818988038,8.961416818988038,8.961416818988038,8.961416818988038,364,6fa677addfdfe25071c77fdbf8563dda5d33366eae7d8f60ad13542d61ecf93f,49dc28306452e0b71079557dd4bc3d589e227afca8c21f97d2deb8f68e4cf346,991665e30b980e953120019995c96296ab8f0cac9896e716abfd9e6b67133caa
driven_dissipation_04,driven_dissipation,1,14,5,driven_dissipation_04_r1_n14_b5,data/problems/evaluation/driven_dissipation_04_r1_n14_b5.npz,-13.492824164793902,-4.470339920473281,13.50573764149166,13.50573764149166,13.765009800131875,,2002,6fa677addfdfe25071c77fdbf8563dda5d33366eae7d8f60ad13542d61ecf93f,49dc28306452e0b71079557dd4bc3d589e227afca8c21f97d2deb8f68e4cf346,c78beaed46b4ee254784b6cc303770efa89bd14f04a87b09523f0ebb8fc56fd5
driven_dissipation_04,driven_dissipation,2,8,3,driven_dissipation_04_r2_n8_b3,data/problems/evaluation/driven_dissipation_04_r2_n8_b3.npz,-7.036832702516256,-4.467970535097567,7.035602954366082,7.035602954366082,7.035602954366082,7.035602954366083,56,514f7a37e61b35077e5470e1d908fe2a02826d192440cc71011ffdd482583904,59f2d067c5cde666e47b85a93e5f959bd7681eb354a7d7429ea27da684ea6056,e3203d68fd280983c105094b7dfbe1a53ec33f8ccf2f01dbc9b1bf4ea8b2b4aa
driven_dissipation_04,driven_dissipation,2,10,3,driven_dissipation_04_r2_n10_b3,data/problems/evaluation/driven_dissipation_04_r2_n10_b3.npz,-7.036832702516256,-4.187950484673282,7.035602954366082,7.035602954366082,7.035602954366082,7.035602954366083,120,514f7a37e61b35077e5470e1d908fe2a02826d192440cc71011ffdd482583904,59f2d067c5cde666e47b85a93e5f959bd7681eb354a7d7429ea27da684ea6056,fca72c0d356fe21b3061198ab8833ddee25ed5cb77cb7ba245f6b0ea19d807a7
driven_dissipation_04,driven_dissipation,2,12,3,driven_dissipation_04_r2_n12_b3,data/problems/evaluation/driven_dissipation_04_r2_n12_b3.npz,-7.036832702516256,-4.187950484673282,7.035602954366082,7.035602954366082,7.035602954366082,7.035602954366083,220,514f7a37e61b35077e5470e1d908fe2a02826d192440cc71011ffdd482583904,59f2d067c5cde666e47b85a93e5f959bd7681eb354a7d7429ea27da684ea6056,d2963c7d7125b30395ca5fe81748d48a348d91a139ce7e2400bc2524d3f66024
driven_dissipation_04,driven_dissipation,2,14,3,driven_dissipation_04_r2_n14_b3,data/problems/evaluation/driven_dissipation_04_r2_n14_b3.npz,-7.036832702516256,-3.6974458876886995,7.035602954366082,7.035602954366082,7.035602954366082,7.035602954366083,364,514f7a37e61b35077e5470e1d908fe2a02826d192440cc71011ffdd482583904,59f2d067c5cde666e47b85a93e5f959bd7681eb354a7d7429ea27da684ea6056,cdccd6930cbdc79e9c1ecc1f8fe2f354fc4dc5da51d3df19a5ec0eca819a60c7
driven_dissipation_04,driven_dissipation,2,14,5,driven_dissipation_04_r2_n14_b5,data/problems/evaluation/driven_dissipation_04_r2_n14_b5.npz,-10.932657765240588,-4.555990658186581,10.941205840052417,10.941205840052417,10.840706553462194,,2002,514f7a37e61b35077e5470e1d908fe2a02826d192440cc71011ffdd482583904,59f2d067c5cde666e47b85a93e5f959bd7681eb354a7d7429ea27da684ea6056,928dc7bbca5d563015d5ab999d711e9e204b5e6ce1ca044a727af8e73cb7746d
depolarizing_00,depolarizing,0,8,3,depolarizing_00_r0_n8_b3,data/problems/evaluation/depolarizing_00_r0_n8_b3.npz,-10.99847905535216,-5.241508295036838,11.00651527510858,11.00651527510858,11.303761530582962,11.303761530582962,56,c386cbb173f70193a94606bb2689b2efd364d43de7a30a726f8811aa534e114a,26f53bc90964adebfda7d7ebd5ad112f3a47397ae55c81da4fb05156c267cc91,a87b2127b363928f4c399c239be4a811ce13c62044556b5b2a40403d681fc8eb
depolarizing_00,depolarizing,0,10,3,depolarizing_00_r0_n10_b3,data/problems/evaluation/depolarizing_00_r0_n10_b3.npz,-10.99847905535216,-3.704320000937404,11.00651527510858,11.00651527510858,11.303761530582962,11.303761530582962,120,c386cbb173f70193a94606bb2689b2efd364d43de7a30a726f8811aa534e114a,26f53bc90964adebfda7d7ebd5ad112f3a47397ae55c81da4fb05156c267cc91,41699513943616db521ab190ba5ff4156bb0f8945e05b61b5e1a83f60542b579
depolarizing_00,depolarizing,0,12,3,depolarizing_00_r0_n12_b3,data/problems/evaluation/depolarizing_00_r0_n12_b3.npz,-10.99847905535216,-2.8370216552205125,11.00651527510858,11.00651527510858,11.303761530582962,11.303761530582962,220,c386cbb173f70193a94606bb2689b2efd364d43de7a30a726f8811aa534e114a,26f53bc90964adebfda7d7ebd5ad112f3a47397ae55c81da4fb05156c267cc91,07c34e3e04bcdf1511f5353d37420f00c9a233570e90bf60bf4ec8e9387f39bc
depolarizing_00,depolarizing,0,14,3,depolarizing_00_r0_n14_b3,data/problems/evaluation/depolarizing_00_r0_n14_b3.npz,-11.304586222825154,-2.8370216552205125,11.303761530582962,11.303761530582962,11.303761530582962,11.303761530582962,364,c386cbb173f70193a94606bb2689b2efd364d43de7a30a726f8811aa534e114a,26f53bc90964adebfda7d7ebd5ad112f3a47397ae55c81da4fb05156c267cc91,a01da2ac244a8d9286b9615d7237b9758c8937bb135154a06c36f9d7b124b8dd
depolarizing_00,depolarizing,0,14,5,depolarizing_00_r0_n14_b5,data/problems/evaluation/depolarizing_00_r0_n14_b5.npz,-17.448925421642862,-0.21154074859088468,17.468027554803726,17.441405570673037,17.468027554803722,,2002,c386cbb173f70193a94606bb2689b2efd364d43de7a30a726f8811aa534e114a,26f53bc90964adebfda7d7ebd5ad112f3a47397ae55c81da4fb05156c267cc91,523066e620811ac3ab57f1ff6cd33659e339c7643c362254c63628778dbbce4e
depolarizing_00,depolarizing,1,8,3,depolarizing_00_r1_n8_b3,data/problems/evaluation/depolarizing_00_r1_n8_b3.npz,-9.347299792244105,-3.483885088950304,9.347214638972416,9.347214638972416,9.347214638972416,9.347214638972416,56,958c4747d8af19599012904d2d0879f0d74c017917547b30af269a3317d764df,ed95cd73bbe26049b4dce952e1ddaeb95a981e8f28753ec96a5391fbedd69dca,5dc58003a3318a753f0791e3ac29166efff567d68028d4e9c02acd35b92fee39
depolarizing_00,depolarizing,1,10,3,depolarizing_00_r1_n10_b3,data/problems/evaluation/depolarizing_00_r1_n10_b3.npz,-9.347299792244105,-3.483885088950304,9.347214638972416,9.347214638972416,9.347214638972416,9.347214638972416,120,958c4747d8af19599012904d2d0879f0d74c017917547b30af269a3317d764df,ed95cd73bbe26049b4dce952e1ddaeb95a981e8f28753ec96a5391fbedd69dca,5658d60b96ddf33562df6fa674a4d93a60544a74f4d619a58731e9f01895954a
depolarizing_00,depolarizing,1,12,3,depolarizing_00_r1_n12_b3,data/problems/evaluation/depolarizing_00_r1_n12_b3.npz,-9.347299792244105,-3.483885088950304,9.347214638972416,9.347214638972416,9.347214638972416,9.347214638972416,220,958c4747d8af19599012904d2d0879f0d74c017917547b30af269a3317d764df,ed95cd73bbe26049b4dce952e1ddaeb95a981e8f28753ec96a5391fbedd69dca,3a30934a98ffbf6903150eab8d6d8194976b4be947248dd6e05ce80216af23c9
depolarizing_00,depolarizing,1,14,3,depolarizing_00_r1_n14_b3,data/problems/evaluation/depolarizing_00_r1_n14_b3.npz,-9.347299792244105,-3.483885088950304,9.347214638972416,9.347214638972416,9.347214638972416,9.347214638972416,364,958c4747d8af19599012904d2d0879f0d74c017917547b30af269a3317d764df,ed95cd73bbe26049b4dce952e1ddaeb95a981e8f28753ec96a5391fbedd69dca,2b0375de99094bbfbdf40e15156de087037a8269804f209bd08a13ae34f114c4
depolarizing_00,depolarizing,1,14,5,depolarizing_00_r1_n14_b5,data/problems/evaluation/depolarizing_00_r1_n14_b5.npz,-13.686649782608365,-3.5207978731314498,13.678278683075817,13.678278683075817,13.942886354598116,,2002,958c4747d8af19599012904d2d0879f0d74c017917547b30af269a3317d764df,ed95cd73bbe26049b4dce952e1ddaeb95a981e8f28753ec96a5391fbedd69dca,00caf8abd920ad0ae74aebd3bfe77133d4604299f49942de98e55efb4662d03b
depolarizing_00,depolarizing,2,8,3,depolarizing_00_r2_n8_b3,data/problems/evaluation/depolarizing_00_r2_n8_b3.npz,-6.810494517125488,-4.930190667987169,6.810507628057078,6.810507628057078,6.810507628057078,6.810507628057078,56,3baa6dd9277b96d25af0943f798022de7298836efe278e97b77fb724c37f9440,275e69c3246f5f0a6afb4a9343c8d266e6c873e15b4546d20400587fde026fc0,d10ab9f8986cea40e1a90303e13856e5cab9876ecd7e8717fed62859285d67ba
depolarizing_00,depolarizing,2,10,3,depolarizing_00_r2_n10_b3,data/problems/evaluation/depolarizing_00_r2_n10_b3.npz,-6.810494517125488,-4.2032912332927905,6.810507628057078,6.810507628057078,6.810507628057078,6.810507628057078,120,3baa6dd9277b96d25af0943f798022de7298836efe278e97b77fb724c37f9440,275e69c3246f5f0a6afb4a9343c8d266e6c873e15b4546d20400587fde026fc0,940e5890890eb04a6b89f67b207d73e1c2c3fc9fe82bededa4be5c6ddbf6b215
depolarizing_00,depolarizing,2,12,3,depolarizing_00_r2_n12_b3,data/problems/evaluation/depolarizing_00_r2_n12_b3.npz,-6.810494517125488,-2.127756663747909,6.810507628057078,6.810507628057078,6.810507628057078,6.810507628057078,220,3baa6dd9277b96d25af0943f798022de7298836efe278e97b77fb724c37f9440,275e69c3246f5f0a6afb4a9343c8d266e6c873e15b4546d20400587fde026fc0,1ee852aa786d12d51f528f4c9a6d2ee6ac098f7d6bad166e83ea091a3669b9d9
depolarizing_00,depolarizing,2,14,3,depolarizing_00_r2_n14_b3,data/problems/evaluation/depolarizing_00_r2_n14_b3.npz,-6.810494517125488,-2.127756663747909,6.810507628057078,6.810507628057078,6.810507628057078,6.810507628057078,364,3baa6dd9277b96d25af0943f798022de7298836efe278e97b77fb724c37f9440,275e69c3246f5f0a6afb4a9343c8d266e6c873e15b4546d20400587fde026fc0,d2c108faeb98b2e1e0542d0170dad0513df54b110fbe3f2adf9a0c8660523f2d
depolarizing_00,depolarizing,2,14,5,depolarizing_00_r2_n14_b5,data/problems/evaluation/depolarizing_00_r2_n14_b5.npz,-10.995048673655202,-1.8703926822528896,10.994800365718088,10.994800365718088,10.994800365718088,,2002,3baa6dd9277b96d25af0943f798022de7298836efe278e97b77fb724c37f9440,275e69c3246f5f0a6afb4a9343c8d266e6c873e15b4546d20400587fde026fc0,831923d44faa65ac8bd5a64f23e144faf574ed8694390c5a9d289428fb3392e0
depolarizing_01,depolarizing,0,8,3,depolarizing_01_r0_n8_b3,data/problems/evaluation/depolarizing_01_r0_n8_b3.npz,-10.989020190769052,-5.483078213737578,10.96722619150603,10.96722619150603,11.334090667240323,11.334090667240323,56,556b3e99af47306dd8e7c3f279da02cdb65a156ad906d2d69913706fac51fa4f,bb92fbfd30c20cca16ec789c37a043795a3d9c6d0950ce2bcc2432718c096a7c,1d8e78c083923845c86a8ab895c7a278772a576286292aefbc8d2189035cc83a
depolarizing_01,depolarizing,0,10,3,depolarizing_01_r0_n10_b3,data/problems/evaluation/depolarizing_01_r0_n10_b3.npz,-11.334365162525742,-5.483078213737578,11.334090667240323,11.334090667240323,11.334090667240323,11.334090667240323,120,556b3e99af47306dd8e7c3f279da02cdb65a156ad906d2d69913706fac51fa4f,bb92fbfd30c20cca16ec789c37a043795a3d9c6d0950ce2bcc2432718c096a7c,eeeea0af27958ce267c77cc7c83119a8e1fcb72fd14a4738007280c34f94e852
depolarizing_01,depolarizing,0,12,3,depolarizing_01_r0_n12_b3,data/problems/evaluation/depolarizing_01_r0_n12_b3.npz,-11.334365162525742,-5.234627304499465,11.334090667240323,11.334090667240323,11.334090667240323,11.334090667240323,220,556b3e99af47306dd8e7c3f279da02cdb65a156ad906d2d69913706fac51fa4f,bb92fbfd30c20cca16ec789c37a043795a3d9c6d0950ce2bcc2432718c096a7c,cb5fa3084aef4c448e5eb1123cd2480e037d9e084aa43c851718a2b2577aa98b
depolarizing_01,depolarizing,0,14,3,depolarizing_01_r0_n14_b3,data/problems/evaluation/depolarizing_01_r0_n14_b3.npz,-11.334365162525742,-5.234627304499465,11.334090667240323,11.334090667240323,11.334090667240323,11.334090667240323,364,556b3e99af47306dd8e7c3f279da02cdb65a156ad906d2d69913706fac51fa4f,bb92fbfd30c20cca16ec789c37a043795a3d9c6d0950ce2bcc2432718c096a7c,f731c0c6934091b8ac636cf7278566e2a2f39e91a96cccf1dfbf3b0721542fbd
depolarizing_01,depolarizing,0,14,5,depolarizing_01_r0_n14_b5,data/problems/evaluation/depolarizing_01_r0_n14_b5.npz,-17.770476119874655,-5.239526425516097,17.768332121279716,17.768332121279716,17.84755348090722,,2002,556b3e99af47306dd8e7c3f279da02cdb65a156ad906d2d69913706fac51fa4f,bb92fbfd30c20cca16ec789c37a043795a3d9c6d0950ce2bcc2432718c096a7c,01fa2e96832cb9afe7167600e716c0f94389f77eae7a3d90c95f3aeba1e12001
depolarizing_01,depolarizing,1,8,3,depolarizing_01_r1_n8_b3,data/problems/evaluation/depolarizing_01_r1_n8_b3.npz,-8.780092186178862,-2.3905986494005402,8.791940288917543,8.791940288917543,10.14672856462963,10.14672856462963,56,32b2ac774768c7be66597d0d4f3bd658eea5f2f8b0d4ae53f39340bc02d45b56,7faf93af62cc1f0d14a3b7696a6ae13cae7f45dfee3ef432b1e53f4631c4b00d,a60bff7c101aa51ea1d844a0ee9f46854bf2dbc062ee768294dcf45ebe46f25a
depolarizing_01,depolarizing,1,10,3,depolarizing_01_r1_n10_b3,data/problems/evaluation/depolarizing_01_r1_n10_b3.npz,-10.14886658419128,-2.3905986494005402,10.14672856462963,10.14672856462963,10.14672856462963,10.14672856462963,120,32b2ac774768c7be66597d0d4f3bd658eea5f2f8b0d4ae53f39340bc02d45b56,7faf93af62cc1f0d14a3b7696a6ae13cae7f45dfee3ef432b1e53f4631c4b00d,f08c2c52e56f4273e2901d5e7d9bb9aece215d59be90d8fcad2797c0d99a6db7
depolarizing_01,depolarizing,1,12,3,depolarizing_01_r1_n12_b3,data/problems/evaluation/depolarizing_01_r1_n12_b3.npz,-10.14886658419128,-2.3905986494005402,10.14672856462963,10.14672856462963,10.14672856462963,10.14672856462963,220,32b2ac774768c7be66597d0d4f3bd658eea5f2f8b0d4ae53f39340bc02d45b56,7faf93af62cc1f0d14a3b7696a6ae13cae7f45dfee3ef432b1e53f4631c4b00d,c12a71145e8cd83e294e6392c1bbdc3b40c1de703663222c21571f581568a354
depolarizing_01,depolarizing,1,14,3,depolarizing_01_r1_n14_b3,data/problems/evaluation/depolarizing_01_r1_n14_b3.npz,-10.14886658419128,-2.3905986494005402,10.14672856462963,10.14672856462963,10.14672856462963,10.14672856462963,364,32b2ac774768c7be66597d0d4f3bd658eea5f2f8b0d4ae53f39340bc02d45b56,7faf93af62cc1f0d14a3b7696a6ae13cae7f45dfee3ef432b1e53f4631c4b00d,8773dcb96c1182bb01ea8b98b704e4dc8b45a06faad7a743e2239cc7c0a7e933
depolarizing_01,depolarizing,1,14,5,depolarizing_01_r1_n14_b5,data/problems/evaluation/depolarizing_01_r1_n14_b5.npz,-14.038406625003576,4.54888995222597,13.89990467043856,13.489188602192591,15.93183340427904,,2002,32b2ac774768c7be66597d0d4f3bd658eea5f2f8b0d4ae53f39340bc02d45b56,7faf93af62cc1f0d14a3b7696a6ae13cae7f45dfee3ef432b1e53f4631c4b00d,ce18684dd6630d311770942663be16de2df40eee2e69f4b8c760c9dd2d5f03ad
depolarizing_01,depolarizing,2,8,3,depolarizing_01_r2_n8_b3,data/problems/evaluation/depolarizing_01_r2_n8_b3.npz,-8.16684700011957,-2.4334883249508135,7.305421790548608,7.277504935259143,8.344521006219923,8.362294617135294,56,fabb6beacaaa5550220518750ba9a0aefae5172216d69a73ae65f47ec7284311,83792a2a5766c4df0e0e1563c5ce674fec64893ac6506e4aa049537c054a3674,c70380df72093d7f8e1385278dadf697e769d1d121561fa31c8d32e235da3553
depolarizing_01,depolarizing,2,10,3,depolarizing_01_r2_n10_b3,data/problems/evaluation/depolarizing_01_r2_n10_b3.npz,-8.345315630301364,-2.4334883249508135,8.362294617135294,8.344521006219923,8.344521006219923,8.362294617135294,120,fabb6beacaaa5550220518750ba9a0aefae5172216d69a73ae65f47ec7284311,83792a2a5766c4df0e0e1563c5ce674fec64893ac6506e4aa049537c054a3674,37836903e8a122c635744ec6fb1ab1b03ed234b4dd651ce93fa72bd4dc15b986
depolarizing_01,depolarizing,2,12,3,depolarizing_01_r2_n12_b3,data/problems/evaluation/depolarizing_01_r2_n12_b3.npz,-8.345315630301364,-2.4334883249508135,8.362294617135294,8.344521006219923,8.344521006219923,8.362294617135294,220,fabb6beacaaa5550220518750ba9a0aefae5172216d69a73ae65f47ec7284311,83792a2a5766c4df0e0e1563c5ce674fec64893ac6506e4aa049537c054a3674,d42261953a2f9cb08937601c4f8fd61dde988c2658ccd84101939a7bbc93f9dc
depolarizing_01,depolarizing,2,14,3,depolarizing_01_r2_n14_b3,data/problems/evaluation/depolarizing_01_r2_n14_b3.npz,-8.345315630301364,-2.336661408620653,8.362294617135294,8.344521006219923,8.344521006219923,8.362294617135294,364,fabb6beacaaa5550220518750ba9a0aefae5172216d69a73ae65f47ec7284311,83792a2a5766c4df0e0e1563c5ce674fec64893ac6506e4aa049537c054a3674,43973b11cef19f264d0af361837a04c24c90c25792abc3ccb012dab17e5d0414
depolarizing_01,depolarizing,2,14,5,depolarizing_01_r2_n14_b5,data/problems/evaluation/depolarizing_01_r2_n14_b5.npz,-12.767567933455638,-1.1428988898887233,10.764190962387342,10.723967414188877,13.18770748369602,,2002,fabb6beacaaa5550220518750ba9a0aefae5172216d69a73ae65f47ec7284311,83792a2a5766c4df0e0e1563c5ce674fec64893ac6506e4aa049537c054a3674,fcd2b9b7a90c03a1d83e24c315ed26b32206125a16561bb806b4179bea8a448c
depolarizing_02,depolarizing,0,8,3,depolarizing_02_r0_n8_b3,data/problems/evaluation/depolarizing_02_r0_n8_b3.npz,-11.26914235117172,-6.953351607123233,11.265298281309557,11.265298281309557,11.265298281309557,11.265298281309557,56,4d83d8db534c674177c19f5b64aa255fb74160169c5e738c51644edb70340b08,a230717223f9a8e9d660d6d43f0b7a0e1219066d80561d51f87735866e35c470,afb7c3816b462e2cff794abef8493466fb29d417820ea5d16e73fb5e00e9f50f
depolarizing_02,depolarizing,0,10,3,depolarizing_02_r0_n10_b3,data/problems/evaluation/depolarizing_02_r0_n10_b3.npz,-11.26914235117172,-6.751893778972084,11.265298281309557,11.265298281309557,11.265298281309557,11.265298281309557,120,4d83d8db534c674177c19f5b64aa255fb74160169c5e738c51644edb70340b08,a230717223f9a8e9d660d6d43f0b7a0e1219066d80561d51f87735866e35c470,842a49608df02f775b93859346c6fedd72b4ffff3f9888e3a135bb56ee4f53b1
depolarizing_02,depolarizing,0,12,3,depolarizing_02_r0_n12_b3,data/problems/evaluation/depolarizing_02_r0_n12_b3.npz,-11.26914235117172,-3.9601304326228357,11.265298281309557,11.265298281309557,11.265298281309557,11.265298281309557,220,4d83d8db534c674177c19f5b64aa255fb74160169c5e738c51644edb70340b08,a230717223f9a8e9d660d6d43f0b7a0e1219066d80561d51f87735866e35c470,75d4fdd0af8b4d7be377a429e98951992943a509cb50ca2d3784cb71965f7574
depolarizing_02,depolarizing,0,14,3,depolarizing_02_r0_n14_b3,data/problems/evaluation/depolarizing_02_r0_n14_b3.npz,-11.26914235117172,-3.149861653536041,11.265298281309557,11.265298281309557,11.265298281309557,11.265298281309557,364,4d83d8db534c674177c19f5b64aa255fb74160169c5e738c51644edb70340b08,a230717223f9a8e9d660d6d43f0b7a0e1219066d80561d51f87735866e35c470,30c288cc9a859ec3d134f302b8dd66fc2ff3186899cf96eebb8019ea77b2f136
depolarizing_02,depolarizing,0,14,5,depolarizing_02_r0_n14_b5,data/problems/evaluation/depolarizing_02_r0_n14_b5.npz,-17.112925472999617,-2.888227102113621,17.25061138029275,17.25061138029275,17.416259547202294,,2002,4d83d8db534c674177c19f5b64aa255fb74160169c5e738c51644edb70340b08,a230717223f9a8e9d660d6d43f0b7a0e1219066d80561d51f87735866e35c470,514e025f291489c41a81eae612a7f59ee9a520d08ada42f251ba1496915f5bfd
depolarizing_02,depolarizing,1,8,3,depolarizing_02_r1_n8_b3,data/problems/evaluation/depolarizing_02_r1_n8_b3.npz,-9.381438136605098,-5.5770525734209695,9.381434623978803,9.381434623978803,9.381434623978803,9.381434623978803,56,a7d592a51e74ba425f7a24fce089f47ef7bd4380d603e9950fe493e71d23e88b,70e91feb0754c7fb54ebe22704905aac2917b500b3ffae9f51a32bb1f5961c12,add2aa4b8bbdbf2ab5fd298f2530c9ce0c0b93bd32911ceb4ad2c187b45e162f
depolarizing_02,depolarizing,1,10,3,depolarizing_02_r1_n10_b3,data/problems/evaluation/depolarizing_02_r1_n10_b3.npz,-9.381438136605098,-5.341763654862661,9.381434623978803,9.381434623978803,9.381434623978803,9.381434623978803,120,a7d592a51e74ba425f7a24fce089f47ef7bd4380d603e9950fe493e71d23e88b,70e91feb0754c7fb54ebe22704905aac2917b500b3ffae9f51a32bb1f5961c12,fcaf4b402cf9f644f54e1a5f573d91eafb3d8e3fdee2e099f8a336cb4507fed6
depolarizing_02,depolarizing,1,12,3,depolarizing_02_r1_n12_b3,data/problems/evaluation/depolarizing_02_r1_n12_b3.npz,-9.381438136605098,-4.988852587601232,9.381434623978803,9.381434623978803,9.381434623978803,9.381434623978803,220,a7d592a51e74ba425f7a24fce089f47ef7bd4380d603e9950fe493e71d23e88b,70e91feb0754c7fb54ebe22704905aac2917b500b3ffae9f51a32bb1f5961c12,1524a2eeae1c0a035207aaf6ecf4f9bb3b4a64947ac52df481179e0428330a49
depolarizing_02,depolarizing,1,14,3,depolarizing_02_r1_n14_b3,data/problems/evaluation/depolarizing_02_r1_n14_b3.npz,-9.381438136605098,-3.286119101010552,9.381434623978803,9.381434623978803,9.381434623978803,9.381434623978803,364,a7d592a51e74ba425f7a24fce089f47ef7bd4380d603e9950fe493e71d23e88b,70e91feb0754c7fb54ebe22704905aac2917b500b3ffae9f51a32bb1f5961c12,8acd8729866aa9228e003740d0e9fa0b7bdcea84c21a3e7cf48eb8498a60461d
depolarizing_02,depolarizing,1,14,5,depolarizing_02_r1_n14_b5,data/problems/evaluation/depolarizing_02_r1_n14_b5.npz,-14.510798115199435,-1.7772352349447758,14.498572967691612,14.424175271766838,14.998180564233303,,2002,a7d592a51e74ba425f7a24fce089f47ef7bd4380d603e9950fe493e71d23e88b,70e91feb0754c7fb54ebe22704905aac2917b500b3ffae9f51a32bb1f5961c12,4b8a4156db9c886c2027eb0ea99c5e258aaa2c5c0928d520e161b0e4aa27da2f
depolarizing_02,depolarizing,2,8,3,depolarizing_02_r2_n8_b3,data/problems/evaluation/depolarizing_02_r2_n8_b3.npz,-7.248438652635984,-2.2480344802967327,6.590124546084095,6.590124546084095,8.18792276740931,8.18792276740931,56,b239b360476ba595f4565e5f44e719a2438ce37d7a727bb46b44fcd888c23497,a93091b254906211a5a464397b79200d52f9409eafc816df181b452bd81cecd7,7f833ec9cf0ef8380312e7759bf024444a87d987f39649ebae98f24622e720a6
depolarizing_02,depolarizing,2,10,3,depolarizing_02_r2_n10_b3,data/problems/evaluation/depolarizing_02_r2_n10_b3.npz,-8.154112546116536,-2.2480344802967327,8.153234991575811,8.153234991575811,8.18792276740931,8.18792276740931,120,b239b360476ba595f4565e5f44e719a2438ce37d7a727bb46b44fcd888c23497,a93091b254906211a5a464397b79200d52f9409eafc816df181b452bd81cecd7,631b860858f20e2c1f5224674364cb02163349af79006874ef6cfbccd05fc317
depolarizing_02,depolarizing,2,12,3,depolarizing_02_r2_n12_b3,data/problems/evaluation/depolarizing_02_r2_n12_b3.npz,-8.154112546116535,-2.1836228765347787,8.153234991575811,8.153234991575811,8.18792276740931,8.18792276740931,220,b239b360476ba595f4565e5f44e719a2438ce37d7a727bb46b44fcd888c23497,a93091b254906211a5a464397b79200d52f9409eafc816df181b452bd81cecd7,7b37efa6966b99f8b08e6032882e0818fbc5aeaa350947c4637c5cfc876e77b8
depolarizing_02,depolarizing,2,14,3,depolarizing_02_r2_n14_b3,data/problems/evaluation/depolarizing_02_r2_n14_b3.npz,-8.188045833163779,-2.1836228765347787,8.18792276740931,8.18792276740931,8.18792276740931,8.18792276740931,364,b239b360476ba595f4565e5f44e719a2438ce37d7a727bb46b44fcd888c23497,a93091b254906211a5a464397b79200d52f9409eafc816df181b452bd81cecd7,65a9fa34877e22ff5681d16244c7bb6c7be57145b507435dafb5ca2292c736d1
depolarizing_02,depolarizing,2,14,5,depolarizing_02_r2_n14_b5,data/problems/evaluation/depolarizing_02_r2_n14_b5.npz,-11.327750348765958,6.034144051188761,10.006975002523193,9.99971324336783,12.54475836993672,,2002,b239b360476ba595f4565e5f44e719a2438ce37d7a727bb46b44fcd888c23497,a93091b254906211a5a464397b79200d52f9409eafc816df181b452bd81cecd7,a95d56501b8abc01be5adfc0a4408a0e0f2dd91feeabbb6eb42a0ba5cb87dca8
depolarizing_03,depolarizing,0,8,3,depolarizing_03_r0_n8_b3,data/problems/evaluation/depolarizing_03_r0_n8_b3.npz,-10.866580728297965,-7.8499375450176005,10.866580728297965,10.866580728297965,10.866580728297965,10.866580728297965,56,174efa5e36c085525771023ad164879920857c1a4de7e889172f166e028ce318,384566f58a72cbc55fa6e1e199af97a7ab7a872ec4925619bccc5420b53f5596,b7fd3855fe4f01c29bf9e23e0d17141c99c041db55bc226760b2b6b795d9697f
depolarizing_03,depolarizing,0,10,3,depolarizing_03_r0_n10_b3,data/problems/evaluation/depolarizing_03_r0_n10_b3.npz,-10.866580728297965,-6.840747529398417,10.866580728297965,10.866580728297965,10.866580728297965,10.866580728297965,120,174efa5e36c085525771023ad164879920857c1a4de7e889172f166e028ce318,384566f58a72cbc55fa6e1e199af97a7ab7a872ec4925619bccc5420b53f5596,36d9813892b49c533ca5376f7c50f9617db7b4643c4901089cc78a17313d53fe
depolarizing_03,depolarizing,0,12,3,depolarizing_03_r0_n12_b3,data/problems/evaluation/depolarizing_03_r0_n12_b3.npz,-10.866580728297965,-6.764846356745667,10.866580728297965,10.866580728297965,10.866580728297965,10.866580728297965,220,174efa5e36c085525771023ad164879920857c1a4de7e889172f166e028ce318,384566f58a72cbc55fa6e1e199af97a7ab7a872ec4925619bccc5420b53f5596,b2e8b4419e79b1ed50e7a93d7ab1c382f3fe01572017d2f2724586ebb177255a
depolarizing_03,depolarizing,0,14,3,depolarizing_03_r0_n14_b3,data/problems/evaluation/depolarizing_03_r0_n14_b3.npz,-10.866580728297965,-6.584319684054487,10.866580728297965,10.866580728297965,10.866580728297965,10.866580728297965,364,174efa5e36c085525771023ad164879920857c1a4de7e889172f166e028ce318,384566f58a72cbc55fa6e1e199af97a7ab7a872ec4925619bccc5420b53f5596,c50d5d0925cdffa38230e40aced1294fb29e6ac05cfff8bdfb3b533797b15f19
depolarizing_03,depolarizing,0,14,5,depolarizing_03_r0_n14_b5,data/problems/evaluation/depolarizing_03_r0_n14_b5.npz,-16.893667187560006,-8.871297412736242,16.89366718756001,16.89366718756001,16.89366718756001,,2002,174efa5e36c085525771023ad164879920857c1a4de7e889172f166e028ce318,384566f58a72cbc55fa6e1e199af97a7ab7a872ec4925619bccc5420b53f5596,17cffcb87b3a44a95213ec827c6da4168d1fb62f6bcb08adc5f6b9cd976a527a
depolarizing_03,depolarizing,1,8,3,depolarizing_03_r1_n8_b3,data/problems/evaluation/depolarizing_03_r1_n8_b3.npz,-9.698939747688392,-2.393321760965504,9.698940080114461,9.698940080114461,9.698940080114461,9.698940080114461,56,ae950ec5ac2d82992c5b19afdf7d229d3bb7207b932d4d343b301a5b225a4881,7fc7834bab0a2d97afd8b4c4ae5249cf59c10cc4796772c94474fa78b15c3dc3,470b29a32b994a778f23b2d325a219c30ef1004a6b620b9022fc675627282dc4
depolarizing_03,depolarizing,1,10,3,depolarizing_03_r1_n10_b3,data/problems/evaluation/depolarizing_03_r1_n10_b3.npz,-9.698939747688392,-2.393321760965504,9.698940080114461,9.698940080114461,9.698940080114461,9.698940080114461,120,ae950ec5ac2d82992c5b19afdf7d229d3bb7207b932d4d343b301a5b225a4881,7fc7834bab0a2d97afd8b4c4ae5249cf59c10cc4796772c94474fa78b15c3dc3,073db6592e53d946503c0b6e626b17b9cdb92e945ce6d1cd7fc0cb9ea6fe933d
depolarizing_03,depolarizing,1,12,3,depolarizing_03_r1_n12_b3,data/problems/evaluation/depolarizing_03_r1_n12_b3.npz,-9.698939747688392,-2.393321760965504,9.698940080114461,9.698940080114461,9.698940080114461,9.698940080114461,220,ae950ec5ac2d82992c5b19afdf7d229d3bb7207b932d4d343b301a5b225a4881,7fc7834bab0a2d97afd8b4c4ae5249cf59c10cc4796772c94474fa78b15c3dc3,0590f25561e09a03fa213b37d9ca6b7c46207fc47a53131bfbd24ec99b3fd38b
depolarizing_03,depolarizing,1,14,3,depolarizing_03_r1_n14_b3,data/problems/evaluation/depolarizing_03_r1_n14_b3.npz,-9.698939747688392,-2.393321760965504,9.698940080114461,9.698940080114461,9.698940080114461,9.698940080114461,364,ae950ec5ac2d82992c5b19afdf7d229d3bb7207b932d4d343b301a5b225a4881,7fc7834bab0a2d97afd8b4c4ae5249cf59c10cc4796772c94474fa78b15c3dc3,d677f7c1fba72270d38fd50d4f9f54474b7acea36fc207f5360f09264ab837f4
depolarizing_03,depolarizing,1,14,5,depolarizing_03_r1_n14_b5,data/problems/evaluation/depolarizing_03_r1_n14_b5.npz,-13.64698674405809,6.5583497080500806,13.642793370417449,13.642793370417449,14.193798650876703,,2002,ae950ec5ac2d82992c5b19afdf7d229d3bb7207b932d4d343b301a5b225a4881,7fc7834bab0a2d97afd8b4c4ae5249cf59c10cc4796772c94474fa78b15c3dc3,f1af9663fcf563a131e0ac14624caaf5b93daad090acc3d3023ad5a902ea2df8
depolarizing_03,depolarizing,2,8,3,depolarizing_03_r2_n8_b3,data/problems/evaluation/depolarizing_03_r2_n8_b3.npz,-6.5504126193177195,-3.870530188495433,6.550412619166697,6.550412619166697,6.550412619166697,6.550412619166697,56,9ec6580e0dd64235f20ecba7e7521f4692b6b460a557d8cef25970891b013a22,4dc6ba1de1dd04688880f86084b081bd03973dc793ce9949294adced32ab6956,221c76af8f595235e952bffaba5a92a363e2021c5dfe0768baf1dae68e94613e
depolarizing_03,depolarizing,2,10,3,depolarizing_03_r2_n10_b3,data/problems/evaluation/depolarizing_03_r2_n10_b3.npz,-6.5504126193177195,-3.8159091485255043,6.550412619166697,6.550412619166697,6.550412619166697,6.550412619166697,120,9ec6580e0dd64235f20ecba7e7521f4692b6b460a557d8cef25970891b013a22,4dc6ba1de1dd04688880f86084b081bd03973dc793ce9949294adced32ab6956,2bf4ed0c14b0e510f15cdb2964e17e12566bb09f554c561a559cafc392b3f84f
depolarizing_03,depolarizing,2,12,3,depolarizing_03_r2_n12_b3,data/problems/evaluation/depolarizing_03_r2_n12_b3.npz,-6.5504126193177195,-3.8159091485255043,6.550412619166697,6.550412619166697,6.550412619166697,6.550412619166697,220,9ec6580e0dd64235f20ecba7e7521f4692b6b460a557d8cef25970891b013a22,4dc6ba1de1dd04688880f86084b081bd03973dc793ce9949294adced32ab6956,8f8bfcfab3f327a10e9a4419393d5eca90482da6d46a7b89bb9ad30125a4741c
depolarizing_03,depolarizing,2,14,3,depolarizing_03_r2_n14_b3,data/problems/evaluation/depolarizing_03_r2_n14_b3.npz,-6.5504126193177195,-3.8159091485255043,6.550412619166697,6.550412619166697,6.550412619166697,6.550412619166697,364,9ec6580e0dd64235f20ecba7e7521f4692b6b460a557d8cef25970891b013a22,4dc6ba1de1dd04688880f86084b081bd03973dc793ce9949294adced32ab6956,c35ebda09a5368b934c0cddb9a0e4062b826be58926f2e04dfa07d2e91e325f6
depolarizing_03,depolarizing,2,14,5,depolarizing_03_r2_n14_b5,data/problems/evaluation/depolarizing_03_r2_n14_b5.npz,-10.568499002506039,-5.3665801896274985,10.568498142054347,10.568498142054347,10.568498142054347,,2002,9ec6580e0dd64235f20ecba7e7521f4692b6b460a557d8cef25970891b013a22,4dc6ba1de1dd04688880f86084b081bd03973dc793ce9949294adced32ab6956,a25da44af3e400255ee8a977e7712ef74340b72738f202d622c7d744a073e4ba
depolarizing_04,depolarizing,0,8,3,depolarizing_04_r0_n8_b3,data/problems/evaluation/depolarizing_04_r0_n8_b3.npz,-10.738970392382207,-4.648886529563105,10.74058646329372,10.732844800255634,11.235124918652835,11.235124918652835,56,6399209c7dd91112276be2b0d692e849dcd5c57c0fa269f8442e2f26b1eb3e74,3438d64ee7bca33ee2abdd4ea7451e7e764c5bd0c9c5f32ed5aa8bcbe588d162,b15e60122eafcfd8f7c632a148868c02c54a71f47e963b500c858b6cf24f2896
depolarizing_04,depolarizing,0,10,3,depolarizing_04_r0_n10_b3,data/problems/evaluation/depolarizing_04_r0_n10_b3.npz,-11.234999536491696,-4.648886529563105,11.235124918652835,11.235124918652835,11.235124918652835,11.235124918652835,120,6399209c7dd91112276be2b0d692e849dcd5c57c0fa269f8442e2f26b1eb3e74,3438d64ee7bca33ee2abdd4ea7451e7e764c5bd0c9c5f32ed5aa8bcbe588d162,1f5c40a3829ac6ca337b2b03cf33f688b3abe24276a57132a28a4a781fdff1ab
depolarizing_04,depolarizing,0,12,3,depolarizing_04_r0_n12_b3,data/problems/evaluation/depolarizing_04_r0_n12_b3.npz,-11.234999536491696,-4.648886529563105,11.235124918652835,11.235124918652835,11.235124918652835,11.235124918652835,220,6399209c7dd91112276be2b0d692e849dcd5c57c0fa269f8442e2f26b1eb3e74,3438d64ee7bca33ee2abdd4ea7451e7e764c5bd0c9c5f32ed5aa8bcbe588d162,12d5da7743d311488da393a8966e4318e195b93d386abadc1026a08392c94e2b
depolarizing_04,depolarizing,0,14,3,depolarizing_04_r0_n14_b3,data/problems/evaluation/depolarizing_04_r0_n14_b3.npz,-11.234999536491696,-3.506694722794104,11.235124918652835,11.235124918652835,11.235124918652835,11.235124918652835,364,6399209c7dd91112276be2b0d692e849dcd5c57c0fa269f8442e2f26b1eb3e74,3438d64ee7bca33ee2abdd4ea7451e7e764c5bd0c9c5f32ed5aa8bcbe588d162,1f49ae54d27bd48c59cbff2e1bc5bda3266324cab62865ad0e912e4312f2b581
depolarizing_04,depolarizing,0,14,5,depolarizing_04_r0_n14_b5,data/problems/evaluation/depolarizing_04_r0_n14_b5.npz,-17.28551984470224,-3.6874057539985223,17.28678035555979,17.281108454119714,17.28896087905408,,2002,6399209c7dd91112276be2b0d692e849dcd5c57c0fa269f8442e2f26b1eb3e74,3438d64ee7bca33ee2abdd4ea7451e7e764c5bd0c9c5f32ed5aa8bcbe588d162,c34a907a22262139281a80480e5f6d5afe05ce9bea5e4cc3a1f6d360f40e0ca0
depolarizing_04,depolarizing,1,8,3,depolarizing_04_r1_n8_b3,data/problems/evaluation/depolarizing_04_r1_n8_b3.npz,-9.420647427909532,-6.027733347087398,9.420908216168211,9.420908216168211,9.420908216168211,9.420908216168211,56,7c6b5b73cd58dcb33556bcbc34fc87f2db2083faa780967ff43f542a360b9e0b,37e8031da3a40e758995a6c569cfa25a417d130578fb7dd6cb1da3415b637f6e,1e8c924b2a2d34fbbe042ad7e6a0167938ee595445bdbc8ad5d24d24dff07b99
depolarizing_04,depolarizing,1,10,3,depolarizing_04_r1_n10_b3,data/problems/evaluation/depolarizing_04_r1_n10_b3.npz,-9.420647427909532,-2.5418897771009723,9.420908216168211,9.420908216168211,9.420908216168211,9.420908216168211,120,7c6b5b73cd58dcb33556bcbc34fc87f2db2083faa780967ff43f542a360b9e0b,37e8031da3a40e758995a6c569cfa25a417d130578fb7dd6cb1da3415b637f6e,dbcb11653fa80ec5cddabc2d75539e3fc9148ad22a9223bb618c0320a5ae8954
depolarizing_04,depolarizing,1,12,3,depolarizing_04_r1_n12_b3,data/problems/evaluation/depolarizing_04_r1_n12_b3.npz,-9.420647427909532,-2.5418897771009723,9.420908216168211,9.420908216168211,9.420908216168211,9.420908216168211,220,7c6b5b73cd58dcb33556bcbc34fc87f2db2083faa780967ff43f542a360b9e0b,37e8031da3a40e758995a6c569cfa25a417d130578fb7dd6cb1da3415b637f6e,47cdee934b57fc620ab32a0b3686d5d2277de4698d547e4261438dbca4631048
depolarizing_04,depolarizing,1,14,3,depolarizing_04_r1_n14_b3,data/problems/evaluation/depolarizing_04_r1_n14_b3.npz,-9.420647427909532,-2.5418897771009723,9.420908216168211,9.420908216168211,9.420908216168211,9.420908216168211,364,7c6b5b73cd58dcb33556bcbc34fc87f2db2083faa780967ff43f542a360b9e0b,37e8031da3a40e758995a6c569cfa25a417d130578fb7dd6cb1da3415b637f6e,72cfae36c973dc7afb9cd5a61a0ef1e2d746b9a8d46812e581412d470fa70d8b
depolarizing_04,depolarizing,1,14,5,depolarizing_04_r1_n14_b5,data/problems/evaluation/depolarizing_04_r1_n14_b5.npz,-14.068677991830452,-1.701461517625786,14.088926375741849,14.088440627372746,14.665833821311997,,2002,7c6b5b73cd58dcb33556bcbc34fc87f2db2083faa780967ff43f542a360b9e0b,37e8031da3a40e758995a6c569cfa25a417d130578fb7dd6cb1da3415b637f6e,d8e958b6064b381ea09d37e95b31d19ab9667506a8863ac33b8707915651e3c2
depolarizing_04,depolarizing,2,8,3,depolarizing_04_r2_n8_b3,data/problems/evaluation/depolarizing_04_r2_n8_b3.npz,-7.838625734752337,-2.260832509334511,7.844679651392298,7.844679651392298,7.838643612418466,7.844679651392298,56,ff16bfc9259c898fcaac6b825f62caffd60caae70889b020aff29a14de997b8a,50767cf152dc8ccab827b4fbbd811fe5e038d6cc3bba0cc7d028f7f7cca72ccc,0dcfd7499a8371c34c3b0b666a9fbce16fc453c9d5156bca83e4a9b20ab33aae
depolarizing_04,depolarizing,2,10,3,depolarizing_04_r2_n10_b3,data/problems/evaluation/depolarizing_04_r2_n10_b3.npz,-7.838625734752337,-2.260832509334511,7.844679651392298,7.844679651392298,7.838643612418466,7.844679651392298,120,ff16bfc9259c898fcaac6b825f62caffd60caae70889b020aff29a14de997b8a,50767cf152dc8ccab827b4fbbd811fe5e038d6cc3bba0cc7d028f7f7cca72ccc,9e77aa519f13dc2b0454f148ca270b734dfc9e344099b48f0b7ca3acf9886b3d
depolarizing_04,depolarizing,2,12,3,depolarizing_04_r2_n12_b3,data/problems/evaluation/depolarizing_04_r2_n12_b3.npz,-7.838625734752337,-2.260832509334511,7.844679651392298,7.844679651392298,7.838643612418466,7.844679651392298,220,ff16bfc9259c898fcaac6b825f62caffd60caae70889b020aff29a14de997b8a,50767cf152dc8ccab827b4fbbd811fe5e038d6cc3bba0cc7d028f7f7cca72ccc,3efbdac388890dee0b89c45fb7dc1c462a2742e77b78f5e8d4151222d892bcb1
depolarizing_04,depolarizing,2,14,3,depolarizing_04_r2_n14_b3,data/problems/evaluation/depolarizing_04_r2_n14_b3.npz,-7.838625734752337,-2.260832509334511,7.844679651392298,7.844679651392298,7.838643612418466,7.844679651392298,364,ff16bfc9259c898fcaac6b825f62caffd60caae70889b020aff29a14de997b8a,50767cf152dc8ccab827b4fbbd811fe5e038d6cc3bba0cc7d028f7f7cca72ccc,4073b8261cc398eea07c5e1432228fd92b89fe8e130e84956847e52812636f88
depolarizing_04,depolarizing,2,14,5,depolarizing_04_r2_n14_b5,data/problems/evaluation/depolarizing_04_r2_n14_b5.npz,-11.195815854336182,0.467502309319201,11.228004596469267,11.228004596469267,12.084109894269448,,2002,ff16bfc9259c898fcaac6b825f62caffd60caae70889b020aff29a14de997b8a,50767cf152dc8ccab827b4fbbd811fe5e038d6cc3bba0cc7d028f7f7cca72ccc,65b520b43ad08c2821fbf8675269542df3c4ffb23b2b69ec6668e77eb94217a4
